timestamp,machine_id,rpm,fuel_rate_lph,fuel_level_pct,hydraulic_psi,hydraulic_oil_temp_c,coolant_temp_c,oil_pressure_kpa,ground_speed_kph,proximity_m,payload_tons,seatbelt_latched,sensor_fault
2026-09-23 06:00:00,CAT-320-EXC-014,878,6.73,92.0,542.2,62.5,81.8,236.5,0.68,24.94,0.03,True,False
2026-09-23 06:00:00,CAT-745-ART-002,896,6.73,92.0,512.6,60.9,84.6,212.3,0.56,23.46,0.31,True,False
2026-09-23 06:00:00,CAT-D6-DOZ-008,873,6.63,92.0,627.1,62.7,85.2,238.6,0.36,24.27,0.14,True,False
2026-09-23 06:00:00,CAT-980-WLD-005,905,8.96,92.0,454.4,62.0,83.6,215.5,0.08,23.4,0.0,True,False
2026-09-23 06:00:05,CAT-320-EXC-014,892,6.33,91.95,543.8,61.1,83.7,211.6,0.14,22.51,0.0,True,False
2026-09-23 06:00:05,CAT-745-ART-002,896,6.72,91.95,261.2,65.1,83.6,197.5,0.03,24.07,0.0,True,False
2026-09-23 06:00:05,CAT-D6-DOZ-008,903,6.5,91.95,764.8,60.5,83.9,210.4,0.19,24.58,0.17,True,False
2026-09-23 06:00:05,CAT-980-WLD-005,872,7.69,91.95,705.4,61.6,84.9,244.2,0.56,25.08,0.0,True,False
2026-09-23 06:00:10,CAT-320-EXC-014,870,6.57,91.91,605.2,61.9,83.6,235.8,0.04,25.15,0.4,True,False
2026-09-23 06:00:10,CAT-745-ART-002,866,6.02,91.91,529.2,63.7,83.3,226.1,0.44,22.39,0.04,True,False
2026-09-23 06:00:10,CAT-D6-DOZ-008,890,6.17,91.91,648.6,63.1,82.6,247.7,0.29,24.67,0.0,True,False
2026-09-23 06:00:10,CAT-980-WLD-005,910,7.73,91.91,650.3,62.7,83.1,227.2,0.02,24.52,0.0,True,False
2026-09-23 06:00:15,CAT-320-EXC-014,897,5.73,91.86,597.9,63.4,83.2,228.8,0.01,24.09,0.31,True,False
2026-09-23 06:00:15,CAT-745-ART-002,855,6.06,91.86,902.8,62.2,85.2,218.3,0.26,23.88,0.0,True,False
2026-09-23 06:00:15,CAT-D6-DOZ-008,881,7.81,91.86,469.5,62.2,84.5,224.3,0.2,23.38,0.0,True,False
2026-09-23 06:00:15,CAT-980-WLD-005,885,8.54,91.86,566.2,61.5,83.0,259.7,0.0,24.19,0.0,True,False
2026-09-23 06:00:20,CAT-320-EXC-014,1761,31.63,91.82,4080.1,63.1,82.5,404.4,1.8,23.61,6.16,True,False
2026-09-23 06:00:20,CAT-745-ART-002,1781,33.52,91.82,4077.6,61.9,85.4,346.2,1.66,25.5,6.24,True,False
2026-09-23 06:00:20,CAT-D6-DOZ-008,1778,30.73,91.82,4145.3,62.0,83.2,397.8,1.78,24.04,5.53,True,False
2026-09-23 06:00:20,CAT-980-WLD-005,1726,30.56,91.82,4128.0,62.1,82.4,395.5,2.34,23.68,5.86,True,False
2026-09-23 06:00:25,CAT-320-EXC-014,1786,32.73,91.77,4246.2,63.6,83.7,385.7,2.1,23.35,7.36,True,False
2026-09-23 06:00:25,CAT-745-ART-002,1745,30.63,91.77,4173.2,64.2,82.6,377.3,1.99,24.71,7.06,True,False
2026-09-23 06:00:25,CAT-D6-DOZ-008,1765,30.41,91.77,4450.8,63.8,85.7,380.1,2.22,24.85,7.12,True,False
2026-09-23 06:00:25,CAT-980-WLD-005,1770,31.66,91.77,3928.1,63.1,84.7,404.7,2.17,23.88,6.7,True,False
2026-09-23 06:00:30,CAT-320-EXC-014,1756,32.32,91.72,4478.9,61.5,85.3,377.9,2.09,21.65,7.85,True,False
2026-09-23 06:00:30,CAT-745-ART-002,1742,33.11,91.72,4515.7,61.6,83.9,358.0,1.81,22.36,7.69,True,False
2026-09-23 06:00:30,CAT-D6-DOZ-008,1748,31.18,91.72,4435.0,63.5,84.2,386.4,1.95,23.49,7.95,True,False
2026-09-23 06:00:30,CAT-980-WLD-005,1765,31.79,91.72,4259.5,64.8,84.1,360.8,2.16,20.51,7.79,True,False
2026-09-23 06:00:35,CAT-320-EXC-014,1764,32.76,91.68,4520.1,62.5,84.0,355.8,1.75,23.15,8.26,True,False
2026-09-23 06:00:35,CAT-745-ART-002,1751,30.7,91.68,4249.7,62.1,85.4,367.9,1.95,24.12,8.62,True,False
2026-09-23 06:00:35,CAT-D6-DOZ-008,1747,31.95,91.68,4430.0,62.1,83.4,375.3,1.87,24.85,8.55,True,False
2026-09-23 06:00:35,CAT-980-WLD-005,1758,33.39,91.68,4228.6,62.5,85.3,424.8,2.0,23.07,8.73,True,False
2026-09-23 06:00:40,CAT-320-EXC-014,1757,33.06,91.63,4234.9,62.1,83.5,372.3,1.63,24.18,9.46,True,False
2026-09-23 06:00:40,CAT-745-ART-002,1770,31.64,91.63,4205.7,61.6,85.0,406.0,2.48,23.08,9.36,True,False
2026-09-23 06:00:40,CAT-D6-DOZ-008,1771,31.33,91.63,4625.3,62.4,85.0,344.4,1.61,24.12,9.45,True,False
2026-09-23 06:00:40,CAT-980-WLD-005,1736,32.61,91.63,4576.8,62.7,83.9,382.9,1.84,24.56,9.22,True,False
2026-09-23 06:00:45,CAT-320-EXC-014,1781,33.15,91.59,4381.1,59.7,83.6,397.9,2.25,22.45,9.36,True,False
2026-09-23 06:00:45,CAT-745-ART-002,1717,31.58,91.59,4330.8,60.8,84.0,386.9,2.11,22.89,8.99,True,False
2026-09-23 06:00:45,CAT-D6-DOZ-008,1761,31.31,91.59,4018.8,60.3,83.8,368.6,1.67,24.07,9.33,True,False
2026-09-23 06:00:45,CAT-980-WLD-005,1758,32.16,91.59,3919.6,60.9,83.4,365.5,1.68,25.4,9.61,True,False
2026-09-23 06:00:50,CAT-320-EXC-014,1764,34.25,91.54,4243.7,62.7,84.1,378.4,1.76,26.31,9.21,True,False
2026-09-23 06:00:50,CAT-745-ART-002,1770,32.16,91.54,4218.6,61.1,85.6,378.3,1.98,21.93,9.42,True,False
2026-09-23 06:00:50,CAT-D6-DOZ-008,1779,32.31,91.54,4593.7,60.9,82.8,386.9,1.66,25.05,8.91,True,False
2026-09-23 06:00:50,CAT-980-WLD-005,1737,33.49,91.54,4239.6,61.9,83.5,380.5,2.15,25.65,9.39,True,False
2026-09-23 06:00:55,CAT-320-EXC-014,1743,31.44,91.5,4309.3,61.1,84.2,364.5,1.65,25.43,8.79,True,False
2026-09-23 06:00:55,CAT-745-ART-002,1728,31.46,91.5,4035.1,61.7,83.4,362.4,1.82,21.82,9.02,True,False
2026-09-23 06:00:55,CAT-D6-DOZ-008,1797,31.4,91.5,4042.5,59.3,83.4,385.6,1.6,22.56,9.2,True,False
2026-09-23 06:00:55,CAT-980-WLD-005,1759,31.97,91.5,4161.1,62.1,83.6,405.7,1.76,23.5,9.34,True,False
2026-09-23 06:01:00,CAT-320-EXC-014,1756,30.65,91.45,4037.0,62.3,83.7,360.8,1.8,22.07,8.53,True,False
2026-09-23 06:01:00,CAT-745-ART-002,1788,33.35,91.45,4344.6,62.7,81.7,392.8,1.62,26.06,8.3,True,False
2026-09-23 06:01:00,CAT-D6-DOZ-008,1748,33.3,91.45,4360.5,62.1,83.6,381.3,1.9,26.65,8.2,True,False
2026-09-23 06:01:00,CAT-980-WLD-005,1777,30.25,91.45,4251.4,62.1,83.2,373.4,1.73,25.73,8.1,True,False
2026-09-23 06:01:05,CAT-320-EXC-014,1778,30.95,91.4,4337.6,60.8,84.1,358.5,1.97,23.91,7.44,True,False
2026-09-23 06:01:05,CAT-745-ART-002,1739,31.33,91.4,4106.9,61.9,82.5,390.9,1.93,23.35,7.41,True,False
2026-09-23 06:01:05,CAT-D6-DOZ-008,1755,33.47,91.4,4287.8,63.3,83.3,395.2,1.7,24.4,7.84,True,False
2026-09-23 06:01:05,CAT-980-WLD-005,1775,32.32,91.4,4225.8,60.1,81.9,413.0,1.97,25.19,7.83,True,False
2026-09-23 06:01:10,CAT-320-EXC-014,1765,32.94,91.36,4309.5,62.2,83.0,391.9,2.04,26.06,6.02,True,False
2026-09-23 06:01:10,CAT-745-ART-002,1777,32.49,91.36,4233.6,63.3,83.4,386.6,1.69,24.19,6.25,True,False
2026-09-23 06:01:10,CAT-D6-DOZ-008,1779,33.06,91.36,4284.5,61.1,84.4,393.6,1.77,21.9,6.12,True,False
2026-09-23 06:01:10,CAT-980-WLD-005,1763,33.27,91.36,4212.7,61.7,82.7,401.3,2.23,24.28,6.02,True,False
2026-09-23 06:01:15,CAT-320-EXC-014,1731,32.99,91.31,4219.2,60.0,83.4,393.0,1.65,23.9,5.43,True,False
2026-09-23 06:01:15,CAT-745-ART-002,1765,34.02,91.31,4071.8,61.2,84.3,403.2,2.14,26.76,5.38,True,False
2026-09-23 06:01:15,CAT-D6-DOZ-008,1772,30.69,91.31,4222.6,62.0,82.7,404.3,1.62,23.49,5.4,True,False
2026-09-23 06:01:15,CAT-980-WLD-005,1744,30.65,91.31,4147.2,64.7,84.1,387.7,1.77,25.54,5.31,True,False
2026-09-23 06:01:20,CAT-320-EXC-014,1781,31.86,91.27,3907.0,64.6,83.1,376.2,1.68,23.18,9.6,True,False
2026-09-23 06:01:20,CAT-745-ART-002,1763,32.58,91.27,4195.9,62.4,82.1,389.9,1.73,24.34,9.42,True,False
2026-09-23 06:01:20,CAT-D6-DOZ-008,1764,30.98,91.27,4082.1,64.9,84.8,401.4,2.29,25.93,8.96,True,False
2026-09-23 06:01:20,CAT-980-WLD-005,1773,32.38,91.27,3904.2,61.0,84.2,429.6,2.17,24.68,9.08,True,False
2026-09-23 06:01:25,CAT-320-EXC-014,1765,32.94,91.22,4158.5,62.3,83.9,388.7,1.98,25.0,8.71,True,False
2026-09-23 06:01:25,CAT-745-ART-002,1742,31.24,91.22,4069.7,62.3,82.6,372.4,2.22,25.23,8.16,True,False
2026-09-23 06:01:25,CAT-D6-DOZ-008,1741,34.17,91.22,4583.3,63.0,83.5,372.1,2.56,24.7,8.48,True,False
2026-09-23 06:01:25,CAT-980-WLD-005,1800,32.9,91.22,4326.7,63.8,85.3,340.0,2.29,24.94,8.36,True,False
2026-09-23 06:01:30,CAT-320-EXC-014,1755,32.35,91.17,4123.9,62.3,83.1,386.1,2.06,22.79,8.76,True,False
2026-09-23 06:01:30,CAT-745-ART-002,1765,31.55,91.17,4312.5,63.3,85.2,381.2,1.77,23.91,8.6,True,False
2026-09-23 06:01:30,CAT-D6-DOZ-008,1775,32.36,91.17,4241.1,62.5,84.7,359.3,1.82,24.2,8.72,True,False
2026-09-23 06:01:30,CAT-980-WLD-005,1759,31.93,91.17,4304.9,60.7,83.7,384.3,1.8,22.36,8.73,True,False
2026-09-23 06:01:35,CAT-320-EXC-014,1774,32.12,91.13,4284.2,61.7,84.7,366.7,1.8,23.9,9.26,True,False
2026-09-23 06:01:35,CAT-745-ART-002,1782,34.71,91.13,4254.4,61.9,83.3,374.3,2.13,25.11,9.35,True,False
2026-09-23 06:01:35,CAT-D6-DOZ-008,1757,32.37,91.13,4367.2,62.3,84.5,378.0,1.93,22.36,8.58,True,False
2026-09-23 06:01:35,CAT-980-WLD-005,1764,33.57,91.13,4460.4,63.3,82.9,379.0,1.96,25.79,8.56,True,False
2026-09-23 06:01:40,CAT-320-EXC-014,1751,31.54,91.08,4256.7,61.1,84.7,372.1,1.73,24.54,9.59,True,False
2026-09-23 06:01:40,CAT-745-ART-002,1778,32.82,91.08,3866.1,61.4,85.3,357.0,2.31,25.24,8.94,True,False
2026-09-23 06:01:40,CAT-D6-DOZ-008,1728,33.74,91.08,4370.9,63.1,84.1,389.4,1.66,22.5,8.76,True,False
2026-09-23 06:01:40,CAT-980-WLD-005,1720,32.51,91.08,4358.3,62.7,85.7,382.9,1.79,23.83,9.26,True,False
2026-09-23 06:01:45,CAT-320-EXC-014,1778,32.07,91.04,4206.9,62.2,83.3,381.7,1.65,24.24,9.0,True,False
2026-09-23 06:01:45,CAT-745-ART-002,1766,32.13,91.04,4149.2,62.8,85.2,363.9,2.79,24.03,8.76,True,False
2026-09-23 06:01:45,CAT-D6-DOZ-008,1795,33.64,91.04,4607.4,64.3,82.1,371.9,1.63,23.4,8.66,True,False
2026-09-23 06:01:45,CAT-980-WLD-005,1750,33.57,91.04,4231.8,61.1,82.0,381.3,2.44,22.16,9.08,True,False
2026-09-23 06:01:50,CAT-320-EXC-014,1784,31.51,90.99,4149.5,62.3,83.6,367.7,1.7,23.02,8.72,True,False
2026-09-23 06:01:50,CAT-745-ART-002,1756,32.3,90.99,3898.1,63.6,85.5,358.0,2.56,22.44,8.73,True,False
2026-09-23 06:01:50,CAT-D6-DOZ-008,1763,31.85,90.99,4507.7,62.3,84.1,397.3,1.66,24.54,8.5,True,False
2026-09-23 06:01:50,CAT-980-WLD-005,1772,32.53,90.99,4530.4,60.6,83.6,399.2,1.98,22.52,9.18,True,False
2026-09-23 06:01:55,CAT-320-EXC-014,1779,30.85,90.95,4246.2,64.7,84.3,371.8,2.05,21.31,8.49,True,False
2026-09-23 06:01:55,CAT-745-ART-002,1761,33.05,90.95,4354.5,60.0,84.8,385.0,2.96,25.21,8.48,True,False
2026-09-23 06:01:55,CAT-D6-DOZ-008,1719,33.91,90.95,3922.1,62.1,84.1,390.5,2.07,26.46,8.27,True,False
2026-09-23 06:01:55,CAT-980-WLD-005,1728,31.87,90.95,4189.8,61.5,84.0,352.0,1.62,24.04,8.75,True,False
2026-09-23 06:02:00,CAT-320-EXC-014,1772,33.38,90.9,4431.9,62.1,84.5,368.7,1.77,23.28,9.75,True,False
2026-09-23 06:02:00,CAT-745-ART-002,1754,30.45,90.9,4310.4,61.7,83.5,389.0,2.17,23.03,9.18,True,False
2026-09-23 06:02:00,CAT-D6-DOZ-008,1754,32.14,90.9,4288.8,62.4,85.2,370.1,1.73,26.99,9.33,True,False
2026-09-23 06:02:00,CAT-980-WLD-005,1727,32.25,90.9,4624.9,64.0,83.9,419.8,1.7,22.65,8.75,True,False
2026-09-23 06:02:05,CAT-320-EXC-014,1789,32.62,90.85,4352.1,62.1,84.8,392.7,1.84,22.69,8.45,True,False
2026-09-23 06:02:05,CAT-745-ART-002,1722,33.27,90.85,4097.3,62.5,84.8,371.3,1.84,23.74,8.87,True,False
2026-09-23 06:02:05,CAT-D6-DOZ-008,1772,30.15,90.85,4493.2,65.2,83.8,377.5,1.79,23.85,8.67,True,False
2026-09-23 06:02:05,CAT-980-WLD-005,1769,31.9,90.85,4331.5,63.7,85.6,407.1,2.33,22.35,8.13,True,False
2026-09-23 06:02:10,CAT-320-EXC-014,863,4.52,90.81,649.9,62.5,83.2,198.3,0.7,24.77,0.33,True,False
2026-09-23 06:02:10,CAT-745-ART-002,903,5.41,90.81,683.6,64.1,84.0,221.6,0.01,23.49,0.17,True,False
2026-09-23 06:02:10,CAT-D6-DOZ-008,920,6.27,90.81,501.6,61.4,84.2,212.8,0.69,25.28,0.02,True,False
2026-09-23 06:02:10,CAT-980-WLD-005,845,5.65,90.81,675.1,60.6,84.2,226.8,1.12,22.85,0.05,True,False
2026-09-23 06:02:15,CAT-320-EXC-014,908,7.91,90.76,426.3,64.7,84.6,186.5,0.13,23.49,0.4,True,False
2026-09-23 06:02:15,CAT-745-ART-002,880,5.18,90.76,598.3,61.3,84.9,230.4,0.72,24.14,0.28,True,False
2026-09-23 06:02:15,CAT-D6-DOZ-008,867,7.7,90.76,430.9,62.7,84.2,219.5,0.29,24.79,0.0,True,False
2026-09-23 06:02:15,CAT-980-WLD-005,880,7.13,90.76,764.6,60.6,84.9,204.7,0.44,23.12,0.0,True,False
2026-09-23 06:02:20,CAT-320-EXC-014,869,6.41,90.72,682.4,60.6,83.5,230.1,0.17,24.71,0.0,True,False
2026-09-23 06:02:20,CAT-745-ART-002,884,7.17,90.72,792.8,62.0,85.5,207.4,0.21,22.09,0.16,True,False
2026-09-23 06:02:20,CAT-D6-DOZ-008,886,7.28,90.72,366.7,62.4,84.4,235.1,0.08,24.62,0.0,True,False
2026-09-23 06:02:20,CAT-980-WLD-005,891,8.94,90.72,538.9,62.1,83.0,214.6,0.11,21.23,0.0,True,False
2026-09-23 06:02:25,CAT-320-EXC-014,835,7.03,90.67,769.2,62.3,84.3,234.1,0.86,23.08,0.38,True,False
2026-09-23 06:02:25,CAT-745-ART-002,863,8.56,90.67,612.6,63.0,83.3,194.2,0.04,23.27,0.38,True,False
2026-09-23 06:02:25,CAT-D6-DOZ-008,866,5.43,90.67,615.2,63.0,83.4,195.1,0.06,22.84,0.0,True,False
2026-09-23 06:02:25,CAT-980-WLD-005,881,6.07,90.67,533.4,58.3,82.2,207.0,0.23,23.35,0.19,True,False
2026-09-23 06:02:30,CAT-320-EXC-014,857,6.18,90.62,767.0,62.8,83.9,198.7,0.18,21.65,0.0,True,False
2026-09-23 06:02:30,CAT-745-ART-002,877,5.96,90.62,597.5,63.5,83.6,211.3,0.55,22.07,0.0,True,False
2026-09-23 06:02:30,CAT-D6-DOZ-008,864,5.61,90.62,732.1,63.0,86.1,224.2,0.29,25.49,0.32,True,False
2026-09-23 06:02:30,CAT-980-WLD-005,885,7.7,90.62,645.8,61.7,84.6,222.5,0.02,24.56,0.0,True,False
2026-09-23 06:02:35,CAT-320-EXC-014,1241,6.44,90.58,770.9,60.9,83.7,376.5,8.0,24.78,0.36,True,False
2026-09-23 06:02:35,CAT-745-ART-002,1268,6.6,90.58,698.7,62.6,83.2,409.3,7.51,22.97,0.14,True,False
2026-09-23 06:02:35,CAT-D6-DOZ-008,1284,8.29,90.58,713.5,60.9,83.8,360.1,7.73,24.73,0.0,True,False
2026-09-23 06:02:35,CAT-980-WLD-005,1264,4.91,90.58,868.3,62.6,84.8,391.2,7.76,26.86,0.19,True,False
2026-09-23 06:02:40,CAT-320-EXC-014,1262,7.8,90.53,728.6,62.7,81.9,354.5,7.78,24.41,0.06,True,False
2026-09-23 06:02:40,CAT-745-ART-002,1255,7.4,90.53,806.4,62.6,85.8,389.4,7.94,23.0,0.0,True,False
2026-09-23 06:02:40,CAT-D6-DOZ-008,1251,5.53,90.53,414.5,62.4,84.1,379.7,7.98,22.43,0.1,True,False
2026-09-23 06:02:40,CAT-980-WLD-005,1281,4.38,90.53,444.8,61.4,83.8,396.6,7.67,20.99,0.0,True,False
2026-09-23 06:02:45,CAT-320-EXC-014,1287,6.92,90.49,864.8,62.0,86.6,361.4,7.56,22.34,0.25,True,False
2026-09-23 06:02:45,CAT-745-ART-002,1227,7.98,90.49,716.5,61.3,85.1,374.2,8.28,23.04,0.0,True,False
2026-09-23 06:02:45,CAT-D6-DOZ-008,1282,5.39,90.49,595.5,61.9,86.2,357.0,7.74,22.0,0.0,True,False
2026-09-23 06:02:45,CAT-980-WLD-005,1272,8.24,90.49,585.8,63.0,84.2,375.2,7.64,23.63,0.0,True,False
2026-09-23 06:02:50,CAT-320-EXC-014,853,6.14,90.44,522.4,61.9,85.8,211.5,0.24,24.29,0.0,True,False
2026-09-23 06:02:50,CAT-745-ART-002,918,5.35,90.44,546.0,60.2,84.6,204.0,1.01,23.85,0.15,True,False
2026-09-23 06:02:50,CAT-D6-DOZ-008,867,5.28,90.44,433.8,63.0,84.6,198.6,0.5,24.38,0.0,True,False
2026-09-23 06:02:50,CAT-980-WLD-005,940,7.06,90.44,931.1,64.8,83.5,230.6,0.65,23.63,0.05,True,False
2026-09-23 06:02:55,CAT-320-EXC-014,871,5.64,90.39,485.7,63.7,84.9,229.3,0.3,25.02,0.0,True,False
2026-09-23 06:02:55,CAT-745-ART-002,882,6.42,90.39,599.1,61.2,85.4,207.1,0.19,21.49,0.25,True,False
2026-09-23 06:02:55,CAT-D6-DOZ-008,910,4.62,90.39,850.5,62.4,84.9,205.7,0.12,23.3,0.31,True,False
2026-09-23 06:02:55,CAT-980-WLD-005,894,4.75,90.39,476.2,62.2,85.5,223.9,0.02,24.24,0.02,True,False
2026-09-23 06:03:00,CAT-320-EXC-014,879,6.04,90.35,573.2,61.3,84.5,213.9,0.18,21.95,0.0,True,False
2026-09-23 06:03:00,CAT-745-ART-002,876,6.91,90.35,592.9,62.5,86.6,233.1,0.11,25.51,0.0,True,False
2026-09-23 06:03:00,CAT-D6-DOZ-008,872,6.73,90.35,770.8,63.9,83.6,240.5,0.5,25.0,0.13,True,False
2026-09-23 06:03:00,CAT-980-WLD-005,896,6.95,90.35,508.1,61.5,83.8,226.2,0.24,24.31,0.0,True,False
2026-09-23 06:03:05,CAT-320-EXC-014,1784,31.36,90.3,4229.2,61.0,83.3,382.0,1.82,22.49,5.01,True,False
2026-09-23 06:03:05,CAT-745-ART-002,1798,31.56,90.3,4308.7,63.7,85.3,407.8,2.1,24.44,5.06,True,False
2026-09-23 06:03:05,CAT-D6-DOZ-008,1787,30.75,90.3,4504.4,62.4,82.3,385.1,1.9,23.94,4.95,True,False
2026-09-23 06:03:05,CAT-980-WLD-005,1767,31.61,90.3,4419.2,61.6,83.8,387.3,1.68,23.63,5.41,True,False
2026-09-23 06:03:10,CAT-320-EXC-014,1767,30.26,90.26,4331.7,61.6,83.2,395.6,1.87,24.17,6.15,True,False
2026-09-23 06:03:10,CAT-745-ART-002,1765,32.46,90.26,4172.4,63.5,84.8,395.4,1.66,21.8,6.62,True,False
2026-09-23 06:03:10,CAT-D6-DOZ-008,1787,30.15,90.26,4241.9,60.6,86.3,375.7,1.85,24.37,5.93,True,False
2026-09-23 06:03:10,CAT-980-WLD-005,1786,29.69,90.26,4304.7,63.2,85.4,366.1,1.88,22.09,6.38,True,False
2026-09-23 06:03:15,CAT-320-EXC-014,1755,34.23,90.21,4114.4,62.3,85.4,347.0,2.35,22.35,7.27,True,False
2026-09-23 06:03:15,CAT-745-ART-002,1729,32.21,90.21,4464.9,62.3,84.5,393.8,2.3,24.53,7.06,True,False
2026-09-23 06:03:15,CAT-D6-DOZ-008,1767,34.02,90.21,4303.4,62.2,85.3,387.0,2.14,22.71,7.36,True,False
2026-09-23 06:03:15,CAT-980-WLD-005,1720,30.45,90.21,4291.9,62.8,84.8,371.6,1.73,25.68,7.44,True,False
2026-09-23 06:03:20,CAT-320-EXC-014,1772,33.75,90.17,3772.3,62.9,84.9,364.2,1.72,23.53,8.13,True,False
2026-09-23 06:03:20,CAT-745-ART-002,1727,31.93,90.17,4131.8,63.5,84.7,375.7,2.0,23.01,7.92,True,False
2026-09-23 06:03:20,CAT-D6-DOZ-008,1762,30.83,90.17,4402.6,62.1,84.3,406.4,1.83,21.84,8.39,True,False
2026-09-23 06:03:20,CAT-980-WLD-005,1780,32.12,90.17,4431.8,63.1,85.1,360.6,1.61,25.45,8.48,True,False
2026-09-23 06:03:25,CAT-320-EXC-014,1780,30.48,90.12,4176.4,62.8,83.1,384.1,2.16,23.58,9.09,True,False
2026-09-23 06:03:25,CAT-745-ART-002,1788,30.51,90.12,4062.5,64.3,82.4,375.7,2.06,24.22,8.76,True,False
2026-09-23 06:03:25,CAT-D6-DOZ-008,1756,31.45,90.12,4494.0,63.0,83.5,400.0,2.25,25.64,8.64,True,False
2026-09-23 06:03:25,CAT-980-WLD-005,1769,32.65,90.12,3903.5,62.1,83.9,372.6,1.96,22.9,8.78,True,False
2026-09-23 06:03:30,CAT-320-EXC-014,1805,32.44,90.07,3885.4,60.6,83.2,371.1,1.8,23.14,9.44,True,False
2026-09-23 06:03:30,CAT-745-ART-002,1745,31.12,90.07,4215.5,61.0,82.6,366.2,1.85,25.03,9.61,True,False
2026-09-23 06:03:30,CAT-D6-DOZ-008,1725,32.81,90.07,4324.7,60.8,84.5,379.2,2.14,21.85,9.2,True,False
2026-09-23 06:03:30,CAT-980-WLD-005,1761,32.28,90.07,4490.8,64.3,84.8,369.2,2.04,22.61,9.41,True,False
2026-09-23 06:03:35,CAT-320-EXC-014,1750,31.86,90.03,4434.3,62.8,84.4,350.6,1.64,22.15,9.4,True,False
2026-09-23 06:03:35,CAT-745-ART-002,1788,31.83,90.03,4230.7,61.0,84.5,357.1,2.23,23.48,9.32,True,False
2026-09-23 06:03:35,CAT-D6-DOZ-008,1758,30.61,90.03,4206.2,61.5,85.0,390.4,2.07,25.81,9.37,True,False
2026-09-23 06:03:35,CAT-980-WLD-005,1780,33.52,90.03,4300.2,64.3,86.3,379.6,1.95,22.73,9.11,True,False
2026-09-23 06:03:40,CAT-320-EXC-014,1765,31.01,89.98,4113.2,62.3,83.8,376.7,1.89,25.66,9.21,True,False
2026-09-23 06:03:40,CAT-745-ART-002,1771,31.86,89.98,4257.7,62.6,83.9,419.3,1.62,24.59,9.17,True,False
2026-09-23 06:03:40,CAT-D6-DOZ-008,1774,30.84,89.98,4333.0,61.9,84.0,360.2,2.09,21.87,8.89,True,False
2026-09-23 06:03:40,CAT-980-WLD-005,1730,30.75,89.98,4130.4,62.3,84.9,394.4,2.34,21.96,9.26,True,False
2026-09-23 06:03:45,CAT-320-EXC-014,1757,32.58,89.94,4131.0,62.7,84.2,375.8,1.61,24.62,9.03,True,False
2026-09-23 06:03:45,CAT-745-ART-002,1780,33.17,89.94,4097.4,63.0,85.5,375.9,1.74,23.91,8.32,True,False
2026-09-23 06:03:45,CAT-D6-DOZ-008,1762,31.22,89.94,3955.0,63.7,85.4,406.9,1.85,24.6,8.41,True,False
2026-09-23 06:03:45,CAT-980-WLD-005,1789,31.79,89.94,4054.2,63.7,84.7,376.8,1.92,23.89,8.48,True,False
2026-09-23 06:03:50,CAT-320-EXC-014,1733,33.81,89.89,4455.1,60.9,85.9,397.2,1.66,24.95,7.65,True,False
2026-09-23 06:03:50,CAT-745-ART-002,1766,32.56,89.89,4395.6,62.0,85.1,396.4,1.71,26.14,8.07,True,False
2026-09-23 06:03:50,CAT-D6-DOZ-008,1753,30.71,89.89,4217.7,62.5,84.2,352.8,1.71,24.84,7.87,True,False
2026-09-23 06:03:50,CAT-980-WLD-005,1742,32.11,89.89,4226.3,62.8,84.5,375.1,1.77,24.37,8.0,True,False
2026-09-23 06:03:55,CAT-320-EXC-014,1769,32.47,89.84,4315.5,62.2,85.2,388.4,2.45,24.07,7.09,True,False
2026-09-23 06:03:55,CAT-745-ART-002,1767,31.4,89.84,3861.8,61.8,83.9,352.9,1.71,22.33,6.65,True,False
2026-09-23 06:03:55,CAT-D6-DOZ-008,1798,31.25,89.84,4273.5,62.8,84.7,404.0,1.7,26.69,7.22,True,False
2026-09-23 06:03:55,CAT-980-WLD-005,1751,31.7,89.84,4319.4,62.2,84.1,399.8,1.65,23.71,6.65,True,False
2026-09-23 06:04:00,CAT-320-EXC-014,1779,30.11,89.8,4088.8,61.8,82.5,382.3,2.11,25.02,6.3,True,False
2026-09-23 06:04:00,CAT-745-ART-002,1753,32.39,89.8,4162.8,61.4,84.1,409.3,1.91,24.57,5.61,True,False
2026-09-23 06:04:00,CAT-D6-DOZ-008,1774,30.58,89.8,4345.9,59.9,83.1,389.6,2.4,23.19,5.64,True,False
2026-09-23 06:04:00,CAT-980-WLD-005,1742,33.14,89.8,4151.6,62.7,86.7,365.0,1.88,22.68,6.04,True,False
2026-09-23 06:04:05,CAT-320-EXC-014,1725,31.55,89.75,3983.6,61.2,83.6,368.4,1.67,25.01,9.46,True,False
2026-09-23 06:04:05,CAT-745-ART-002,1743,33.47,89.75,4403.0,62.4,84.5,392.0,2.42,21.12,9.02,True,False
2026-09-23 06:04:05,CAT-D6-DOZ-008,1752,31.83,89.75,4094.2,60.7,85.0,392.0,1.88,22.99,9.29,True,False
2026-09-23 06:04:05,CAT-980-WLD-005,1770,32.25,89.75,4360.1,61.8,86.3,401.0,2.34,24.18,8.99,True,False
2026-09-23 06:04:10,CAT-320-EXC-014,1754,31.2,89.71,4062.3,63.1,84.7,362.8,1.88,23.7,8.67,True,False
2026-09-23 06:04:10,CAT-745-ART-002,1743,31.93,89.71,4425.6,63.2,83.7,374.7,2.23,24.65,8.7,True,False
2026-09-23 06:04:10,CAT-D6-DOZ-008,1760,33.53,89.71,4445.8,65.9,85.2,397.2,2.09,25.67,9.28,True,False
2026-09-23 06:04:10,CAT-980-WLD-005,1803,32.45,89.71,4295.6,62.5,85.4,381.8,1.75,26.79,9.43,True,False
2026-09-23 06:04:15,CAT-320-EXC-014,1776,31.07,89.66,4279.5,62.6,83.0,379.6,1.66,24.02,9.16,True,False
2026-09-23 06:04:15,CAT-745-ART-002,1760,32.04,89.66,4233.2,63.4,84.6,391.6,1.88,24.35,8.43,True,False
2026-09-23 06:04:15,CAT-D6-DOZ-008,1790,33.71,89.66,4302.9,61.2,85.4,401.8,2.06,25.54,8.71,True,False
2026-09-23 06:04:15,CAT-980-WLD-005,1722,30.32,89.66,4588.1,61.4,83.5,344.0,1.75,24.67,8.43,True,False
2026-09-23 06:04:20,CAT-320-EXC-014,1791,34.12,89.62,4011.8,63.0,85.2,375.4,2.42,25.89,8.53,True,False
2026-09-23 06:04:20,CAT-745-ART-002,1732,32.0,89.62,4073.9,62.2,84.1,393.0,2.05,25.15,9.07,True,False
2026-09-23 06:04:20,CAT-D6-DOZ-008,1775,30.99,89.62,4195.6,61.7,83.8,381.3,1.81,24.91,9.28,True,False
2026-09-23 06:04:20,CAT-980-WLD-005,1731,31.88,89.62,4543.4,61.4,83.7,356.8,1.87,23.15,8.88,True,False
2026-09-23 06:04:25,CAT-320-EXC-014,1756,31.97,89.57,4220.3,63.2,86.1,354.6,2.08,22.19,8.99,True,False
2026-09-23 06:04:25,CAT-745-ART-002,1792,31.32,89.57,4028.5,60.6,84.8,359.6,1.78,24.12,9.38,True,False
2026-09-23 06:04:25,CAT-D6-DOZ-008,1782,32.15,89.57,4261.1,62.1,84.0,356.2,2.46,23.58,8.67,True,False
2026-09-23 06:04:25,CAT-980-WLD-005,1776,30.99,89.57,4116.6,63.3,84.0,373.4,2.14,23.14,9.17,True,False
2026-09-23 06:04:30,CAT-320-EXC-014,1757,33.09,89.52,4456.8,62.9,84.4,365.1,2.46,23.9,9.17,True,False
2026-09-23 06:04:30,CAT-745-ART-002,1789,30.78,89.52,4112.0,63.0,82.3,392.7,1.92,23.89,9.27,True,False
2026-09-23 06:04:30,CAT-D6-DOZ-008,1753,33.78,89.52,4310.3,62.3,83.4,392.4,1.87,22.98,8.5,True,False
2026-09-23 06:04:30,CAT-980-WLD-005,1761,31.03,89.52,4158.0,62.6,83.4,373.7,1.64,22.77,9.23,True,False
2026-09-23 06:04:35,CAT-320-EXC-014,1700,30.71,89.48,4043.7,61.8,83.9,404.9,2.13,24.06,8.71,True,False
2026-09-23 06:04:35,CAT-745-ART-002,1769,33.28,89.48,3751.6,61.9,83.3,383.5,1.7,26.21,9.28,True,False
2026-09-23 06:04:35,CAT-D6-DOZ-008,1765,31.79,89.48,4298.4,64.6,84.3,378.7,1.72,22.98,9.0,True,False
2026-09-23 06:04:35,CAT-980-WLD-005,1770,30.9,89.48,4285.3,62.6,84.3,369.0,1.6,24.23,9.43,True,False
2026-09-23 06:04:40,CAT-320-EXC-014,1737,31.19,89.43,3841.2,61.2,85.2,418.0,2.12,24.25,8.8,True,False
2026-09-23 06:04:40,CAT-745-ART-002,1764,33.18,89.43,4184.9,64.7,85.4,394.5,1.84,23.8,8.65,True,False
2026-09-23 06:04:40,CAT-D6-DOZ-008,1807,34.29,89.43,4191.7,61.7,84.2,381.3,2.48,22.48,8.53,True,False
2026-09-23 06:04:40,CAT-980-WLD-005,1747,31.6,89.43,4281.3,63.3,84.1,370.3,1.66,24.6,8.77,True,False
2026-09-23 06:04:45,CAT-320-EXC-014,1750,31.06,89.39,4342.8,60.9,83.9,415.0,1.69,24.47,9.59,True,False
2026-09-23 06:04:45,CAT-745-ART-002,1758,30.92,89.39,4455.8,61.9,82.4,388.5,1.85,24.01,8.33,True,False
2026-09-23 06:04:45,CAT-D6-DOZ-008,1740,32.34,89.39,4323.4,64.7,83.1,387.7,2.0,24.85,8.78,True,False
2026-09-23 06:04:45,CAT-980-WLD-005,1746,31.28,89.39,4153.7,62.1,83.6,377.6,2.23,24.82,9.43,True,False
2026-09-23 06:04:50,CAT-320-EXC-014,1746,31.46,89.34,4120.9,64.3,86.0,329.8,2.07,23.91,8.94,True,False
2026-09-23 06:04:50,CAT-745-ART-002,1748,32.87,89.34,4247.1,64.4,83.7,399.9,1.86,22.75,9.03,True,False
2026-09-23 06:04:50,CAT-D6-DOZ-008,1742,30.79,89.34,4280.2,64.7,85.5,379.7,2.23,23.8,8.46,True,False
2026-09-23 06:04:50,CAT-980-WLD-005,1803,31.79,89.34,4169.9,62.2,83.7,428.8,1.97,21.29,8.66,True,False
2026-09-23 06:04:55,CAT-320-EXC-014,924,6.17,89.29,693.9,63.5,84.4,207.4,0.28,25.09,0.0,True,False
2026-09-23 06:04:55,CAT-745-ART-002,879,6.84,89.29,790.1,62.5,83.8,223.1,0.2,23.97,0.38,True,False
2026-09-23 06:04:55,CAT-D6-DOZ-008,862,4.04,89.29,592.3,63.1,84.3,203.8,0.07,23.34,0.22,True,False
2026-09-23 06:04:55,CAT-980-WLD-005,854,7.09,89.29,597.6,62.0,83.5,240.4,0.5,25.42,0.0,True,False
2026-09-23 06:05:00,CAT-320-EXC-014,880,6.88,89.25,401.1,62.8,84.6,189.8,0.04,22.17,0.16,True,False
2026-09-23 06:05:00,CAT-745-ART-002,866,7.54,89.25,907.0,63.5,82.5,223.5,0.08,23.7,0.0,True,False
2026-09-23 06:05:00,CAT-D6-DOZ-008,897,5.43,89.25,677.6,64.5,85.3,251.6,0.57,23.37,0.06,True,False
2026-09-23 06:05:00,CAT-980-WLD-005,827,6.15,89.25,437.4,63.7,83.2,198.9,0.23,23.05,0.0,True,False
2026-09-23 06:05:05,CAT-320-EXC-014,881,5.4,89.2,718.6,63.3,84.7,228.7,1.14,23.53,0.0,True,False
2026-09-23 06:05:05,CAT-745-ART-002,918,4.47,89.2,627.7,63.9,85.1,255.8,0.15,24.46,0.38,True,False
2026-09-23 06:05:05,CAT-D6-DOZ-008,872,7.47,89.2,1018.2,62.0,85.1,224.3,0.23,25.0,0.03,True,False
2026-09-23 06:05:05,CAT-980-WLD-005,877,4.77,89.2,545.2,60.5,85.0,231.2,0.11,23.98,0.38,True,False
2026-09-23 06:05:10,CAT-320-EXC-014,875,4.4,89.16,651.7,65.2,84.8,230.5,0.6,22.63,0.0,True,False
2026-09-23 06:05:10,CAT-745-ART-002,851,8.05,89.16,764.1,63.1,82.7,204.4,0.25,24.98,0.06,True,False
2026-09-23 06:05:10,CAT-D6-DOZ-008,866,7.67,89.16,617.0,62.3,87.2,235.6,0.11,23.47,0.4,True,False
2026-09-23 06:05:10,CAT-980-WLD-005,865,8.02,89.16,500.3,64.5,84.3,230.0,0.38,22.21,0.0,True,False
2026-09-23 06:05:15,CAT-320-EXC-014,864,5.55,89.11,928.0,62.7,85.2,222.0,0.18,22.16,0.0,True,False
2026-09-23 06:05:15,CAT-745-ART-002,894,6.1,89.11,675.3,63.6,86.4,202.6,0.35,22.82,0.0,True,False
2026-09-23 06:05:15,CAT-D6-DOZ-008,842,6.38,89.11,894.4,62.5,82.9,245.2,0.03,24.73,0.4,True,False
2026-09-23 06:05:15,CAT-980-WLD-005,829,6.85,89.11,764.0,63.5,85.6,239.3,0.06,23.04,0.13,True,False
2026-09-23 06:05:20,CAT-320-EXC-014,1246,5.31,89.06,764.3,63.6,83.5,368.1,7.55,24.11,0.0,True,False
2026-09-23 06:05:20,CAT-745-ART-002,1286,5.54,89.06,518.8,62.6,83.6,368.0,7.84,22.8,0.0,True,False
2026-09-23 06:05:20,CAT-D6-DOZ-008,1264,6.47,89.06,553.1,62.1,83.5,373.0,7.51,23.45,0.0,True,False
2026-09-23 06:05:20,CAT-980-WLD-005,1281,5.77,89.06,488.1,61.8,82.8,386.7,7.88,24.8,0.0,True,False
2026-09-23 06:05:25,CAT-320-EXC-014,1297,5.42,89.02,918.4,63.8,83.9,382.9,7.7,22.49,0.0,True,False
2026-09-23 06:05:25,CAT-745-ART-002,1235,6.63,89.02,702.9,62.7,84.3,359.0,7.64,24.76,0.0,True,False
2026-09-23 06:05:25,CAT-D6-DOZ-008,1233,7.94,89.02,306.1,63.3,84.0,367.9,7.57,23.69,0.0,True,False
2026-09-23 06:05:25,CAT-980-WLD-005,1234,6.66,89.02,574.0,62.9,85.4,387.1,8.29,23.32,0.1,True,False
2026-09-23 06:05:30,CAT-320-EXC-014,1263,7.78,88.97,632.9,63.5,83.4,379.6,7.54,22.17,0.09,True,False
2026-09-23 06:05:30,CAT-745-ART-002,1251,4.05,88.97,384.2,62.1,83.8,366.4,7.69,21.15,0.0,True,False
2026-09-23 06:05:30,CAT-D6-DOZ-008,1207,8.09,88.97,554.7,62.4,85.2,354.9,8.04,24.94,0.0,True,False
2026-09-23 06:05:30,CAT-980-WLD-005,1275,7.94,88.97,762.0,64.3,84.0,432.7,7.68,24.14,0.0,True,False
2026-09-23 06:05:35,CAT-320-EXC-014,1264,6.52,88.93,585.6,63.1,85.1,388.0,7.61,22.77,0.0,True,False
2026-09-23 06:05:35,CAT-745-ART-002,1251,7.69,88.93,725.4,62.5,85.3,379.0,7.6,23.8,0.4,True,False
2026-09-23 06:05:35,CAT-D6-DOZ-008,1241,8.43,88.93,515.6,61.5,83.5,388.4,8.56,22.72,0.23,True,False
2026-09-23 06:05:35,CAT-980-WLD-005,1261,9.19,88.93,589.5,63.2,83.5,402.3,7.91,25.05,0.0,True,False
2026-09-23 06:05:40,CAT-320-EXC-014,871,7.68,88.88,503.4,61.8,84.3,228.6,0.35,23.69,0.32,True,False
2026-09-23 06:05:40,CAT-745-ART-002,873,5.39,88.88,394.3,62.9,82.9,218.6,1.02,24.2,0.02,True,False
2026-09-23 06:05:40,CAT-D6-DOZ-008,850,5.95,88.88,583.7,62.9,84.7,233.6,0.67,24.9,0.09,True,False
2026-09-23 06:05:40,CAT-980-WLD-005,893,6.27,88.88,550.1,63.1,84.3,191.4,0.36,24.94,0.0,True,False
2026-09-23 06:05:45,CAT-320-EXC-014,897,5.17,88.84,550.9,62.3,82.6,224.6,0.04,23.38,0.17,True,False
2026-09-23 06:05:45,CAT-745-ART-002,877,6.7,88.84,505.2,65.2,86.3,236.8,0.32,23.96,0.05,True,False
2026-09-23 06:05:45,CAT-D6-DOZ-008,896,5.73,88.84,883.3,60.2,85.2,240.7,1.0,25.43,0.0,True,False
2026-09-23 06:05:45,CAT-980-WLD-005,859,6.53,88.84,666.6,62.2,83.6,212.6,0.23,22.11,0.18,True,False
2026-09-23 06:05:50,CAT-320-EXC-014,821,7.69,88.79,200.0,62.4,84.0,201.7,0.36,23.51,0.0,True,False
2026-09-23 06:05:50,CAT-745-ART-002,827,6.85,88.79,559.8,63.0,84.3,217.9,0.55,24.38,0.4,True,False
2026-09-23 06:05:50,CAT-D6-DOZ-008,899,5.47,88.79,305.6,61.6,84.0,251.0,0.06,24.66,0.0,True,False
2026-09-23 06:05:50,CAT-980-WLD-005,887,9.02,88.79,571.7,62.8,83.8,243.4,0.09,22.94,0.32,True,False
2026-09-23 06:05:55,CAT-320-EXC-014,1742,30.14,88.74,4020.4,63.7,85.3,390.1,2.17,24.13,5.78,True,False
2026-09-23 06:05:55,CAT-745-ART-002,1785,33.27,88.74,4358.6,62.3,84.8,395.1,1.95,23.17,5.49,True,False
2026-09-23 06:05:55,CAT-D6-DOZ-008,1775,32.03,88.74,4718.0,62.9,83.8,345.5,1.85,22.89,5.42,True,False
2026-09-23 06:05:55,CAT-980-WLD-005,1792,32.19,88.74,4568.9,62.6,83.5,356.4,2.25,23.85,5.7,True,False
2026-09-23 06:06:00,CAT-320-EXC-014,1750,32.18,88.7,4334.3,62.6,84.2,418.2,1.78,25.57,6.43,True,False
2026-09-23 06:06:00,CAT-745-ART-002,1792,29.92,88.7,4049.5,62.8,83.6,375.2,2.28,24.54,6.79,True,False
2026-09-23 06:06:00,CAT-D6-DOZ-008,1762,32.15,88.7,4350.5,62.7,84.7,368.0,2.44,22.97,6.59,True,False
2026-09-23 06:06:00,CAT-980-WLD-005,1751,30.3,88.7,4490.2,62.7,85.2,358.5,2.04,25.95,6.4,True,False
2026-09-23 06:06:05,CAT-320-EXC-014,1757,33.14,88.65,4599.5,62.1,84.1,407.2,1.66,24.72,7.91,True,False
2026-09-23 06:06:05,CAT-745-ART-002,1740,30.71,88.65,4143.0,64.5,83.9,345.0,2.13,22.14,7.46,True,False
2026-09-23 06:06:05,CAT-D6-DOZ-008,1777,32.7,88.65,4166.2,62.8,83.4,355.0,2.23,25.83,8.14,True,False
2026-09-23 06:06:05,CAT-980-WLD-005,1799,32.41,88.65,4498.2,63.4,83.8,377.8,2.29,21.98,8.07,True,False
2026-09-23 06:06:10,CAT-320-EXC-014,1793,32.94,88.61,4019.9,63.0,83.6,380.6,2.07,25.27,8.71,True,False
2026-09-23 06:06:10,CAT-745-ART-002,1772,33.32,88.61,4177.2,62.0,82.7,394.9,1.62,24.1,8.58,True,False
2026-09-23 06:06:10,CAT-D6-DOZ-008,1775,33.91,88.61,4392.0,62.6,84.0,379.7,1.66,23.39,8.13,True,False
2026-09-23 06:06:10,CAT-980-WLD-005,1800,32.33,88.61,4073.1,62.2,82.8,385.7,1.7,23.15,8.83,True,False
2026-09-23 06:06:15,CAT-320-EXC-014,1711,31.98,88.56,3997.3,63.4,84.1,366.8,2.27,24.62,8.82,True,False
2026-09-23 06:06:15,CAT-745-ART-002,1724,31.19,88.56,4478.5,64.9,84.5,379.8,2.37,23.9,9.08,True,False
2026-09-23 06:06:15,CAT-D6-DOZ-008,1762,33.64,88.56,4140.5,61.3,83.1,379.2,2.41,23.97,8.88,True,False
2026-09-23 06:06:15,CAT-980-WLD-005,1764,31.29,88.56,4527.8,63.2,84.1,367.4,2.02,22.5,9.13,True,False
2026-09-23 06:06:20,CAT-320-EXC-014,1762,31.95,88.51,4145.6,63.4,83.4,398.6,1.91,25.61,9.65,True,False
2026-09-23 06:06:20,CAT-745-ART-002,1713,31.36,88.51,4121.7,64.6,84.2,374.1,1.76,23.65,9.34,True,False
2026-09-23 06:06:20,CAT-D6-DOZ-008,1758,32.76,88.51,4340.3,62.8,82.3,379.3,1.79,25.2,9.15,True,False
2026-09-23 06:06:20,CAT-980-WLD-005,1768,33.38,88.51,4045.9,65.0,82.7,357.7,1.63,23.82,9.77,True,False
2026-09-23 06:06:25,CAT-320-EXC-014,1751,33.95,88.47,4537.4,63.5,84.6,377.4,1.89,24.66,9.71,True,False
2026-09-23 06:06:25,CAT-745-ART-002,1732,31.49,88.47,4289.5,63.7,82.6,354.8,1.81,25.37,9.49,True,False
2026-09-23 06:06:25,CAT-D6-DOZ-008,1792,31.58,88.47,4122.3,63.7,83.7,354.8,2.1,22.35,9.5,True,False
2026-09-23 06:06:25,CAT-980-WLD-005,1762,30.52,88.47,4471.7,63.0,84.0,412.6,1.78,25.99,8.95,True,False
2026-09-23 06:06:30,CAT-320-EXC-014,1760,30.51,88.42,4246.3,62.4,83.5,396.6,1.67,23.44,8.83,True,False
2026-09-23 06:06:30,CAT-745-ART-002,1726,30.77,88.42,4128.4,63.6,83.4,382.4,1.93,23.11,9.44,True,False
2026-09-23 06:06:30,CAT-D6-DOZ-008,1738,31.7,88.42,3737.8,64.1,85.0,379.7,1.79,23.51,8.85,True,False
2026-09-23 06:06:30,CAT-980-WLD-005,1766,33.7,88.42,4129.9,63.2,86.0,387.1,1.63,22.78,8.85,True,False
2026-09-23 06:06:35,CAT-320-EXC-014,1739,31.65,88.38,4147.5,61.3,86.0,384.0,1.81,22.46,8.49,True,False
2026-09-23 06:06:35,CAT-745-ART-002,1782,31.15,88.38,4326.4,63.1,84.9,385.0,2.16,23.89,8.05,True,False
2026-09-23 06:06:35,CAT-D6-DOZ-008,1755,30.56,88.38,4347.1,64.7,84.4,360.6,1.72,25.08,8.47,True,False
2026-09-23 06:06:35,CAT-980-WLD-005,1769,32.81,88.38,3995.5,62.3,84.4,370.6,2.0,24.21,8.11,True,False
2026-09-23 06:06:40,CAT-320-EXC-014,1730,29.65,88.33,4314.4,61.1,83.0,393.2,1.67,22.82,7.5,True,False
2026-09-23 06:06:40,CAT-745-ART-002,1747,31.1,88.33,4199.3,63.2,83.6,381.8,2.03,24.11,7.65,True,False
2026-09-23 06:06:40,CAT-D6-DOZ-008,1725,31.65,88.33,4176.5,64.7,83.1,348.5,2.62,24.58,8.03,True,False
2026-09-23 06:06:40,CAT-980-WLD-005,1730,32.22,88.33,4483.2,63.3,83.7,354.9,1.8,25.94,7.66,True,False
2026-09-23 06:06:45,CAT-320-EXC-014,1783,32.61,88.28,4420.7,64.6,85.0,391.1,1.79,25.22,6.59,True,False
2026-09-23 06:06:45,CAT-745-ART-002,1754,30.63,88.28,4335.4,63.9,83.6,361.0,1.71,23.91,6.99,True,False
2026-09-23 06:06:45,CAT-D6-DOZ-008,1732,31.94,88.28,4147.4,65.3,85.5,375.3,1.71,26.77,6.51,True,False
2026-09-23 06:06:45,CAT-980-WLD-005,1695,31.22,88.28,4175.6,64.9,85.3,373.7,2.19,24.3,6.6,True,False
2026-09-23 06:06:50,CAT-320-EXC-014,1781,31.9,88.24,4410.3,63.9,83.9,382.5,1.76,22.77,5.52,True,False
2026-09-23 06:06:50,CAT-745-ART-002,1749,30.84,88.24,4176.3,64.4,84.0,409.1,1.79,25.4,5.52,True,False
2026-09-23 06:06:50,CAT-D6-DOZ-008,1758,32.39,88.24,4397.0,62.5,83.0,389.0,2.21,22.76,5.45,True,False
2026-09-23 06:06:50,CAT-980-WLD-005,1749,30.86,88.24,4145.2,63.4,84.2,371.8,1.61,22.02,5.4,True,False
2026-09-23 06:06:55,CAT-320-EXC-014,1742,32.2,88.19,4197.4,62.7,83.5,421.8,1.89,23.48,8.56,True,False
2026-09-23 06:06:55,CAT-745-ART-002,1754,30.11,88.19,4261.9,63.7,85.3,433.9,2.27,24.67,8.97,True,False
2026-09-23 06:06:55,CAT-D6-DOZ-008,1769,32.93,88.19,4526.8,64.0,86.7,405.8,1.68,24.87,9.09,True,False
2026-09-23 06:06:55,CAT-980-WLD-005,1730,32.13,88.19,4592.3,64.4,84.0,383.1,1.73,21.78,8.9,True,False
2026-09-23 06:07:00,CAT-320-EXC-014,1727,30.24,88.15,3831.1,64.4,83.2,384.0,1.94,22.09,8.81,True,False
2026-09-23 06:07:00,CAT-745-ART-002,1736,30.98,88.15,4348.1,62.2,85.1,356.7,2.47,21.65,9.24,True,False
2026-09-23 06:07:00,CAT-D6-DOZ-008,1772,31.68,88.15,4040.0,62.9,84.0,377.3,1.64,24.67,9.53,True,False
2026-09-23 06:07:00,CAT-980-WLD-005,1796,32.02,88.15,4579.4,63.1,82.0,391.0,2.13,23.4,8.86,True,False
2026-09-23 06:07:05,CAT-320-EXC-014,1787,31.2,88.1,4336.2,63.2,85.3,352.0,2.6,24.01,9.23,True,False
2026-09-23 06:07:05,CAT-745-ART-002,1736,34.6,88.1,4143.1,62.2,82.8,374.3,2.16,23.92,8.83,True,False
2026-09-23 06:07:05,CAT-D6-DOZ-008,1720,32.54,88.1,4286.4,64.2,85.6,366.6,1.71,25.43,8.88,True,False
2026-09-23 06:07:05,CAT-980-WLD-005,1747,31.68,88.1,4464.2,63.0,85.3,334.1,2.17,26.14,9.16,True,False
2026-09-23 06:07:10,CAT-320-EXC-014,1746,31.76,88.06,4088.3,61.8,82.4,374.9,1.99,25.66,9.14,True,False
2026-09-23 06:07:10,CAT-745-ART-002,1746,30.57,88.06,4149.7,63.6,84.5,398.8,1.67,23.58,9.09,True,False
2026-09-23 06:07:10,CAT-D6-DOZ-008,1780,31.59,88.06,4101.2,63.7,85.0,386.7,1.93,24.46,8.89,True,False
2026-09-23 06:07:10,CAT-980-WLD-005,1745,30.05,88.06,3901.7,62.9,83.2,344.3,1.77,22.57,9.07,True,False
2026-09-23 06:07:15,CAT-320-EXC-014,1793,32.53,88.01,4247.5,63.3,83.8,373.5,1.74,24.76,8.86,True,False
2026-09-23 06:07:15,CAT-745-ART-002,1790,32.76,88.01,4463.9,65.6,83.6,370.8,1.63,22.4,8.95,True,False
2026-09-23 06:07:15,CAT-D6-DOZ-008,1744,32.35,88.01,3975.8,63.7,85.8,360.2,1.96,24.52,9.12,True,False
2026-09-23 06:07:15,CAT-980-WLD-005,1749,30.0,88.01,3934.8,63.9,83.8,351.0,2.0,24.18,8.49,True,False
2026-09-23 06:07:20,CAT-320-EXC-014,1758,32.26,87.96,4064.4,62.4,83.4,358.2,2.35,22.2,8.9,True,False
2026-09-23 06:07:20,CAT-745-ART-002,1761,31.62,87.96,4451.0,64.0,86.3,362.4,1.91,24.38,9.05,True,False
2026-09-23 06:07:20,CAT-D6-DOZ-008,1763,30.91,87.96,4019.8,62.9,84.1,364.3,1.86,24.58,8.2,True,False
2026-09-23 06:07:20,CAT-980-WLD-005,1751,31.09,87.96,4300.1,64.7,85.1,363.7,2.89,26.02,9.22,True,False
2026-09-23 06:07:25,CAT-320-EXC-014,1752,30.22,87.92,4729.7,63.1,83.5,368.8,1.65,23.12,9.31,True,False
2026-09-23 06:07:25,CAT-745-ART-002,1733,31.94,87.92,4117.9,65.1,84.7,387.5,1.68,22.61,8.71,True,False
2026-09-23 06:07:25,CAT-D6-DOZ-008,1729,31.33,87.92,4288.3,62.7,83.5,367.5,1.84,22.78,9.19,True,False
2026-09-23 06:07:25,CAT-980-WLD-005,1765,31.31,87.92,4283.6,63.8,85.5,390.5,1.75,23.98,9.11,True,False
2026-09-23 06:07:30,CAT-320-EXC-014,1743,31.82,87.87,4424.3,62.3,84.4,359.5,1.99,20.48,9.32,True,False
2026-09-23 06:07:30,CAT-745-ART-002,1771,32.78,87.87,4016.9,62.9,84.6,338.3,1.99,23.56,8.65,True,False
2026-09-23 06:07:30,CAT-D6-DOZ-008,1739,33.11,87.87,4152.1,62.7,85.0,373.7,2.09,23.61,9.07,True,False
2026-09-23 06:07:30,CAT-980-WLD-005,1738,32.0,87.87,4249.0,62.0,83.7,388.7,2.15,25.54,8.82,True,False
2026-09-23 06:07:35,CAT-320-EXC-014,1767,32.2,87.83,4104.0,61.2,84.2,373.2,1.62,23.6,8.89,True,False
2026-09-23 06:07:35,CAT-745-ART-002,1772,32.33,87.83,4137.4,63.6,85.8,384.5,1.92,26.08,9.04,True,False
2026-09-23 06:07:35,CAT-D6-DOZ-008,1733,32.02,87.83,4251.7,63.1,84.9,383.0,1.81,21.7,9.38,True,False
2026-09-23 06:07:35,CAT-980-WLD-005,1744,31.3,87.83,4307.9,62.0,84.7,377.6,1.84,22.92,9.29,True,False
2026-09-23 06:07:40,CAT-320-EXC-014,1773,31.54,87.78,3756.1,63.6,83.7,399.9,1.94,22.65,8.7,True,False
2026-09-23 06:07:40,CAT-745-ART-002,1743,32.62,87.78,4370.9,65.0,85.2,400.3,1.61,24.81,8.99,True,False
2026-09-23 06:07:40,CAT-D6-DOZ-008,1744,32.12,87.78,4235.7,63.3,84.4,381.2,2.34,24.04,9.4,True,False
2026-09-23 06:07:40,CAT-980-WLD-005,1777,33.38,87.78,4227.3,63.6,85.9,355.7,2.29,22.74,8.61,True,False
2026-09-23 06:07:45,CAT-320-EXC-014,872,7.3,87.73,713.6,61.6,83.9,180.7,0.07,24.11,0.01,True,False
2026-09-23 06:07:45,CAT-745-ART-002,874,6.27,87.73,752.3,62.6,84.8,237.4,0.18,23.17,0.0,True,False
2026-09-23 06:07:45,CAT-D6-DOZ-008,891,7.07,87.73,600.4,63.5,84.6,214.6,0.24,21.48,0.0,True,False
2026-09-23 06:07:45,CAT-980-WLD-005,860,4.66,87.73,368.3,63.7,83.2,225.7,0.46,23.35,0.0,True,False
2026-09-23 06:07:50,CAT-320-EXC-014,864,6.34,87.69,665.1,64.3,84.4,215.7,0.06,22.9,0.0,True,False
2026-09-23 06:07:50,CAT-745-ART-002,892,6.83,87.69,753.8,63.1,83.9,185.9,0.06,25.64,0.0,True,False
2026-09-23 06:07:50,CAT-D6-DOZ-008,842,6.04,87.69,520.6,63.8,82.9,201.2,0.56,23.9,0.07,True,False
2026-09-23 06:07:50,CAT-980-WLD-005,907,6.52,87.69,432.0,61.7,84.4,233.8,0.02,25.28,0.03,True,False
2026-09-23 06:07:55,CAT-320-EXC-014,892,4.87,87.64,554.1,62.2,85.4,228.8,0.2,25.91,0.0,True,False
2026-09-23 06:07:55,CAT-745-ART-002,917,6.08,87.64,824.3,63.4,84.3,208.0,0.33,22.38,0.0,True,False
2026-09-23 06:07:55,CAT-D6-DOZ-008,866,6.13,87.64,200.0,63.6,82.6,206.5,0.14,24.43,0.29,True,False
2026-09-23 06:07:55,CAT-980-WLD-005,877,7.51,87.64,895.7,64.4,84.9,209.8,0.08,22.77,0.0,True,False
2026-09-23 06:08:00,CAT-320-EXC-014,892,3.68,87.6,659.8,63.4,84.8,249.2,0.29,24.66,0.0,True,False
2026-09-23 06:08:00,CAT-745-ART-002,888,7.23,87.6,494.9,63.6,83.1,207.2,0.01,22.31,0.39,True,False
2026-09-23 06:08:00,CAT-D6-DOZ-008,838,6.27,87.6,220.9,63.0,86.3,237.2,0.36,24.03,0.0,True,False
2026-09-23 06:08:00,CAT-980-WLD-005,877,5.8,87.6,534.7,63.0,84.1,224.7,0.03,24.76,0.0,True,False
2026-09-23 06:08:05,CAT-320-EXC-014,873,6.13,87.55,446.6,64.0,86.5,151.4,0.34,24.42,0.0,True,False
2026-09-23 06:08:05,CAT-745-ART-002,883,6.09,87.55,805.0,64.0,85.8,200.6,0.25,24.35,0.0,True,False
2026-09-23 06:08:05,CAT-D6-DOZ-008,875,4.33,87.55,697.6,64.4,84.2,229.9,0.37,27.31,0.0,True,False
2026-09-23 06:08:05,CAT-980-WLD-005,884,5.1,87.55,805.4,63.6,85.3,229.9,0.12,24.72,0.0,True,False
2026-09-23 06:08:10,CAT-320-EXC-014,1214,6.19,87.51,691.3,62.7,82.8,367.2,7.6,23.84,0.0,True,False
2026-09-23 06:08:10,CAT-745-ART-002,1225,5.69,87.51,559.5,62.5,86.3,361.7,7.56,23.43,0.24,True,False
2026-09-23 06:08:10,CAT-D6-DOZ-008,1253,5.53,87.51,528.9,63.1,83.8,392.9,7.73,23.71,0.0,True,False
2026-09-23 06:08:10,CAT-980-WLD-005,1279,7.09,87.51,879.5,64.1,84.6,386.5,7.74,23.27,0.4,True,False
2026-09-23 06:08:15,CAT-320-EXC-014,1242,6.91,87.46,825.9,60.9,83.9,356.3,7.79,23.09,0.0,True,False
2026-09-23 06:08:15,CAT-745-ART-002,1258,6.92,87.46,996.1,63.7,83.6,410.8,8.14,23.16,0.0,True,False
2026-09-23 06:08:15,CAT-D6-DOZ-008,1284,6.42,87.46,479.0,62.9,85.2,402.6,7.96,21.98,0.0,True,False
2026-09-23 06:08:15,CAT-980-WLD-005,1239,5.93,87.46,468.0,63.4,84.1,382.5,7.72,21.45,0.0,True,False
2026-09-23 06:08:20,CAT-320-EXC-014,1278,6.43,87.41,685.4,61.5,84.1,399.6,8.21,24.66,0.17,True,False
2026-09-23 06:08:20,CAT-745-ART-002,1260,7.57,87.41,427.9,61.0,84.1,396.2,7.62,23.56,0.15,True,False
2026-09-23 06:08:20,CAT-D6-DOZ-008,1275,5.74,87.41,655.4,64.0,84.2,405.9,7.88,24.26,0.37,True,False
2026-09-23 06:08:20,CAT-980-WLD-005,1233,6.35,87.41,608.7,61.8,85.8,377.7,7.83,23.97,0.33,True,False
2026-09-23 06:08:25,CAT-320-EXC-014,872,5.8,87.37,1032.3,62.2,85.5,234.8,0.07,23.58,0.4,True,False
2026-09-23 06:08:25,CAT-745-ART-002,865,5.93,87.37,577.1,63.0,84.1,221.1,0.34,25.85,0.06,True,False
2026-09-23 06:08:25,CAT-D6-DOZ-008,921,3.61,87.37,966.6,65.7,85.8,225.5,0.71,24.56,0.4,True,False
2026-09-23 06:08:25,CAT-980-WLD-005,884,8.16,87.37,460.9,65.3,83.9,196.3,0.05,24.34,0.0,True,False
2026-09-23 06:08:30,CAT-320-EXC-014,901,7.31,87.32,414.4,62.6,83.1,204.3,0.06,25.17,0.08,True,False
2026-09-23 06:08:30,CAT-745-ART-002,912,5.31,87.32,611.7,63.7,83.8,223.5,0.06,22.58,0.0,True,False
2026-09-23 06:08:30,CAT-D6-DOZ-008,895,4.92,87.32,424.1,63.1,83.8,222.4,0.14,24.45,0.0,True,False
2026-09-23 06:08:30,CAT-980-WLD-005,872,5.29,87.32,592.7,63.7,82.5,212.4,0.24,24.87,0.4,True,False
2026-09-23 06:08:35,CAT-320-EXC-014,884,5.21,87.28,732.5,63.2,84.9,213.8,0.35,26.42,0.07,True,False
2026-09-23 06:08:35,CAT-745-ART-002,877,6.84,87.28,968.9,62.9,85.7,202.9,0.35,23.82,0.18,True,False
2026-09-23 06:08:35,CAT-D6-DOZ-008,890,5.41,87.28,667.7,62.2,84.2,228.9,0.61,24.47,0.0,True,False
2026-09-23 06:08:35,CAT-980-WLD-005,866,6.2,87.28,634.5,63.0,83.5,214.5,0.29,24.14,0.24,True,False
2026-09-23 06:08:40,CAT-320-EXC-014,914,7.72,87.23,586.6,62.3,83.7,268.6,0.32,24.78,0.0,True,False
2026-09-23 06:08:40,CAT-745-ART-002,887,7.03,87.23,978.5,64.9,84.3,212.1,0.25,23.96,0.03,True,False
2026-09-23 06:08:40,CAT-D6-DOZ-008,894,6.67,87.23,709.9,63.1,84.8,225.0,0.18,25.42,0.4,True,False
2026-09-23 06:08:40,CAT-980-WLD-005,852,6.42,87.23,555.3,65.5,84.6,172.7,0.18,23.41,0.0,True,False
2026-09-23 06:08:45,CAT-320-EXC-014,1771,29.17,87.18,4118.5,61.6,84.8,380.8,1.99,24.4,5.73,True,False
2026-09-23 06:08:45,CAT-745-ART-002,1724,34.57,87.18,4227.5,64.1,84.6,358.6,1.67,23.82,5.71,True,False
2026-09-23 06:08:45,CAT-D6-DOZ-008,1750,33.96,87.18,4396.0,62.9,83.6,404.6,1.81,24.74,6.44,True,False
2026-09-23 06:08:45,CAT-980-WLD-005,1777,30.85,87.18,3922.6,63.9,84.6,403.6,1.99,21.54,6.32,True,False
2026-09-23 06:08:50,CAT-320-EXC-014,1776,31.25,87.14,4614.6,63.2,84.3,369.8,1.84,24.08,7.24,True,False
2026-09-23 06:08:50,CAT-745-ART-002,1743,30.77,87.14,4202.3,62.4,85.4,384.6,2.57,24.22,7.09,True,False
2026-09-23 06:08:50,CAT-D6-DOZ-008,1784,31.72,87.14,4478.7,63.6,83.5,365.0,1.66,23.35,6.9,True,False
2026-09-23 06:08:50,CAT-980-WLD-005,1752,32.32,87.14,4346.1,63.4,88.0,374.2,1.64,25.17,7.21,True,False
2026-09-23 06:08:55,CAT-320-EXC-014,1752,33.2,87.09,4127.1,63.9,84.5,410.0,1.66,24.33,8.28,True,False
2026-09-23 06:08:55,CAT-745-ART-002,1765,32.92,87.09,4157.9,63.6,84.4,372.9,2.15,23.72,7.94,True,False
2026-09-23 06:08:55,CAT-D6-DOZ-008,1817,32.75,87.09,4230.0,64.0,84.5,386.0,2.22,24.17,8.13,True,False
2026-09-23 06:08:55,CAT-980-WLD-005,1774,31.23,87.09,4319.7,63.0,85.5,378.5,2.03,25.68,8.48,True,False
2026-09-23 06:09:00,CAT-320-EXC-014,1727,31.48,87.05,4204.1,63.3,85.1,373.2,1.7,24.09,8.93,True,False
2026-09-23 06:09:00,CAT-745-ART-002,1786,32.48,87.05,4114.0,63.0,85.4,405.4,1.95,24.32,9.08,True,False
2026-09-23 06:09:00,CAT-D6-DOZ-008,1747,31.64,87.05,4268.2,65.1,85.3,403.7,1.6,24.37,8.56,True,False
2026-09-23 06:09:00,CAT-980-WLD-005,1735,32.66,87.05,3935.1,62.2,85.0,398.4,1.77,24.58,8.39,True,False
2026-09-23 06:09:05,CAT-320-EXC-014,1758,30.85,87.0,4544.6,63.0,84.3,389.4,1.79,24.89,9.32,True,False
2026-09-23 06:09:05,CAT-745-ART-002,1741,30.52,87.0,4269.3,61.8,85.2,348.2,1.74,24.91,9.15,True,False
2026-09-23 06:09:05,CAT-D6-DOZ-008,1767,31.0,87.0,4082.3,65.5,84.8,367.7,2.24,25.32,9.18,True,False
2026-09-23 06:09:05,CAT-980-WLD-005,1750,31.85,87.0,4013.3,60.7,84.8,381.0,1.69,22.75,8.84,True,False
2026-09-23 06:09:10,CAT-320-EXC-014,1756,30.97,86.95,3750.6,60.9,84.4,356.8,1.62,23.15,9.45,True,False
2026-09-23 06:09:10,CAT-745-ART-002,1794,32.41,86.95,4256.7,64.2,83.5,371.4,2.32,24.8,9.02,True,False
2026-09-23 06:09:10,CAT-D6-DOZ-008,1761,32.78,86.95,4442.4,62.9,86.3,375.0,2.27,27.04,9.48,True,False
2026-09-23 06:09:10,CAT-980-WLD-005,1787,32.03,86.95,4399.4,62.9,85.2,409.7,1.7,23.24,9.45,True,False
2026-09-23 06:09:15,CAT-320-EXC-014,1782,32.68,86.91,4111.4,63.0,85.8,377.2,2.02,22.9,9.36,True,False
2026-09-23 06:09:15,CAT-745-ART-002,1780,31.27,86.91,4331.6,64.7,84.2,360.3,2.03,24.66,8.95,True,False
2026-09-23 06:09:15,CAT-D6-DOZ-008,1765,34.68,86.91,4406.2,64.2,84.2,385.3,1.71,24.23,9.12,True,False
2026-09-23 06:09:15,CAT-980-WLD-005,1749,32.29,86.91,4606.3,64.1,86.5,372.1,2.0,22.28,9.03,True,False
2026-09-23 06:09:20,CAT-320-EXC-014,1714,30.72,86.86,4688.6,62.5,84.3,376.8,1.98,23.89,8.91,True,False
2026-09-23 06:09:20,CAT-745-ART-002,1749,32.93,86.86,4240.8,64.3,84.6,396.0,1.66,25.72,8.86,True,False
2026-09-23 06:09:20,CAT-D6-DOZ-008,1801,32.59,86.86,3964.5,64.9,83.8,353.7,1.92,26.57,8.85,True,False
2026-09-23 06:09:20,CAT-980-WLD-005,1790,33.05,86.86,4335.8,62.3,84.6,351.7,2.02,24.5,8.77,True,False
2026-09-23 06:09:25,CAT-320-EXC-014,1738,30.31,86.82,4249.7,63.1,84.8,394.5,1.79,24.1,7.97,True,False
2026-09-23 06:09:25,CAT-745-ART-002,1772,32.78,86.82,3856.9,64.1,83.5,392.6,2.4,22.09,8.48,True,False
2026-09-23 06:09:25,CAT-D6-DOZ-008,1747,32.32,86.82,4096.6,65.0,83.5,392.2,1.68,26.43,8.28,True,False
2026-09-23 06:09:25,CAT-980-WLD-005,1779,33.54,86.82,4469.6,62.0,84.1,385.5,2.21,24.16,8.3,True,False
2026-09-23 06:09:30,CAT-320-EXC-014,1785,33.16,86.77,4260.5,62.8,84.9,356.6,1.88,22.98,6.88,True,False
2026-09-23 06:09:30,CAT-745-ART-002,1736,32.37,86.77,4402.3,62.1,83.9,374.3,1.77,23.21,7.31,True,False
2026-09-23 06:09:30,CAT-D6-DOZ-008,1763,30.3,86.77,4277.1,63.8,85.1,379.8,2.16,25.67,7.26,True,False
2026-09-23 06:09:30,CAT-980-WLD-005,1817,31.31,86.77,4449.5,65.9,85.5,364.8,1.85,24.58,7.1,True,False
2026-09-23 06:09:35,CAT-320-EXC-014,1740,29.57,86.73,4281.1,64.6,84.9,359.5,1.7,23.66,6.21,True,False
2026-09-23 06:09:35,CAT-745-ART-002,1733,31.23,86.73,4130.0,65.1,85.5,389.4,2.26,25.59,6.11,True,False
2026-09-23 06:09:35,CAT-D6-DOZ-008,1776,32.55,86.73,4140.2,64.8,85.8,339.2,2.11,22.5,6.09,True,False
2026-09-23 06:09:35,CAT-980-WLD-005,1730,32.5,86.73,4177.4,63.6,82.4,355.4,2.09,22.97,6.18,True,False
2026-09-23 06:09:40,CAT-320-EXC-014,1810,31.98,86.68,4447.3,61.0,85.0,406.7,1.91,25.58,8.93,True,False
2026-09-23 06:09:40,CAT-745-ART-002,1749,33.38,86.68,4180.5,63.8,85.4,375.7,2.06,24.03,8.85,True,False
2026-09-23 06:09:40,CAT-D6-DOZ-008,1757,32.21,86.68,4644.1,63.5,85.4,350.8,1.86,25.14,8.59,True,False
2026-09-23 06:09:40,CAT-980-WLD-005,1815,32.31,86.68,4254.0,63.5,84.5,397.7,2.73,22.06,8.56,True,False
2026-09-23 06:09:45,CAT-320-EXC-014,1766,32.32,86.63,4055.8,63.8,85.3,367.7,2.2,23.99,8.6,True,False
2026-09-23 06:09:45,CAT-745-ART-002,1775,31.97,86.63,4328.3,61.8,85.2,365.1,1.8,25.24,8.88,True,False
2026-09-23 06:09:45,CAT-D6-DOZ-008,1772,31.62,86.63,4099.6,62.6,84.4,370.7,1.88,24.57,8.62,True,False
2026-09-23 06:09:45,CAT-980-WLD-005,1725,30.38,86.63,4079.3,64.7,84.5,383.4,1.92,24.63,8.44,True,False
2026-09-23 06:09:50,CAT-320-EXC-014,1754,32.29,86.59,4165.8,63.5,84.1,374.4,2.32,23.13,9.0,True,False
2026-09-23 06:09:50,CAT-745-ART-002,1742,33.54,86.59,4454.3,64.0,83.2,374.3,2.23,25.3,8.62,True,False
2026-09-23 06:09:50,CAT-D6-DOZ-008,1745,31.02,86.59,4144.9,63.4,84.8,366.7,1.75,22.62,8.71,True,False
2026-09-23 06:09:50,CAT-980-WLD-005,1783,34.41,86.59,4241.9,62.8,85.0,361.9,2.06,25.51,9.08,True,False
2026-09-23 06:09:55,CAT-320-EXC-014,1809,33.16,86.54,4292.4,62.4,86.0,377.1,1.94,23.68,8.34,True,False
2026-09-23 06:09:55,CAT-745-ART-002,1738,29.75,86.54,4220.9,63.0,85.4,360.0,1.74,23.43,9.28,True,False
2026-09-23 06:09:55,CAT-D6-DOZ-008,1740,30.46,86.54,4265.7,64.9,83.0,391.8,1.78,23.61,9.52,True,False
2026-09-23 06:09:55,CAT-980-WLD-005,1733,34.17,86.54,4277.7,63.7,85.0,383.7,1.86,23.26,9.37,True,False
2026-09-23 06:10:00,CAT-320-EXC-014,1761,31.8,86.5,4365.8,62.0,83.3,377.4,2.02,24.09,8.49,True,False
2026-09-23 06:10:00,CAT-745-ART-002,1762,32.44,86.5,4519.8,64.2,86.2,393.2,2.06,21.98,8.63,True,False
2026-09-23 06:10:00,CAT-D6-DOZ-008,1755,30.34,86.5,4066.1,63.7,84.0,372.3,1.79,23.95,9.11,True,False
2026-09-23 06:10:00,CAT-980-WLD-005,1760,32.11,86.5,4260.4,62.8,85.7,382.2,1.69,24.71,8.66,True,False
2026-09-23 06:10:05,CAT-320-EXC-014,1739,32.05,86.45,4282.2,63.9,83.1,349.3,1.62,24.87,8.75,True,False
2026-09-23 06:10:05,CAT-745-ART-002,1800,33.36,86.45,4081.0,63.8,83.3,364.6,2.14,23.96,8.2,True,False
2026-09-23 06:10:05,CAT-D6-DOZ-008,1752,32.21,86.45,4361.3,62.1,85.4,390.4,1.64,23.06,8.72,True,False
2026-09-23 06:10:05,CAT-980-WLD-005,1773,32.49,86.45,4034.2,63.8,85.2,411.9,1.67,22.94,8.66,True,False
2026-09-23 06:10:10,CAT-320-EXC-014,1821,33.08,86.4,4500.8,61.9,84.4,385.1,1.61,25.18,8.83,True,False
2026-09-23 06:10:10,CAT-745-ART-002,1739,31.87,86.4,4465.3,62.7,85.7,386.4,2.33,23.8,9.44,True,False
2026-09-23 06:10:10,CAT-D6-DOZ-008,1786,32.35,86.4,4095.0,63.5,84.0,386.6,1.65,23.78,9.36,True,False
2026-09-23 06:10:10,CAT-980-WLD-005,1741,31.25,86.4,4157.2,62.4,82.9,384.5,2.37,23.71,8.72,True,False
2026-09-23 06:10:15,CAT-320-EXC-014,1778,32.32,86.36,3884.0,62.0,85.1,372.9,1.94,23.58,9.21,True,False
2026-09-23 06:10:15,CAT-745-ART-002,1776,31.7,86.36,4153.2,63.2,83.8,402.2,1.69,23.61,9.42,True,False
2026-09-23 06:10:15,CAT-D6-DOZ-008,1782,34.13,86.36,4344.5,63.5,84.4,382.1,1.65,22.74,9.02,True,False
2026-09-23 06:10:15,CAT-980-WLD-005,1752,33.31,86.36,4288.4,61.6,85.6,362.5,1.83,21.98,9.36,True,False
2026-09-23 06:10:20,CAT-320-EXC-014,1774,30.64,86.31,4062.1,63.5,83.4,333.4,1.65,22.81,8.64,True,False
2026-09-23 06:10:20,CAT-745-ART-002,1773,32.68,86.31,4706.8,63.6,84.7,419.3,1.95,25.05,9.37,True,False
2026-09-23 06:10:20,CAT-D6-DOZ-008,1767,32.61,86.31,4064.7,64.0,82.9,394.6,1.84,23.69,9.37,True,False
2026-09-23 06:10:20,CAT-980-WLD-005,1767,29.23,86.31,4421.4,63.6,86.3,424.6,1.79,23.7,9.45,True,False
2026-09-23 06:10:25,CAT-320-EXC-014,1780,31.05,86.27,4268.6,62.4,85.0,377.2,1.91,22.53,8.88,True,False
2026-09-23 06:10:25,CAT-745-ART-002,1767,30.41,86.27,4309.0,64.6,85.9,381.3,1.85,22.54,8.47,True,False
2026-09-23 06:10:25,CAT-D6-DOZ-008,1754,31.09,86.27,4647.2,61.0,84.0,371.5,1.72,27.12,8.59,True,False
2026-09-23 06:10:25,CAT-980-WLD-005,1757,32.96,86.27,4394.5,63.1,83.6,366.5,1.67,22.18,8.93,True,False
2026-09-23 06:10:30,CAT-320-EXC-014,885,4.72,86.22,741.4,64.3,86.0,239.6,0.42,23.23,0.0,True,False
2026-09-23 06:10:30,CAT-745-ART-002,897,5.6,86.22,812.7,64.3,83.9,206.7,0.29,24.2,0.04,True,False
2026-09-23 06:10:30,CAT-D6-DOZ-008,921,6.43,86.22,719.6,63.5,85.2,229.8,0.31,23.82,0.11,True,False
2026-09-23 06:10:30,CAT-980-WLD-005,868,6.0,86.22,723.9,63.6,85.2,212.3,0.18,24.01,0.13,True,False
2026-09-23 06:10:35,CAT-320-EXC-014,894,7.32,86.18,1068.6,63.7,85.8,225.9,0.01,25.21,0.04,True,False
2026-09-23 06:10:35,CAT-745-ART-002,853,6.52,86.18,537.3,64.2,82.8,225.3,0.33,24.83,0.0,True,False
2026-09-23 06:10:35,CAT-D6-DOZ-008,911,5.52,86.18,431.8,63.6,86.4,215.8,0.18,21.51,0.01,True,False
2026-09-23 06:10:35,CAT-980-WLD-005,898,6.15,86.18,290.1,63.6,82.6,215.3,0.3,22.28,0.07,True,False
2026-09-23 06:10:40,CAT-320-EXC-014,860,5.89,86.13,562.1,63.0,84.8,234.5,0.19,24.27,0.0,True,False
2026-09-23 06:10:40,CAT-745-ART-002,827,7.11,86.13,874.6,63.6,86.3,204.0,0.31,23.89,0.15,True,False
2026-09-23 06:10:40,CAT-D6-DOZ-008,884,5.5,86.13,588.0,64.2,85.8,234.7,0.35,22.47,0.0,True,False
2026-09-23 06:10:40,CAT-980-WLD-005,891,8.99,86.13,688.3,64.9,85.6,216.5,0.01,23.17,0.0,True,False
2026-09-23 06:10:45,CAT-320-EXC-014,878,5.14,86.08,712.0,62.0,84.7,211.4,0.2,24.63,0.0,True,False
2026-09-23 06:10:45,CAT-745-ART-002,892,5.81,86.08,984.9,62.8,86.8,251.6,0.51,25.61,0.0,True,False
2026-09-23 06:10:45,CAT-D6-DOZ-008,880,3.91,86.08,834.2,62.7,85.8,214.1,0.03,24.36,0.0,True,False
2026-09-23 06:10:45,CAT-980-WLD-005,855,6.06,86.08,1019.7,64.1,84.4,219.2,0.23,24.68,0.28,True,False
2026-09-23 06:10:50,CAT-320-EXC-014,922,5.55,86.04,784.4,63.3,84.2,219.5,0.01,23.5,0.39,True,False
2026-09-23 06:10:50,CAT-745-ART-002,847,7.4,86.04,525.0,62.5,83.5,218.9,0.04,24.13,0.0,True,False
2026-09-23 06:10:50,CAT-D6-DOZ-008,884,4.26,86.04,350.3,63.9,86.6,225.1,0.03,23.85,0.0,True,False
2026-09-23 06:10:50,CAT-980-WLD-005,884,6.36,86.04,790.2,64.8,83.3,226.8,0.09,23.99,0.01,True,False
2026-09-23 06:10:55,CAT-320-EXC-014,845,7.08,85.99,538.6,64.8,85.3,234.3,0.48,23.59,0.0,True,False
2026-09-23 06:10:55,CAT-745-ART-002,878,6.87,85.99,307.4,64.9,85.1,209.6,0.29,24.31,0.0,True,False
2026-09-23 06:10:55,CAT-D6-DOZ-008,860,8.31,85.99,373.0,64.2,83.7,206.6,0.08,22.8,0.05,True,False
2026-09-23 06:10:55,CAT-980-WLD-005,866,7.5,85.99,832.6,62.7,83.6,211.0,0.86,22.74,0.0,True,False
2026-09-23 06:11:00,CAT-320-EXC-014,1247,7.58,85.95,200.0,63.7,86.5,390.5,7.99,22.79,0.14,True,False
2026-09-23 06:11:00,CAT-745-ART-002,1234,6.65,85.95,823.6,62.2,86.4,396.1,7.83,23.18,0.0,True,False
2026-09-23 06:11:00,CAT-D6-DOZ-008,1241,5.21,85.95,622.1,65.0,84.8,381.4,7.88,22.68,0.0,True,False
2026-09-23 06:11:00,CAT-980-WLD-005,1182,7.73,85.95,759.9,65.2,83.4,364.2,7.88,23.3,0.0,True,False
2026-09-23 06:11:05,CAT-320-EXC-014,1253,4.76,85.9,340.7,63.2,86.3,362.0,8.18,23.68,0.31,True,False
2026-09-23 06:11:05,CAT-745-ART-002,1244,6.84,85.9,601.1,64.5,85.5,369.6,7.56,26.2,0.06,True,False
2026-09-23 06:11:05,CAT-D6-DOZ-008,1257,7.02,85.9,476.2,64.8,84.3,380.9,7.9,23.71,0.31,True,False
2026-09-23 06:11:05,CAT-980-WLD-005,1274,5.1,85.9,745.1,62.8,84.0,378.6,7.9,26.48,0.0,True,False
2026-09-23 06:11:10,CAT-320-EXC-014,1263,6.1,85.85,532.2,62.0,84.6,403.8,8.0,24.38,0.25,True,False
2026-09-23 06:11:10,CAT-745-ART-002,1229,8.75,85.85,777.8,64.2,87.0,384.3,7.64,23.32,0.0,True,False
2026-09-23 06:11:10,CAT-D6-DOZ-008,1243,5.98,85.85,673.1,63.0,84.4,371.6,7.89,23.25,0.4,True,False
2026-09-23 06:11:10,CAT-980-WLD-005,1268,6.18,85.85,458.7,61.2,83.9,374.9,7.75,23.59,0.4,True,False
2026-09-23 06:11:15,CAT-320-EXC-014,870,6.1,85.81,465.1,64.0,84.9,243.0,0.04,26.61,0.13,True,False
2026-09-23 06:11:15,CAT-745-ART-002,872,6.42,85.81,519.2,64.0,85.4,255.7,0.19,23.95,0.13,True,False
2026-09-23 06:11:15,CAT-D6-DOZ-008,928,6.13,85.81,755.4,65.6,83.0,210.8,0.57,22.92,0.18,True,False
2026-09-23 06:11:15,CAT-980-WLD-005,886,7.15,85.81,563.4,62.5,84.9,198.9,0.19,24.42,0.0,True,False
2026-09-23 06:11:20,CAT-320-EXC-014,905,5.82,85.76,557.7,63.7,84.1,190.7,0.19,22.52,0.07,True,False
2026-09-23 06:11:20,CAT-745-ART-002,891,6.59,85.76,543.3,65.1,85.8,230.2,0.94,21.19,0.0,True,False
2026-09-23 06:11:20,CAT-D6-DOZ-008,888,5.9,85.76,540.8,64.2,85.1,244.2,0.2,22.88,0.4,True,False
2026-09-23 06:11:20,CAT-980-WLD-005,888,5.47,85.76,852.5,64.2,85.1,210.9,0.01,23.53,0.03,True,False
2026-09-23 06:11:25,CAT-320-EXC-014,885,5.93,85.72,579.1,64.5,85.1,240.0,0.03,23.27,0.0,True,False
2026-09-23 06:11:25,CAT-745-ART-002,876,5.39,85.72,585.9,61.7,85.0,191.8,0.27,25.12,0.0,True,False
2026-09-23 06:11:25,CAT-D6-DOZ-008,906,8.47,85.72,668.3,65.5,85.6,202.4,0.08,24.81,0.19,True,False
2026-09-23 06:11:25,CAT-980-WLD-005,909,5.39,85.72,846.3,61.3,86.7,229.7,0.15,22.95,0.13,True,False
2026-09-23 06:11:30,CAT-320-EXC-014,1795,33.53,85.67,4262.9,64.9,85.6,383.8,1.71,23.89,5.42,True,False
2026-09-23 06:11:30,CAT-745-ART-002,1743,32.35,85.67,4433.0,63.4,84.6,372.1,2.17,22.66,5.8,True,False
2026-09-23 06:11:30,CAT-D6-DOZ-008,1789,34.35,85.67,4427.3,63.8,86.4,367.4,1.94,25.98,5.41,True,False
2026-09-23 06:11:30,CAT-980-WLD-005,1762,32.12,85.67,4063.4,63.4,83.4,407.9,2.65,23.98,5.55,True,False
2026-09-23 06:11:35,CAT-320-EXC-014,1776,30.7,85.62,4282.2,64.7,85.0,393.5,1.89,24.19,6.15,True,False
2026-09-23 06:11:35,CAT-745-ART-002,1765,32.37,85.62,4408.4,62.3,83.9,408.4,1.92,25.85,6.29,True,False
2026-09-23 06:11:35,CAT-D6-DOZ-008,1727,29.65,85.62,4360.7,64.1,86.5,375.2,2.01,24.71,6.83,True,False
2026-09-23 06:11:35,CAT-980-WLD-005,1772,29.96,85.62,4252.8,63.1,84.6,394.8,2.04,24.02,6.38,True,False
2026-09-23 06:11:40,CAT-320-EXC-014,1738,33.28,85.58,4250.5,64.8,83.7,386.1,1.6,25.02,7.18,True,False
2026-09-23 06:11:40,CAT-745-ART-002,1769,31.55,85.58,4568.3,64.0,83.3,355.8,2.34,25.2,7.8,True,False
2026-09-23 06:11:40,CAT-D6-DOZ-008,1767,32.0,85.58,4301.3,63.9,82.7,368.3,2.02,23.17,7.15,True,False
2026-09-23 06:11:40,CAT-980-WLD-005,1757,31.92,85.58,4453.6,64.2,84.1,397.7,1.77,24.03,7.22,True,False
2026-09-23 06:11:45,CAT-320-EXC-014,1801,32.97,85.53,4502.2,62.6,86.0,358.0,1.95,24.48,8.73,True,False
2026-09-23 06:11:45,CAT-745-ART-002,1773,32.47,85.53,4166.6,65.3,84.8,392.8,1.86,22.77,8.34,True,False
2026-09-23 06:11:45,CAT-D6-DOZ-008,1754,32.57,85.53,4188.0,61.9,82.4,377.3,2.18,24.42,8.73,True,False
2026-09-23 06:11:45,CAT-980-WLD-005,1744,32.2,85.53,4083.1,61.9,85.8,367.8,2.25,24.19,8.4,True,False
2026-09-23 06:11:50,CAT-320-EXC-014,1768,32.09,85.49,4195.8,62.8,84.6,383.9,2.12,22.62,9.11,True,False
2026-09-23 06:11:50,CAT-745-ART-002,1777,31.59,85.49,3949.5,64.3,87.0,370.6,1.94,24.68,9.4,True,False
2026-09-23 06:11:50,CAT-D6-DOZ-008,1750,30.02,85.49,4377.8,62.6,82.8,399.0,2.23,23.34,8.99,True,False
2026-09-23 06:11:50,CAT-980-WLD-005,1718,28.78,85.49,4247.5,65.9,82.3,399.5,1.63,22.6,8.89,True,False
2026-09-23 06:11:55,CAT-320-EXC-014,1781,30.65,85.44,4568.4,63.3,86.8,404.7,1.6,22.44,9.45,True,False
2026-09-23 06:11:55,CAT-745-ART-002,1767,32.9,85.44,4149.3,64.8,86.5,401.8,2.03,24.05,9.73,True,False
2026-09-23 06:11:55,CAT-D6-DOZ-008,1749,32.47,85.44,4425.3,63.4,85.3,379.1,1.99,23.36,9.34,True,False
2026-09-23 06:11:55,CAT-980-WLD-005,1779,32.27,85.44,4266.0,62.5,85.4,375.3,2.12,22.98,9.4,True,False
2026-09-23 06:12:00,CAT-320-EXC-014,1767,30.91,85.4,4349.4,60.9,83.9,380.1,1.98,24.64,9.51,True,False
2026-09-23 06:12:00,CAT-745-ART-002,1755,31.33,85.4,4365.6,63.6,82.9,375.2,1.83,23.56,8.98,True,False
2026-09-23 06:12:00,CAT-D6-DOZ-008,1785,31.95,85.4,4267.0,61.1,85.1,407.3,1.82,25.59,9.62,True,False
2026-09-23 06:12:00,CAT-980-WLD-005,1764,32.75,85.4,4355.9,64.6,85.9,369.2,2.12,26.44,9.01,True,False
2026-09-23 06:12:05,CAT-320-EXC-014,1770,32.7,85.35,4266.9,63.2,84.3,392.3,1.73,22.86,9.42,True,False
2026-09-23 06:12:05,CAT-745-ART-002,1766,31.9,85.35,3999.1,62.4,84.9,368.8,1.7,23.93,8.96,True,False
2026-09-23 06:12:05,CAT-D6-DOZ-008,1788,31.88,85.35,4331.4,63.7,84.6,386.4,1.99,25.04,8.86,True,False
2026-09-23 06:12:05,CAT-980-WLD-005,1769,33.65,85.35,4174.8,62.1,83.1,402.7,1.8,25.7,9.3,True,False
2026-09-23 06:12:10,CAT-320-EXC-014,1760,32.2,85.3,3954.9,65.5,84.0,370.3,1.76,24.78,8.7,True,False
2026-09-23 06:12:10,CAT-745-ART-002,1770,33.5,85.3,4390.9,62.5,84.6,385.3,2.13,23.72,8.8,True,False
2026-09-23 06:12:10,CAT-D6-DOZ-008,1724,32.16,85.3,4188.3,63.8,85.5,379.0,1.84,24.47,8.24,True,False
2026-09-23 06:12:10,CAT-980-WLD-005,1745,32.85,85.3,4183.7,63.5,85.1,403.8,2.23,22.88,8.3,True,False
2026-09-23 06:12:15,CAT-320-EXC-014,1736,32.77,85.26,4210.9,65.8,85.3,397.3,1.65,23.7,7.68,True,False
2026-09-23 06:12:15,CAT-745-ART-002,1751,31.17,85.26,4570.3,64.3,85.4,377.9,2.52,25.47,7.41,True,False
2026-09-23 06:12:15,CAT-D6-DOZ-008,1746,31.17,85.26,4274.5,60.7,83.3,389.9,2.19,22.74,7.9,True,False
2026-09-23 06:12:15,CAT-980-WLD-005,1750,31.17,85.26,4174.9,63.8,85.2,390.5,1.77,23.24,7.55,True,False
2026-09-23 06:12:20,CAT-320-EXC-014,1776,32.14,85.21,4203.0,64.3,83.8,393.8,2.47,23.4,7.04,True,False
2026-09-23 06:12:20,CAT-745-ART-002,1719,32.2,85.21,4278.1,63.3,84.9,397.3,2.82,25.24,6.44,True,False
2026-09-23 06:12:20,CAT-D6-DOZ-008,1765,32.42,85.21,4323.5,64.1,86.1,377.8,2.36,21.87,7.02,True,False
2026-09-23 06:12:20,CAT-980-WLD-005,1731,33.21,85.21,4295.5,62.6,85.0,387.3,1.77,23.38,6.9,True,False
2026-09-23 06:12:25,CAT-320-EXC-014,1739,31.23,85.17,4260.1,64.0,85.7,382.4,1.77,22.85,5.46,True,False
2026-09-23 06:12:25,CAT-745-ART-002,1744,31.59,85.17,4424.0,64.7,84.7,392.6,1.97,22.38,5.95,True,False
2026-09-23 06:12:25,CAT-D6-DOZ-008,1747,31.01,85.17,4413.2,63.4,86.2,383.5,1.8,23.38,5.36,True,False
2026-09-23 06:12:25,CAT-980-WLD-005,1767,30.83,85.17,4205.0,64.8,84.3,366.6,2.1,23.5,5.36,True,False
2026-09-23 06:12:30,CAT-320-EXC-014,1759,31.09,85.12,4391.2,64.2,85.2,362.2,2.12,23.69,8.7,True,False
2026-09-23 06:12:30,CAT-745-ART-002,1763,32.53,85.12,4157.8,62.2,83.2,365.6,1.7,24.36,9.07,True,False
2026-09-23 06:12:30,CAT-D6-DOZ-008,1754,32.11,85.12,4441.5,65.7,84.3,369.5,1.64,25.71,9.26,True,False
2026-09-23 06:12:30,CAT-980-WLD-005,1751,31.75,85.12,4341.8,63.5,85.1,359.7,1.61,24.45,8.79,True,False
2026-09-23 06:12:35,CAT-320-EXC-014,1761,32.56,85.07,4154.0,64.0,85.4,410.0,2.03,24.6,8.39,True,False
2026-09-23 06:12:35,CAT-745-ART-002,1758,32.2,85.07,4246.6,63.8,85.8,361.1,1.84,24.78,8.88,True,False
2026-09-23 06:12:35,CAT-D6-DOZ-008,1750,31.56,85.07,4430.2,65.4,85.0,401.4,1.72,23.97,8.98,True,False
2026-09-23 06:12:35,CAT-980-WLD-005,1752,32.35,85.07,4363.5,62.8,85.4,371.6,1.93,22.58,9.01,True,False
2026-09-23 06:12:40,CAT-320-EXC-014,1749,33.65,85.03,4218.1,64.0,84.8,365.9,1.66,27.52,9.51,True,False
2026-09-23 06:12:40,CAT-745-ART-002,1705,32.75,85.03,4319.3,61.6,84.5,377.7,1.82,24.35,9.11,True,False
2026-09-23 06:12:40,CAT-D6-DOZ-008,1747,31.54,85.03,4164.3,64.5,84.4,393.1,1.97,24.82,9.48,True,False
2026-09-23 06:12:40,CAT-980-WLD-005,1753,32.18,85.03,4064.5,63.9,85.7,381.9,1.61,26.31,8.68,True,False
2026-09-23 06:12:45,CAT-320-EXC-014,1778,31.82,84.98,4292.3,62.9,85.1,390.6,1.93,21.99,8.63,True,False
2026-09-23 06:12:45,CAT-745-ART-002,1766,32.45,84.98,4443.7,64.1,84.4,348.3,2.0,23.46,8.97,True,False
2026-09-23 06:12:45,CAT-D6-DOZ-008,1749,32.55,84.98,4143.5,65.6,84.2,365.7,2.3,21.97,8.96,True,False
2026-09-23 06:12:45,CAT-980-WLD-005,1760,30.54,84.98,4277.3,65.5,83.8,381.2,2.06,22.59,9.4,True,False
2026-09-23 06:12:50,CAT-320-EXC-014,1767,32.06,84.94,4531.8,64.4,84.7,419.4,1.7,24.53,9.67,True,False
2026-09-23 06:12:50,CAT-745-ART-002,1751,31.38,84.94,4275.0,64.1,81.3,388.4,2.44,23.32,8.52,True,False
2026-09-23 06:12:50,CAT-D6-DOZ-008,1771,31.86,84.94,4397.8,64.4,84.5,412.3,2.14,23.45,9.16,True,False
2026-09-23 06:12:50,CAT-980-WLD-005,1780,31.72,84.94,4455.4,62.1,84.6,375.6,1.74,23.58,9.21,True,False
2026-09-23 06:12:55,CAT-320-EXC-014,1746,33.37,84.89,4328.0,65.3,84.2,366.4,1.61,22.84,8.62,True,False
2026-09-23 06:12:55,CAT-745-ART-002,1759,31.55,84.89,3924.2,64.7,84.8,393.0,1.76,25.41,8.84,True,False
2026-09-23 06:12:55,CAT-D6-DOZ-008,1755,30.84,84.89,4025.5,63.8,85.5,390.4,2.14,23.62,9.33,True,False
2026-09-23 06:12:55,CAT-980-WLD-005,1750,32.55,84.89,4158.9,64.3,84.4,399.3,1.67,22.45,8.93,True,False
2026-09-23 06:13:00,CAT-320-EXC-014,1777,31.22,84.85,4266.5,65.8,84.8,371.0,1.67,24.86,9.45,True,False
2026-09-23 06:13:00,CAT-745-ART-002,1732,31.7,84.85,4419.8,63.0,85.6,369.5,1.79,23.83,9.31,True,False
2026-09-23 06:13:00,CAT-D6-DOZ-008,1757,31.71,84.85,4176.2,63.0,83.1,351.6,1.65,25.92,9.6,True,False
2026-09-23 06:13:00,CAT-980-WLD-005,1760,33.12,84.85,4391.8,64.1,84.4,392.1,2.75,24.64,8.56,True,False
2026-09-23 06:13:05,CAT-320-EXC-014,1756,30.9,84.8,4062.8,63.9,84.9,348.8,1.66,22.68,9.09,True,False
2026-09-23 06:13:05,CAT-745-ART-002,1741,32.17,84.8,4354.8,62.3,85.4,380.2,1.97,23.48,8.92,True,False
2026-09-23 06:13:05,CAT-D6-DOZ-008,1732,31.74,84.8,4235.9,64.4,83.8,371.6,2.12,23.43,8.71,True,False
2026-09-23 06:13:05,CAT-980-WLD-005,1746,31.45,84.8,4234.1,64.8,81.9,365.4,2.14,23.44,9.02,True,False
2026-09-23 06:13:10,CAT-320-EXC-014,1751,34.12,84.75,4255.8,63.4,85.7,371.9,1.61,24.75,8.89,True,False
2026-09-23 06:13:10,CAT-745-ART-002,1755,31.35,84.75,4074.4,65.4,84.9,401.2,1.96,25.5,8.61,True,False
2026-09-23 06:13:10,CAT-D6-DOZ-008,1758,32.15,84.75,4022.5,65.4,83.4,368.8,2.13,26.38,8.72,True,False
2026-09-23 06:13:10,CAT-980-WLD-005,1758,31.35,84.75,4410.8,64.0,84.0,399.3,1.87,22.79,9.13,True,False
2026-09-23 06:13:15,CAT-320-EXC-014,1759,32.62,84.71,4368.6,64.7,82.1,401.8,1.78,21.85,8.38,True,False
2026-09-23 06:13:15,CAT-745-ART-002,1744,31.71,84.71,3995.0,65.9,86.0,391.7,1.64,25.04,9.01,True,False
2026-09-23 06:13:15,CAT-D6-DOZ-008,1755,33.23,84.71,4161.0,64.7,86.7,387.8,2.16,22.56,8.55,True,False
2026-09-23 06:13:15,CAT-980-WLD-005,1749,33.41,84.71,4316.2,66.2,85.0,390.4,1.98,25.16,9.5,True,False
2026-09-23 06:13:20,CAT-320-EXC-014,893,4.57,84.66,683.8,63.0,85.1,217.4,0.95,21.68,0.0,True,False
2026-09-23 06:13:20,CAT-745-ART-002,885,6.93,84.66,692.0,62.9,83.9,212.2,0.4,21.3,0.0,True,False
2026-09-23 06:13:20,CAT-D6-DOZ-008,850,5.19,84.66,434.9,64.0,83.5,204.6,0.54,24.31,0.0,True,False
2026-09-23 06:13:20,CAT-980-WLD-005,857,5.24,84.66,737.6,62.1,84.2,230.8,0.08,24.45,0.0,True,False
2026-09-23 06:13:25,CAT-320-EXC-014,903,4.85,84.62,852.4,63.0,85.3,192.6,0.31,23.63,0.0,True,False
2026-09-23 06:13:25,CAT-745-ART-002,886,5.17,84.62,391.5,63.8,83.9,204.3,0.09,26.08,0.17,True,False
2026-09-23 06:13:25,CAT-D6-DOZ-008,912,6.45,84.62,796.2,62.8,84.4,218.2,0.52,22.99,0.4,True,False
2026-09-23 06:13:25,CAT-980-WLD-005,895,6.68,84.62,503.1,61.7,84.7,220.8,0.14,24.99,0.31,True,False
2026-09-23 06:13:30,CAT-320-EXC-014,844,6.19,84.57,668.4,63.7,83.9,230.9,0.44,24.77,0.36,True,False
2026-09-23 06:13:30,CAT-745-ART-002,881,6.78,84.57,477.1,65.3,85.7,235.0,0.03,22.61,0.19,True,False
2026-09-23 06:13:30,CAT-D6-DOZ-008,877,5.18,84.57,773.7,66.9,82.4,222.1,0.25,22.31,0.16,True,False
2026-09-23 06:13:30,CAT-980-WLD-005,894,6.07,84.57,636.8,64.0,85.9,211.6,0.03,23.11,0.0,True,False
2026-09-23 06:13:35,CAT-320-EXC-014,879,5.95,84.52,636.9,64.1,84.7,219.8,0.01,22.73,0.0,True,False
2026-09-23 06:13:35,CAT-745-ART-002,867,7.02,84.52,649.6,61.6,83.7,259.5,0.17,23.87,0.08,True,False
2026-09-23 06:13:35,CAT-D6-DOZ-008,940,8.34,84.52,580.2,64.5,84.1,205.1,0.23,24.79,0.02,True,False
2026-09-23 06:13:35,CAT-980-WLD-005,863,7.18,84.52,379.2,60.7,84.5,213.5,0.25,23.11,0.31,True,False
2026-09-23 06:13:40,CAT-320-EXC-014,882,6.03,84.48,560.6,62.3,83.7,207.2,0.78,23.71,0.37,True,False
2026-09-23 06:13:40,CAT-745-ART-002,906,5.88,84.48,595.3,63.0,85.5,215.3,0.45,23.73,0.14,True,False
2026-09-23 06:13:40,CAT-D6-DOZ-008,902,5.3,84.48,479.8,65.9,85.2,229.3,0.25,24.14,0.0,True,False
2026-09-23 06:13:40,CAT-980-WLD-005,888,5.11,84.48,533.2,63.8,83.8,207.3,0.46,24.22,0.0,True,False
2026-09-23 06:13:45,CAT-320-EXC-014,1263,6.46,84.43,686.5,63.6,83.1,388.4,7.64,24.24,0.1,True,False
2026-09-23 06:13:45,CAT-745-ART-002,1246,6.34,84.43,780.6,66.4,85.0,356.0,7.93,22.12,0.0,True,False
2026-09-23 06:13:45,CAT-D6-DOZ-008,1262,8.1,84.43,625.8,62.4,86.6,383.7,7.96,24.75,0.04,True,False
2026-09-23 06:13:45,CAT-980-WLD-005,1221,7.03,84.43,643.1,64.5,84.5,351.9,7.72,25.36,0.0,True,False
2026-09-23 06:13:50,CAT-320-EXC-014,1245,6.47,84.39,875.2,62.0,84.9,384.2,8.26,25.68,0.0,True,False
2026-09-23 06:13:50,CAT-745-ART-002,1251,7.33,84.39,522.2,65.4,83.6,385.4,7.55,25.28,0.4,True,False
2026-09-23 06:13:50,CAT-D6-DOZ-008,1268,6.54,84.39,535.5,63.8,86.0,373.4,7.52,22.64,0.4,True,False
2026-09-23 06:13:50,CAT-980-WLD-005,1266,6.4,84.39,923.7,63.8,84.1,372.5,7.67,23.95,0.0,True,False
2026-09-23 06:13:55,CAT-320-EXC-014,1249,6.39,84.34,361.9,63.0,84.5,397.6,7.53,22.67,0.15,True,False
2026-09-23 06:13:55,CAT-745-ART-002,1219,7.23,84.34,477.6,65.2,82.2,374.4,7.98,23.51,0.13,True,False
2026-09-23 06:13:55,CAT-D6-DOZ-008,1238,5.13,84.34,422.7,62.9,83.9,391.6,7.54,23.51,0.2,True,False
2026-09-23 06:13:55,CAT-980-WLD-005,1267,4.59,84.34,474.9,62.5,84.4,407.6,7.6,23.9,0.0,True,False
2026-09-23 06:14:00,CAT-320-EXC-014,843,7.67,84.29,878.0,64.0,84.8,189.5,0.29,24.82,0.21,True,False
2026-09-23 06:14:00,CAT-745-ART-002,898,8.21,84.29,726.2,61.1,83.0,231.4,0.35,26.33,0.07,True,False
2026-09-23 06:14:00,CAT-D6-DOZ-008,888,5.7,84.29,606.6,63.7,83.9,246.7,0.82,24.37,0.06,True,False
2026-09-23 06:14:00,CAT-980-WLD-005,896,6.81,84.29,638.7,65.3,83.3,229.3,0.09,24.71,0.0,True,False
2026-09-23 06:14:05,CAT-320-EXC-014,899,6.32,84.25,891.8,64.1,85.0,197.3,0.07,23.61,0.0,True,False
2026-09-23 06:14:05,CAT-745-ART-002,877,5.29,84.25,832.1,64.3,85.5,199.5,0.08,26.6,0.19,True,False
2026-09-23 06:14:05,CAT-D6-DOZ-008,881,7.18,84.25,694.0,66.8,84.0,238.0,0.35,24.45,0.0,True,False
2026-09-23 06:14:05,CAT-980-WLD-005,877,5.95,84.25,381.0,63.3,83.9,210.7,0.28,24.19,0.26,True,False
2026-09-23 06:14:10,CAT-320-EXC-014,895,6.67,84.2,730.8,64.1,83.9,226.9,0.07,25.84,0.32,True,False
2026-09-23 06:14:10,CAT-745-ART-002,864,5.11,84.2,554.4,64.2,84.0,169.4,0.02,21.61,0.1,True,False
2026-09-23 06:14:10,CAT-D6-DOZ-008,853,6.0,84.2,445.4,64.4,85.6,231.4,0.78,23.49,0.0,True,False
2026-09-23 06:14:10,CAT-980-WLD-005,902,3.93,84.2,759.2,64.7,84.1,212.9,0.04,23.11,0.13,True,False
2026-09-23 06:14:15,CAT-320-EXC-014,883,7.87,84.16,753.9,65.0,84.3,219.2,0.16,24.0,0.09,True,False
2026-09-23 06:14:15,CAT-745-ART-002,866,7.32,84.16,704.1,65.0,84.9,254.6,1.01,23.94,0.39,True,False
2026-09-23 06:14:15,CAT-D6-DOZ-008,878,5.88,84.16,403.3,63.7,86.6,208.6,0.04,24.4,0.2,True,False
2026-09-23 06:14:15,CAT-980-WLD-005,840,7.99,84.16,453.7,63.8,85.3,216.1,0.23,22.89,0.0,True,False
2026-09-23 06:14:20,CAT-320-EXC-014,1752,31.57,84.11,4054.3,64.9,86.6,380.8,1.65,24.99,5.49,True,False
2026-09-23 06:14:20,CAT-745-ART-002,1750,33.38,84.11,4199.9,63.5,85.7,384.0,1.71,23.12,5.49,True,False
2026-09-23 06:14:20,CAT-D6-DOZ-008,1765,30.08,84.11,4420.0,63.4,83.4,376.9,1.81,22.34,5.58,True,False
2026-09-23 06:14:20,CAT-980-WLD-005,1736,30.51,84.11,4483.5,63.3,84.8,319.0,1.85,23.59,6.22,True,False
2026-09-23 06:14:25,CAT-320-EXC-014,1749,30.42,84.07,4510.7,65.6,83.2,370.3,1.75,24.79,6.73,True,False
2026-09-23 06:14:25,CAT-745-ART-002,1725,31.33,84.07,4413.7,62.3,84.3,343.2,2.07,22.9,7.16,True,False
2026-09-23 06:14:25,CAT-D6-DOZ-008,1746,32.66,84.07,4071.7,64.7,84.3,384.3,1.67,24.49,7.0,True,False
2026-09-23 06:14:25,CAT-980-WLD-005,1741,33.26,84.07,4182.5,62.6,85.2,395.1,2.81,25.73,7.05,True,False
2026-09-23 06:14:30,CAT-320-EXC-014,1750,32.94,84.02,4101.3,62.5,84.3,372.2,1.87,24.07,8.31,True,False
2026-09-23 06:14:30,CAT-745-ART-002,1784,31.34,84.02,4084.1,65.5,84.2,363.8,1.7,24.36,8.31,True,False
2026-09-23 06:14:30,CAT-D6-DOZ-008,1731,34.0,84.02,4266.7,64.1,84.2,400.1,1.63,24.93,8.15,True,False
2026-09-23 06:14:30,CAT-980-WLD-005,1733,32.27,84.02,4271.6,63.3,84.6,380.4,2.41,23.33,7.92,True,False
2026-09-23 06:14:35,CAT-320-EXC-014,1713,30.64,83.97,4304.0,64.4,83.4,372.2,2.14,25.13,8.65,True,False
2026-09-23 06:14:35,CAT-745-ART-002,1748,32.95,83.97,4396.0,64.5,85.2,408.8,1.6,22.83,8.26,True,False
2026-09-23 06:14:35,CAT-D6-DOZ-008,1747,30.17,83.97,4255.2,65.7,84.1,370.6,2.07,25.92,8.77,True,False
2026-09-23 06:14:35,CAT-980-WLD-005,1749,31.96,83.97,4545.1,64.6,85.7,357.2,1.94,23.54,8.94,True,False
2026-09-23 06:14:40,CAT-320-EXC-014,1783,33.56,83.93,4145.3,62.5,83.7,341.5,2.23,25.77,9.17,True,False
2026-09-23 06:14:40,CAT-745-ART-002,1751,30.77,83.93,4144.4,61.9,84.5,399.5,1.95,24.16,8.77,True,False
2026-09-23 06:14:40,CAT-D6-DOZ-008,1749,29.84,83.93,4050.6,63.6,84.8,403.3,2.25,22.91,9.4,True,False
2026-09-23 06:14:40,CAT-980-WLD-005,1754,33.22,83.93,4191.1,63.5,86.3,430.1,1.98,22.56,9.02,True,False
2026-09-23 06:14:45,CAT-320-EXC-014,1745,32.59,83.88,4389.3,63.1,85.3,365.7,1.78,24.65,9.79,True,False
2026-09-23 06:14:45,CAT-745-ART-002,1771,33.07,83.88,4216.8,64.8,83.2,366.9,2.56,24.56,9.43,True,False
2026-09-23 06:14:45,CAT-D6-DOZ-008,1732,30.62,83.88,3931.6,64.2,83.0,390.8,2.37,22.65,9.59,True,False
2026-09-23 06:14:45,CAT-980-WLD-005,1784,31.47,83.88,4765.8,62.7,83.9,386.8,1.82,23.73,9.26,True,False
2026-09-23 06:14:50,CAT-320-EXC-014,1767,32.75,83.84,4402.2,66.6,83.1,398.7,1.76,23.93,9.4,True,False
2026-09-23 06:14:50,CAT-745-ART-002,1817,32.13,83.84,4191.1,64.1,83.5,391.8,1.73,24.35,9.5,True,False
2026-09-23 06:14:50,CAT-D6-DOZ-008,1739,31.18,83.84,4138.5,64.3,83.8,360.4,1.85,21.77,9.32,True,False
2026-09-23 06:14:50,CAT-980-WLD-005,1787,32.32,83.84,4475.3,62.5,83.8,371.5,1.69,23.49,9.22,True,False
2026-09-23 06:14:55,CAT-320-EXC-014,1772,33.38,83.79,4279.9,64.3,86.1,364.1,2.26,23.5,9.07,True,False
2026-09-23 06:14:55,CAT-745-ART-002,1787,31.26,83.79,4295.7,63.4,84.4,402.2,1.95,22.32,8.8,True,False
2026-09-23 06:14:55,CAT-D6-DOZ-008,1731,33.71,83.79,4366.3,64.3,85.0,343.9,1.66,23.78,8.6,True,False
2026-09-23 06:14:55,CAT-980-WLD-005,1792,31.57,83.79,3995.0,65.8,85.6,374.5,1.89,24.57,9.06,True,False
2026-09-23 06:15:00,CAT-320-EXC-014,1743,32.41,83.74,4517.1,66.6,83.8,347.1,2.04,25.95,8.47,True,False
2026-09-23 06:15:00,CAT-745-ART-002,1788,33.34,83.74,4312.8,65.5,85.7,377.2,1.84,25.29,8.33,True,False
2026-09-23 06:15:00,CAT-D6-DOZ-008,1771,34.18,83.74,4459.3,64.4,83.9,398.7,2.46,24.91,8.48,True,False
2026-09-23 06:15:00,CAT-980-WLD-005,1768,30.34,83.74,4161.7,64.1,83.8,401.6,2.33,23.11,8.04,True,False
2026-09-23 06:15:05,CAT-320-EXC-014,1762,32.18,83.7,3580.9,63.6,84.2,375.6,2.23,24.07,7.5,True,False
2026-09-23 06:15:05,CAT-745-ART-002,1783,32.18,83.7,4408.2,63.6,84.8,384.9,1.74,24.88,7.28,True,False
2026-09-23 06:15:05,CAT-D6-DOZ-008,1739,30.67,83.7,4207.3,64.7,85.0,378.5,2.56,23.67,7.78,True,False
2026-09-23 06:15:05,CAT-980-WLD-005,1791,33.58,83.7,4288.3,63.5,85.9,396.6,2.03,26.65,7.77,True,False
2026-09-23 06:15:10,CAT-320-EXC-014,1811,34.78,83.65,4091.0,65.3,84.5,353.9,1.76,24.63,6.59,True,False
2026-09-23 06:15:10,CAT-745-ART-002,1715,31.39,83.65,3914.2,63.9,83.7,380.2,1.91,25.23,6.47,True,False
2026-09-23 06:15:10,CAT-D6-DOZ-008,1807,29.56,83.65,4110.4,64.9,85.4,394.7,2.04,22.88,6.18,True,False
2026-09-23 06:15:10,CAT-980-WLD-005,1787,33.74,83.65,4091.7,64.5,84.3,386.5,2.23,23.3,6.46,True,False
2026-09-23 06:15:15,CAT-320-EXC-014,1755,30.02,83.61,4336.6,65.7,84.8,380.6,1.87,23.63,5.57,True,False
2026-09-23 06:15:15,CAT-745-ART-002,1782,30.1,83.61,4390.1,64.3,83.0,409.4,1.64,25.29,5.22,True,False
2026-09-23 06:15:15,CAT-D6-DOZ-008,1729,31.61,83.61,4416.5,64.4,86.0,377.5,1.69,25.83,4.97,True,False
2026-09-23 06:15:15,CAT-980-WLD-005,1767,29.7,83.61,4102.2,62.8,86.0,384.7,1.65,24.39,5.37,True,False
2026-09-23 06:15:20,CAT-320-EXC-014,1744,32.38,83.56,4294.0,63.4,84.2,386.9,1.98,23.1,9.37,True,False
2026-09-23 06:15:20,CAT-745-ART-002,1767,33.43,83.56,4318.0,62.7,85.3,367.3,2.04,24.74,9.22,True,False
2026-09-23 06:15:20,CAT-D6-DOZ-008,1772,31.77,83.56,4675.4,63.7,85.1,386.8,2.03,23.66,8.75,True,False
2026-09-23 06:15:20,CAT-980-WLD-005,1759,33.82,83.56,4126.7,66.9,86.2,355.1,1.93,22.44,9.33,True,False
2026-09-23 06:15:25,CAT-320-EXC-014,1764,31.54,83.51,4188.8,62.7,84.6,391.1,1.75,25.29,8.92,True,False
2026-09-23 06:15:25,CAT-745-ART-002,1744,31.09,83.51,3928.5,63.9,86.6,373.8,1.81,23.78,8.53,True,False
2026-09-23 06:15:25,CAT-D6-DOZ-008,1749,33.71,83.51,4065.1,63.5,85.6,376.4,1.64,23.99,9.04,True,False
2026-09-23 06:15:25,CAT-980-WLD-005,1739,31.92,83.51,4139.1,64.4,83.7,395.4,2.09,23.59,9.48,True,False
2026-09-23 06:15:30,CAT-320-EXC-014,1731,32.06,83.47,4377.8,67.3,86.8,392.4,1.73,21.75,9.23,True,False
2026-09-23 06:15:30,CAT-745-ART-002,1746,32.19,83.47,4061.5,65.4,84.1,368.0,2.02,20.58,8.8,True,False
2026-09-23 06:15:30,CAT-D6-DOZ-008,1772,32.28,83.47,4247.5,62.5,84.0,401.3,2.22,24.06,9.24,True,False
2026-09-23 06:15:30,CAT-980-WLD-005,1756,32.39,83.47,4003.1,62.7,84.0,377.8,1.94,22.95,9.27,True,False
2026-09-23 06:15:35,CAT-320-EXC-014,1762,32.23,83.42,4511.4,64.4,86.3,380.3,2.1,23.64,8.59,True,False
2026-09-23 06:15:35,CAT-745-ART-002,1755,33.24,83.42,3917.3,66.4,84.9,340.9,1.64,23.29,8.19,True,False
2026-09-23 06:15:35,CAT-D6-DOZ-008,1768,33.73,83.42,4344.3,65.2,84.7,385.8,2.0,22.13,9.02,True,False
2026-09-23 06:15:35,CAT-980-WLD-005,1751,30.92,83.42,4426.1,63.9,85.3,347.5,1.85,22.54,8.66,True,False
2026-09-23 06:15:40,CAT-320-EXC-014,1781,31.56,83.38,4331.9,65.5,84.2,400.7,1.69,24.11,9.24,True,False
2026-09-23 06:15:40,CAT-745-ART-002,1753,31.79,83.38,4354.0,64.8,86.5,363.4,1.8,26.79,8.64,True,False
2026-09-23 06:15:40,CAT-D6-DOZ-008,1744,32.03,83.38,4209.2,63.6,84.7,391.0,2.09,24.87,8.86,True,False
2026-09-23 06:15:40,CAT-980-WLD-005,1751,31.12,83.38,4418.9,65.9,84.5,400.5,1.8,24.0,8.82,True,False
2026-09-23 06:15:45,CAT-320-EXC-014,1744,33.19,83.33,4276.5,65.0,85.7,413.2,1.9,25.24,9.2,True,False
2026-09-23 06:15:45,CAT-745-ART-002,1757,32.45,83.33,4048.0,64.9,84.8,399.1,1.75,22.44,9.22,True,False
2026-09-23 06:15:45,CAT-D6-DOZ-008,1782,33.35,83.33,4321.4,62.9,85.4,376.7,2.34,23.38,9.47,True,False
2026-09-23 06:15:45,CAT-980-WLD-005,1773,34.34,83.33,4457.8,64.7,84.7,382.7,1.99,26.16,9.21,True,False
2026-09-23 06:15:50,CAT-320-EXC-014,1797,31.01,83.29,4280.4,63.2,83.2,382.9,1.8,26.62,9.25,True,False
2026-09-23 06:15:50,CAT-745-ART-002,1751,32.23,83.29,4519.6,64.7,86.2,366.6,1.85,23.31,8.96,True,False
2026-09-23 06:15:50,CAT-D6-DOZ-008,1766,32.53,83.29,4560.6,64.6,84.6,378.9,1.74,24.81,8.31,True,False
2026-09-23 06:15:50,CAT-980-WLD-005,1781,30.73,83.29,4122.5,66.0,85.6,382.1,1.68,23.76,9.18,True,False
2026-09-23 06:15:55,CAT-320-EXC-014,1747,30.44,83.24,3817.1,64.1,84.3,401.0,1.95,25.06,9.54,True,False
2026-09-23 06:15:55,CAT-745-ART-002,1806,31.42,83.24,4058.5,63.6,84.6,410.8,2.59,23.22,8.41,True,False
2026-09-23 06:15:55,CAT-D6-DOZ-008,1707,31.86,83.24,4184.1,64.6,83.6,382.9,2.59,24.52,9.58,True,False
2026-09-23 06:15:55,CAT-980-WLD-005,1778,30.62,83.24,4236.6,65.0,86.4,370.9,1.66,23.19,8.65,True,False
2026-09-23 06:16:00,CAT-320-EXC-014,1803,31.08,83.19,3976.3,65.7,83.7,382.9,2.05,23.39,9.35,True,False
2026-09-23 06:16:00,CAT-745-ART-002,1752,31.49,83.19,4265.1,62.9,86.3,402.2,1.78,24.76,8.75,True,False
2026-09-23 06:16:00,CAT-D6-DOZ-008,1743,29.89,83.19,4124.9,63.0,84.8,340.1,2.13,22.12,9.67,True,False
2026-09-23 06:16:00,CAT-980-WLD-005,1742,31.09,83.19,4034.4,64.7,85.5,395.6,2.02,23.59,9.37,True,False
2026-09-23 06:16:05,CAT-320-EXC-014,1752,30.75,83.15,4204.3,64.9,84.3,379.4,1.61,24.51,8.33,True,False
2026-09-23 06:16:05,CAT-745-ART-002,1803,32.85,83.15,4168.3,64.7,84.8,385.3,1.86,23.59,8.77,True,False
2026-09-23 06:16:05,CAT-D6-DOZ-008,1767,33.04,83.15,4349.1,64.8,85.8,380.7,1.66,23.79,9.35,True,False
2026-09-23 06:16:05,CAT-980-WLD-005,1755,31.47,83.15,4242.3,65.3,85.6,379.5,2.04,22.94,8.51,True,False
2026-09-23 06:16:10,CAT-320-EXC-014,838,5.94,83.1,797.2,64.8,85.0,228.7,0.51,24.47,0.0,True,False
2026-09-23 06:16:10,CAT-745-ART-002,874,8.3,83.1,433.7,64.7,85.0,223.5,1.46,23.53,0.0,True,False
2026-09-23 06:16:10,CAT-D6-DOZ-008,858,8.82,83.1,578.4,65.1,84.1,221.6,0.51,23.49,0.0,True,False
2026-09-23 06:16:10,CAT-980-WLD-005,875,6.91,83.1,797.3,63.4,86.2,235.4,0.45,22.17,0.0,True,False
2026-09-23 06:16:15,CAT-320-EXC-014,840,5.85,83.06,286.5,64.8,85.2,224.9,0.25,22.5,0.04,True,False
2026-09-23 06:16:15,CAT-745-ART-002,856,5.3,83.06,701.9,65.6,83.0,217.4,0.21,23.47,0.0,True,False
2026-09-23 06:16:15,CAT-D6-DOZ-008,907,7.19,83.06,528.2,63.1,84.8,221.5,0.23,26.25,0.11,True,False
2026-09-23 06:16:15,CAT-980-WLD-005,860,6.55,83.06,465.2,64.0,84.2,216.9,0.11,24.02,0.01,True,False
2026-09-23 06:16:20,CAT-320-EXC-014,878,6.94,83.01,661.9,63.2,85.7,191.0,0.58,24.65,0.0,True,False
2026-09-23 06:16:20,CAT-745-ART-002,901,6.35,83.01,523.6,64.9,83.1,192.6,0.3,23.06,0.12,True,False
2026-09-23 06:16:20,CAT-D6-DOZ-008,853,5.89,83.01,670.3,63.3,83.9,204.8,0.38,23.95,0.0,True,False
2026-09-23 06:16:20,CAT-980-WLD-005,907,6.43,83.01,852.0,61.7,86.8,264.1,0.06,25.0,0.0,True,False
2026-09-23 06:16:25,CAT-320-EXC-014,827,7.45,82.96,421.9,64.6,83.4,223.9,0.13,21.67,0.0,True,False
2026-09-23 06:16:25,CAT-745-ART-002,889,5.97,82.96,490.2,64.8,85.5,213.5,0.16,21.54,0.02,True,False
2026-09-23 06:16:25,CAT-D6-DOZ-008,873,8.26,82.96,626.8,64.7,85.3,209.9,0.66,23.97,0.0,True,False
2026-09-23 06:16:25,CAT-980-WLD-005,864,7.71,82.96,418.8,66.8,85.6,249.2,0.25,22.3,0.0,True,False
2026-09-23 06:16:30,CAT-320-EXC-014,833,7.36,82.92,861.5,65.1,84.7,227.3,0.25,24.4,0.08,True,False
2026-09-23 06:16:30,CAT-745-ART-002,862,7.38,82.92,917.3,65.9,85.3,237.8,0.31,24.01,0.11,True,False
2026-09-23 06:16:30,CAT-D6-DOZ-008,900,6.64,82.92,741.9,63.4,85.5,233.8,0.05,23.38,0.3,True,False
2026-09-23 06:16:30,CAT-980-WLD-005,846,4.62,82.92,865.2,63.4,84.9,242.3,0.21,25.58,0.0,True,False
2026-09-23 06:16:35,CAT-320-EXC-014,1264,6.63,82.87,814.5,63.0,83.5,365.7,7.77,25.43,0.4,True,False
2026-09-23 06:16:35,CAT-745-ART-002,1255,5.62,82.87,916.7,64.4,85.3,398.2,7.65,23.66,0.03,True,False
2026-09-23 06:16:35,CAT-D6-DOZ-008,1275,5.88,82.87,200.0,64.5,84.4,356.5,7.65,24.98,0.0,True,False
2026-09-23 06:16:35,CAT-980-WLD-005,1279,6.12,82.87,660.4,65.3,85.7,398.2,8.12,23.34,0.0,True,False
2026-09-23 06:16:40,CAT-320-EXC-014,1251,7.64,82.83,651.8,64.2,85.3,389.1,8.05,24.59,0.4,True,False
2026-09-23 06:16:40,CAT-745-ART-002,1256,6.96,82.83,1097.6,66.1,85.7,353.6,8.0,23.24,0.0,True,False
2026-09-23 06:16:40,CAT-D6-DOZ-008,1245,5.43,82.83,641.1,65.6,84.1,359.8,8.48,25.94,0.0,True,False
2026-09-23 06:16:40,CAT-980-WLD-005,1244,5.31,82.83,584.4,62.5,84.3,383.7,7.76,25.66,0.33,True,False
2026-09-23 06:16:45,CAT-320-EXC-014,1227,7.1,82.78,724.6,65.0,83.3,383.7,7.52,25.17,0.02,True,False
2026-09-23 06:16:45,CAT-745-ART-002,1254,7.27,82.78,266.9,64.9,83.8,363.8,8.02,24.59,0.0,True,False
2026-09-23 06:16:45,CAT-D6-DOZ-008,1256,7.16,82.78,738.3,64.8,82.5,413.4,7.9,24.66,0.1,True,False
2026-09-23 06:16:45,CAT-980-WLD-005,1230,6.63,82.78,908.7,64.1,85.4,377.0,7.75,24.21,0.17,True,False
2026-09-23 06:16:50,CAT-320-EXC-014,859,7.25,82.74,696.9,65.7,84.7,210.0,0.06,23.4,0.0,True,False
2026-09-23 06:16:50,CAT-745-ART-002,909,5.36,82.74,827.6,63.8,86.3,209.3,0.16,22.17,0.0,True,False
2026-09-23 06:16:50,CAT-D6-DOZ-008,870,4.93,82.74,497.1,65.2,85.0,194.5,0.5,22.98,0.0,True,False
2026-09-23 06:16:50,CAT-980-WLD-005,897,7.19,82.74,586.6,64.4,84.1,187.8,0.12,24.24,0.0,True,False
2026-09-23 06:16:55,CAT-320-EXC-014,855,5.58,82.69,658.9,64.9,85.6,217.6,0.17,25.47,0.0,True,False
2026-09-23 06:16:55,CAT-745-ART-002,869,7.51,82.69,348.3,65.9,86.2,219.7,0.74,25.46,0.4,True,False
2026-09-23 06:16:55,CAT-D6-DOZ-008,875,7.12,82.69,446.1,64.1,83.5,220.4,0.15,26.37,0.02,True,False
2026-09-23 06:16:55,CAT-980-WLD-005,865,3.67,82.69,590.4,64.5,86.5,186.9,0.1,25.05,0.0,True,False
2026-09-23 06:17:00,CAT-320-EXC-014,890,7.45,82.64,571.9,64.0,85.2,199.4,0.1,25.21,0.0,True,False
2026-09-23 06:17:00,CAT-745-ART-002,878,6.17,82.64,843.8,63.1,84.8,242.7,0.23,21.55,0.0,True,False
2026-09-23 06:17:00,CAT-D6-DOZ-008,877,4.79,82.64,480.0,63.8,85.1,164.7,0.09,23.74,0.0,True,False
2026-09-23 06:17:00,CAT-980-WLD-005,861,7.28,82.64,200.0,62.1,85.3,182.7,0.24,24.4,0.09,True,False
2026-09-23 06:17:05,CAT-320-EXC-014,1747,32.2,82.6,4351.2,64.9,85.0,401.7,1.61,24.17,5.4,True,False
2026-09-23 06:17:05,CAT-745-ART-002,1742,30.3,82.6,4229.5,64.2,85.2,387.3,1.73,27.03,5.27,True,False
2026-09-23 06:17:05,CAT-D6-DOZ-008,1751,32.92,82.6,4227.2,64.3,84.1,384.1,1.64,23.5,5.22,True,False
2026-09-23 06:17:05,CAT-980-WLD-005,1746,32.92,82.6,4529.6,64.1,84.8,411.8,1.99,24.01,4.82,True,False
2026-09-23 06:17:10,CAT-320-EXC-014,1767,32.67,82.55,3922.9,63.4,84.4,386.4,2.16,23.14,6.24,True,False
2026-09-23 06:17:10,CAT-745-ART-002,1769,31.44,82.55,4470.0,64.6,85.2,378.6,1.63,24.22,6.48,True,False
2026-09-23 06:17:10,CAT-D6-DOZ-008,1763,31.15,82.55,4252.6,64.9,85.2,377.6,2.01,23.55,6.49,True,False
2026-09-23 06:17:10,CAT-980-WLD-005,1793,33.15,82.55,4627.4,63.8,87.0,346.1,2.19,25.45,6.43,True,False
2026-09-23 06:17:15,CAT-320-EXC-014,1721,31.68,82.51,4246.4,65.7,84.2,367.0,2.18,26.15,7.35,True,False
2026-09-23 06:17:15,CAT-745-ART-002,1753,31.26,82.51,4557.1,64.3,84.4,377.4,1.92,23.79,7.31,True,False
2026-09-23 06:17:15,CAT-D6-DOZ-008,1772,33.66,82.51,4188.4,63.4,85.6,374.6,1.78,25.24,7.28,True,False
2026-09-23 06:17:15,CAT-980-WLD-005,1719,32.35,82.51,4305.6,65.4,84.7,380.8,2.15,25.36,7.44,True,False
2026-09-23 06:17:20,CAT-320-EXC-014,1775,31.28,82.46,4311.5,66.2,82.8,388.3,1.96,25.54,8.13,True,False
2026-09-23 06:17:20,CAT-745-ART-002,1763,31.8,82.46,4273.9,64.9,82.5,409.1,2.02,23.05,8.23,True,False
2026-09-23 06:17:20,CAT-D6-DOZ-008,1809,31.96,82.46,4465.7,64.9,86.4,373.0,2.0,23.5,7.84,True,False
2026-09-23 06:17:20,CAT-980-WLD-005,1798,31.44,82.46,4077.3,63.0,84.2,395.8,1.66,24.66,8.16,True,False
2026-09-23 06:17:25,CAT-320-EXC-014,1748,31.2,82.41,3842.7,65.8,85.4,375.7,1.89,23.51,9.3,True,False
2026-09-23 06:17:25,CAT-745-ART-002,1767,31.16,82.41,4024.4,64.8,84.7,361.4,2.06,23.32,9.06,True,False
2026-09-23 06:17:25,CAT-D6-DOZ-008,1726,31.97,82.41,3923.9,63.2,85.0,357.9,1.69,22.47,8.92,True,False
2026-09-23 06:17:25,CAT-980-WLD-005,1746,32.94,82.41,4119.6,61.6,85.6,386.9,1.65,24.27,9.13,True,False
2026-09-23 06:17:30,CAT-320-EXC-014,1747,32.46,82.37,4207.9,63.6,84.2,390.3,2.03,24.5,9.68,True,False
2026-09-23 06:17:30,CAT-745-ART-002,1771,32.37,82.37,4237.8,65.5,85.5,362.2,2.18,23.51,9.3,True,False
2026-09-23 06:17:30,CAT-D6-DOZ-008,1762,33.8,82.37,4043.8,65.1,82.4,386.0,2.23,25.03,9.29,True,False
2026-09-23 06:17:30,CAT-980-WLD-005,1775,32.17,82.37,4281.5,65.1,86.7,360.6,1.75,22.65,8.89,True,False
2026-09-23 06:17:35,CAT-320-EXC-014,1773,33.14,82.32,4232.2,62.9,84.2,369.8,2.26,23.94,9.27,True,False
2026-09-23 06:17:35,CAT-745-ART-002,1774,34.36,82.32,4017.2,65.5,87.2,371.4,1.88,24.39,9.45,True,False
2026-09-23 06:17:35,CAT-D6-DOZ-008,1763,30.27,82.32,4198.5,66.6,84.1,397.6,2.03,22.8,9.19,True,False
2026-09-23 06:17:35,CAT-980-WLD-005,1755,32.47,82.32,4302.0,65.1,85.3,367.2,1.87,24.94,9.0,True,False
2026-09-23 06:17:40,CAT-320-EXC-014,1784,31.85,82.28,4144.4,62.9,84.7,408.7,1.68,25.25,9.28,True,False
2026-09-23 06:17:40,CAT-745-ART-002,1774,34.48,82.28,4095.8,66.3,84.0,361.6,2.49,23.71,9.51,True,False
2026-09-23 06:17:40,CAT-D6-DOZ-008,1759,30.73,82.28,4330.9,64.7,86.7,376.0,1.84,23.06,9.31,True,False
2026-09-23 06:17:40,CAT-980-WLD-005,1729,30.88,82.28,4263.7,64.9,86.0,382.2,1.69,23.65,9.2,True,False
2026-09-23 06:17:45,CAT-320-EXC-014,1812,32.26,82.23,4321.7,64.6,84.8,395.7,1.63,25.33,8.46,True,False
2026-09-23 06:17:45,CAT-745-ART-002,1771,34.02,82.23,4067.0,64.3,85.4,352.0,1.78,25.26,9.09,True,False
2026-09-23 06:17:45,CAT-D6-DOZ-008,1742,32.92,82.23,4808.7,64.5,85.6,386.3,2.01,23.64,8.67,True,False
2026-09-23 06:17:45,CAT-980-WLD-005,1746,29.23,82.23,4266.2,64.1,85.3,392.0,1.84,23.94,8.62,True,False
2026-09-23 06:17:50,CAT-320-EXC-014,1762,31.48,82.18,4170.2,66.0,83.2,347.5,1.66,23.34,8.05,True,False
2026-09-23 06:17:50,CAT-745-ART-002,1742,31.03,82.18,4427.6,65.6,85.3,374.7,2.08,25.07,8.03,True,False
2026-09-23 06:17:50,CAT-D6-DOZ-008,1767,31.71,82.18,4143.3,64.4,86.1,386.9,1.78,24.91,8.27,True,False
2026-09-23 06:17:50,CAT-980-WLD-005,1725,31.95,82.18,4168.0,64.1,84.6,366.3,2.3,23.96,8.08,True,False
2026-09-23 06:17:55,CAT-320-EXC-014,1758,34.17,82.14,4304.3,66.6,85.4,380.4,1.64,23.32,7.17,True,False
2026-09-23 06:17:55,CAT-745-ART-002,1757,28.71,82.14,4348.1,64.2,85.5,400.0,1.62,24.5,6.69,True,False
2026-09-23 06:17:55,CAT-D6-DOZ-008,1800,30.9,82.14,4247.9,65.3,85.8,373.5,2.57,24.57,7.44,True,False
2026-09-23 06:17:55,CAT-980-WLD-005,1763,33.04,82.14,4120.2,63.1,84.2,398.9,1.95,20.22,7.21,True,False
2026-09-23 06:18:00,CAT-320-EXC-014,1758,32.06,82.09,3951.0,64.8,85.5,398.9,1.6,25.13,6.2,True,False
2026-09-23 06:18:00,CAT-745-ART-002,1766,31.42,82.09,4132.8,64.0,85.2,387.0,2.15,23.82,5.98,True,False
2026-09-23 06:18:00,CAT-D6-DOZ-008,1743,29.67,82.09,4094.4,64.4,84.3,387.1,1.87,23.56,6.19,True,False
2026-09-23 06:18:00,CAT-980-WLD-005,1776,30.85,82.09,4092.2,67.1,82.4,351.0,1.62,23.89,5.96,True,False
2026-09-23 06:18:05,CAT-320-EXC-014,1751,29.87,82.05,4324.3,66.5,85.7,395.0,1.74,24.41,8.4,True,False
2026-09-23 06:18:05,CAT-745-ART-002,1792,30.45,82.05,4206.9,62.4,87.4,381.1,1.88,24.85,9.04,True,False
2026-09-23 06:18:05,CAT-D6-DOZ-008,1771,32.02,82.05,4480.7,64.1,82.9,349.4,2.36,23.51,8.96,True,False
2026-09-23 06:18:05,CAT-980-WLD-005,1764,31.21,82.05,4586.2,65.4,85.4,346.4,1.71,24.44,9.07,True,False
2026-09-23 06:18:10,CAT-320-EXC-014,1758,31.42,82.0,4470.4,63.3,82.2,378.4,2.53,23.93,8.22,True,False
2026-09-23 06:18:10,CAT-745-ART-002,1761,33.29,82.0,4178.7,65.1,84.5,388.1,2.01,23.2,9.0,True,False
2026-09-23 06:18:10,CAT-D6-DOZ-008,1746,32.04,82.0,4233.5,66.9,84.9,397.4,1.72,25.06,9.1,True,False
2026-09-23 06:18:10,CAT-980-WLD-005,1761,31.2,82.0,4210.6,65.4,84.6,382.8,2.19,24.9,9.68,True,False
2026-09-23 06:18:15,CAT-320-EXC-014,1709,33.33,81.96,4012.6,64.0,83.7,397.7,2.11,22.94,8.73,True,False
2026-09-23 06:18:15,CAT-745-ART-002,1773,31.62,81.96,4287.3,65.4,83.9,370.6,1.87,21.92,8.94,True,False
2026-09-23 06:18:15,CAT-D6-DOZ-008,1798,34.37,81.96,4406.3,64.4,84.6,366.5,2.46,25.59,8.66,True,False
2026-09-23 06:18:15,CAT-980-WLD-005,1755,33.44,81.96,4041.9,65.5,85.3,399.2,2.37,25.04,8.41,True,False
2026-09-23 06:18:20,CAT-320-EXC-014,1735,33.35,81.91,4323.2,63.8,84.1,391.0,2.39,22.92,8.78,True,False
2026-09-23 06:18:20,CAT-745-ART-002,1761,32.63,81.91,4248.7,65.7,85.6,394.5,1.81,22.71,9.09,True,False
2026-09-23 06:18:20,CAT-D6-DOZ-008,1798,31.93,81.91,4225.1,64.2,85.4,401.2,1.83,23.37,9.2,True,False
2026-09-23 06:18:20,CAT-980-WLD-005,1764,33.64,81.91,4358.5,65.6,83.4,372.1,2.42,23.59,9.17,True,False
2026-09-23 06:18:25,CAT-320-EXC-014,1742,30.85,81.86,4309.5,65.5,85.4,371.5,2.22,25.03,8.44,True,False
2026-09-23 06:18:25,CAT-745-ART-002,1784,32.14,81.86,3900.7,66.3,85.7,374.8,1.79,24.4,9.01,True,False
2026-09-23 06:18:25,CAT-D6-DOZ-008,1765,34.39,81.86,4110.7,65.0,85.4,362.8,1.85,24.62,8.96,True,False
2026-09-23 06:18:25,CAT-980-WLD-005,1746,34.42,81.86,4609.3,65.6,83.8,402.1,2.1,22.21,8.51,True,False
2026-09-23 06:18:30,CAT-320-EXC-014,1724,30.15,81.82,4076.2,64.5,85.1,374.5,1.87,24.06,8.89,True,False
2026-09-23 06:18:30,CAT-745-ART-002,1790,32.31,81.82,4000.6,67.2,84.7,376.2,1.61,23.42,8.71,True,False
2026-09-23 06:18:30,CAT-D6-DOZ-008,1770,31.55,81.82,4212.1,64.9,85.7,354.5,1.74,24.08,8.69,True,False
2026-09-23 06:18:30,CAT-980-WLD-005,1771,30.76,81.82,4489.3,62.5,86.2,385.1,1.88,25.29,9.13,True,False
2026-09-23 06:18:35,CAT-320-EXC-014,1739,33.75,81.77,4141.8,63.3,84.8,393.6,1.96,23.62,9.1,True,False
2026-09-23 06:18:35,CAT-745-ART-002,1789,31.57,81.77,3987.5,64.1,84.2,387.9,2.31,24.13,8.85,True,False
2026-09-23 06:18:35,CAT-D6-DOZ-008,1726,32.51,81.77,4147.7,64.0,83.9,396.5,1.96,22.78,8.39,True,False
2026-09-23 06:18:35,CAT-980-WLD-005,1790,30.12,81.77,3956.6,64.5,85.2,390.0,1.66,23.21,8.71,True,False
2026-09-23 06:18:40,CAT-320-EXC-014,1781,30.34,81.73,4054.7,65.5,84.6,368.2,2.03,26.02,8.78,True,False
2026-09-23 06:18:40,CAT-745-ART-002,1783,31.89,81.73,3872.9,64.0,84.8,376.6,2.05,24.09,8.67,True,False
2026-09-23 06:18:40,CAT-D6-DOZ-008,1776,32.77,81.73,4512.1,63.1,85.0,364.8,2.32,25.13,9.29,True,False
2026-09-23 06:18:40,CAT-980-WLD-005,1748,33.15,81.73,3775.3,64.0,85.2,392.3,1.71,24.6,8.73,True,False
2026-09-23 06:18:45,CAT-320-EXC-014,1753,33.14,81.68,4375.6,65.5,84.4,368.4,2.3,23.92,8.92,True,False
2026-09-23 06:18:45,CAT-745-ART-002,1801,31.31,81.68,4066.4,64.7,84.3,396.7,1.79,24.25,8.92,True,False
2026-09-23 06:18:45,CAT-D6-DOZ-008,1759,31.47,81.68,4480.9,63.7,86.7,420.0,1.63,23.18,8.97,True,False
2026-09-23 06:18:45,CAT-980-WLD-005,1775,34.06,81.68,4307.2,64.2,84.2,335.4,1.66,24.49,8.9,True,False
2026-09-23 06:18:50,CAT-320-EXC-014,1771,32.48,81.63,4045.1,63.7,85.3,384.6,1.77,24.88,8.41,True,False
2026-09-23 06:18:50,CAT-745-ART-002,1754,33.17,81.63,3918.6,64.0,84.3,383.2,1.7,24.8,9.3,True,False
2026-09-23 06:18:50,CAT-D6-DOZ-008,1781,31.16,81.63,4188.0,63.3,85.2,398.8,1.61,24.51,8.39,True,False
2026-09-23 06:18:50,CAT-980-WLD-005,1772,31.78,81.63,4377.7,65.5,84.2,386.8,1.75,22.78,9.26,True,False
2026-09-23 06:18:55,CAT-320-EXC-014,895,5.94,81.59,447.7,64.3,87.1,227.2,0.54,23.52,0.0,True,False
2026-09-23 06:18:55,CAT-745-ART-002,881,5.28,81.59,427.5,62.8,84.8,224.9,0.3,22.94,0.0,True,False
2026-09-23 06:18:55,CAT-D6-DOZ-008,932,5.41,81.59,528.7,64.3,86.0,245.8,0.13,22.09,0.0,True,False
2026-09-23 06:18:55,CAT-980-WLD-005,874,5.03,81.59,407.8,64.9,83.9,193.2,0.67,22.57,0.0,True,False
2026-09-23 06:19:00,CAT-320-EXC-014,894,7.54,81.54,464.2,64.0,84.1,217.2,0.61,24.46,0.0,True,False
2026-09-23 06:19:00,CAT-745-ART-002,908,8.41,81.54,621.1,64.6,85.4,214.4,0.14,22.28,0.0,True,False
2026-09-23 06:19:00,CAT-D6-DOZ-008,872,5.3,81.54,589.5,66.9,86.4,211.7,0.29,22.49,0.14,True,False
2026-09-23 06:19:00,CAT-980-WLD-005,844,5.19,81.54,553.4,65.6,84.6,208.3,0.2,25.37,0.0,True,False
2026-09-23 06:19:05,CAT-320-EXC-014,799,7.13,81.5,888.9,64.9,83.3,223.5,0.32,22.19,0.0,True,False
2026-09-23 06:19:05,CAT-745-ART-002,875,8.58,81.5,624.2,67.7,85.5,239.1,0.06,23.76,0.14,True,False
2026-09-23 06:19:05,CAT-D6-DOZ-008,863,6.51,81.5,584.1,65.6,83.7,233.5,0.23,24.1,0.18,True,False
2026-09-23 06:19:05,CAT-980-WLD-005,877,5.1,81.5,742.0,65.5,85.3,210.1,0.18,24.23,0.0,True,False
2026-09-23 06:19:10,CAT-320-EXC-014,886,5.82,81.45,690.5,62.5,86.7,227.6,0.22,23.98,0.0,True,False
2026-09-23 06:19:10,CAT-745-ART-002,878,5.76,81.45,596.9,65.6,86.3,266.8,0.42,24.31,0.0,True,False
2026-09-23 06:19:10,CAT-D6-DOZ-008,908,7.75,81.45,323.2,63.0,84.6,222.4,0.47,23.19,0.0,True,False
2026-09-23 06:19:10,CAT-980-WLD-005,838,6.45,81.45,682.6,64.5,84.1,211.3,0.08,22.73,0.18,True,False
2026-09-23 06:19:15,CAT-320-EXC-014,877,6.1,81.41,768.3,64.0,84.6,218.7,0.08,24.05,0.25,True,False
2026-09-23 06:19:15,CAT-745-ART-002,872,6.27,81.41,704.6,65.6,86.0,233.8,0.01,22.39,0.13,True,False
2026-09-23 06:19:15,CAT-D6-DOZ-008,876,8.18,81.41,816.7,65.2,83.0,214.3,0.27,21.75,0.0,True,False
2026-09-23 06:19:15,CAT-980-WLD-005,900,7.0,81.41,241.8,64.8,85.7,226.5,0.16,23.81,0.0,True,False
2026-09-23 06:19:20,CAT-320-EXC-014,1240,6.84,81.36,524.8,62.4,83.6,387.8,7.62,24.88,0.07,True,False
2026-09-23 06:19:20,CAT-745-ART-002,1227,4.71,81.36,702.1,64.9,84.0,397.0,8.18,22.57,0.0,True,False
2026-09-23 06:19:20,CAT-D6-DOZ-008,1274,6.73,81.36,828.3,64.3,83.9,396.0,7.83,23.63,0.24,True,False
2026-09-23 06:19:20,CAT-980-WLD-005,1217,5.12,81.36,341.6,63.9,85.2,373.7,7.92,23.76,0.0,True,False
2026-09-23 06:19:25,CAT-320-EXC-014,1279,6.79,81.31,1035.8,65.6,84.3,379.9,7.66,25.63,0.02,True,False
2026-09-23 06:19:25,CAT-745-ART-002,1225,6.08,81.31,200.0,64.5,85.3,387.6,8.14,25.03,0.4,True,False
2026-09-23 06:19:25,CAT-D6-DOZ-008,1227,5.8,81.31,982.0,65.7,84.4,367.6,8.07,24.55,0.21,True,False
2026-09-23 06:19:25,CAT-980-WLD-005,1270,6.79,81.31,762.5,64.0,85.6,375.0,7.59,23.66,0.02,True,False
2026-09-23 06:19:30,CAT-320-EXC-014,1283,5.35,81.27,458.3,64.3,84.1,361.3,7.93,21.27,0.4,True,False
2026-09-23 06:19:30,CAT-745-ART-002,1251,6.53,81.27,493.5,65.1,85.9,367.8,8.17,22.42,0.0,True,False
2026-09-23 06:19:30,CAT-D6-DOZ-008,1266,6.52,81.27,636.4,64.3,84.2,400.3,7.54,22.82,0.0,True,False
2026-09-23 06:19:30,CAT-980-WLD-005,1260,6.48,81.27,592.0,66.3,84.1,378.5,7.55,24.62,0.03,True,False
2026-09-23 06:19:35,CAT-320-EXC-014,1210,5.88,81.22,455.3,65.1,85.6,402.7,7.96,26.23,0.0,True,False
2026-09-23 06:19:35,CAT-745-ART-002,1235,7.75,81.22,734.0,63.8,86.1,371.4,7.74,23.17,0.0,True,False
2026-09-23 06:19:35,CAT-D6-DOZ-008,1252,4.35,81.22,767.3,64.6,84.4,414.1,7.75,25.49,0.0,True,False
2026-09-23 06:19:35,CAT-980-WLD-005,1250,4.95,81.22,682.5,65.6,84.1,358.5,7.93,23.18,0.01,True,False
2026-09-23 06:19:40,CAT-320-EXC-014,903,5.6,81.18,652.2,64.4,83.1,213.9,0.18,23.2,0.0,True,False
2026-09-23 06:19:40,CAT-745-ART-002,881,5.27,81.18,699.7,65.2,85.8,188.5,0.2,22.69,0.0,True,False
2026-09-23 06:19:40,CAT-D6-DOZ-008,886,7.49,81.18,590.1,65.8,86.4,184.0,0.25,25.51,0.07,True,False
2026-09-23 06:19:40,CAT-980-WLD-005,866,5.76,81.18,370.3,63.9,84.7,237.9,0.39,22.99,0.06,True,False
2026-09-23 06:19:45,CAT-320-EXC-014,892,4.62,81.13,802.2,65.1,84.6,189.6,0.27,23.94,0.01,True,False
2026-09-23 06:19:45,CAT-745-ART-002,901,5.6,81.13,520.1,64.9,83.9,242.7,0.09,24.04,0.0,True,False
2026-09-23 06:19:45,CAT-D6-DOZ-008,905,5.47,81.13,506.9,66.8,84.8,222.5,0.27,22.26,0.09,True,False
2026-09-23 06:19:45,CAT-980-WLD-005,854,6.26,81.13,293.7,65.3,84.5,233.2,0.7,24.69,0.22,True,False
2026-09-23 06:19:50,CAT-320-EXC-014,924,6.74,81.08,458.7,62.7,84.5,214.6,0.15,25.51,0.0,True,False
2026-09-23 06:19:50,CAT-745-ART-002,835,5.95,81.08,381.7,64.2,85.4,208.7,0.21,22.63,0.04,True,False
2026-09-23 06:19:50,CAT-D6-DOZ-008,872,9.05,81.08,480.3,64.0,84.5,218.4,0.39,24.2,0.37,True,False
2026-09-23 06:19:50,CAT-980-WLD-005,883,6.06,81.08,672.1,65.4,85.2,184.7,0.59,24.28,0.0,True,False
2026-09-23 06:19:55,CAT-320-EXC-014,1815,32.72,81.04,4517.5,64.7,85.8,396.7,1.69,22.51,6.07,True,False
2026-09-23 06:19:55,CAT-745-ART-002,1724,32.56,81.04,4163.0,64.9,85.8,374.3,1.73,25.38,5.93,True,False
2026-09-23 06:19:55,CAT-D6-DOZ-008,1778,31.78,81.04,4195.5,66.5,84.9,417.0,1.84,25.16,5.58,True,False
2026-09-23 06:19:55,CAT-980-WLD-005,1740,32.04,81.04,4326.8,64.6,85.3,376.1,2.29,22.38,5.62,True,False
2026-09-23 06:20:00,CAT-320-EXC-014,1723,31.95,80.99,4333.9,68.1,84.7,387.3,1.86,24.1,6.83,True,False
2026-09-23 06:20:00,CAT-745-ART-002,1768,30.91,80.99,4093.9,65.5,85.2,339.5,2.29,23.94,7.16,True,False
2026-09-23 06:20:00,CAT-D6-DOZ-008,1735,30.69,80.99,4339.6,65.9,85.6,386.3,2.05,23.83,6.75,True,False
2026-09-23 06:20:00,CAT-980-WLD-005,1766,33.37,80.99,4235.9,63.6,86.9,332.6,1.73,22.67,6.95,True,False
2026-09-23 06:20:05,CAT-320-EXC-014,1756,32.73,80.95,4291.0,62.2,84.4,398.7,1.81,23.44,7.63,True,False
2026-09-23 06:20:05,CAT-745-ART-002,1753,31.81,80.95,4433.8,65.2,84.6,391.2,1.79,24.01,7.96,True,False
2026-09-23 06:20:05,CAT-D6-DOZ-008,1742,32.35,80.95,4450.9,65.1,83.7,372.3,2.36,22.37,8.09,True,False
2026-09-23 06:20:05,CAT-980-WLD-005,1783,31.27,80.95,4410.9,64.1,86.6,383.1,1.91,23.44,7.57,True,False
2026-09-23 06:20:10,CAT-320-EXC-014,1765,30.09,80.9,4518.4,66.9,83.1,386.9,1.93,22.64,8.46,True,False
2026-09-23 06:20:10,CAT-745-ART-002,1769,32.4,80.9,4207.9,62.9,83.3,389.2,1.69,23.77,8.65,True,False
2026-09-23 06:20:10,CAT-D6-DOZ-008,1799,32.02,80.9,4379.1,67.1,85.1,426.1,1.95,24.36,8.57,True,False
2026-09-23 06:20:10,CAT-980-WLD-005,1780,33.93,80.9,4348.5,65.8,85.6,367.4,1.97,24.6,8.38,True,False
2026-09-23 06:20:15,CAT-320-EXC-014,1715,34.16,80.85,4515.6,64.7,83.2,378.8,1.64,23.0,9.31,True,False
2026-09-23 06:20:15,CAT-745-ART-002,1753,29.68,80.85,4267.5,64.7,87.3,365.1,1.93,25.08,9.22,True,False
2026-09-23 06:20:15,CAT-D6-DOZ-008,1758,32.43,80.85,4264.8,65.8,85.5,390.1,2.02,24.3,9.23,True,False
2026-09-23 06:20:15,CAT-980-WLD-005,1776,30.81,80.85,4320.1,65.5,82.0,354.6,2.06,25.26,9.19,True,False
2026-09-23 06:20:20,CAT-320-EXC-014,1747,32.26,80.81,4175.8,66.3,84.9,366.6,2.03,23.66,9.42,True,False
2026-09-23 06:20:20,CAT-745-ART-002,1780,34.38,80.81,4070.8,64.8,85.9,390.3,1.75,25.37,9.06,True,False
2026-09-23 06:20:20,CAT-D6-DOZ-008,1733,33.7,80.81,4394.2,62.3,86.3,380.3,1.84,23.16,9.27,True,False
2026-09-23 06:20:20,CAT-980-WLD-005,1736,31.95,80.81,4100.4,64.3,84.5,370.7,1.67,22.25,9.77,True,False
2026-09-23 06:20:25,CAT-320-EXC-014,1743,29.75,80.76,4433.4,64.3,84.7,382.1,1.62,23.37,9.2,True,False
2026-09-23 06:20:25,CAT-745-ART-002,1773,33.42,80.76,4387.4,67.9,86.6,358.8,2.26,23.39,9.23,True,False
2026-09-23 06:20:25,CAT-D6-DOZ-008,1761,33.09,80.76,4003.3,63.7,85.1,406.0,1.91,24.76,9.28,True,False
2026-09-23 06:20:25,CAT-980-WLD-005,1743,30.68,80.76,4157.1,63.6,86.0,387.1,1.71,22.68,8.99,True,False
2026-09-23 06:20:30,CAT-320-EXC-014,1759,30.43,80.72,4181.1,62.1,85.7,391.5,2.25,24.53,9.21,True,False
2026-09-23 06:20:30,CAT-745-ART-002,1814,31.84,80.72,4353.6,63.0,84.4,373.3,1.88,23.72,8.94,True,False
2026-09-23 06:20:30,CAT-D6-DOZ-008,1749,33.6,80.72,4306.0,64.7,83.0,366.3,1.68,24.97,9.27,True,False
2026-09-23 06:20:30,CAT-980-WLD-005,1803,31.79,80.72,4285.0,64.4,85.6,405.2,2.04,21.68,9.23,True,False
2026-09-23 06:20:35,CAT-320-EXC-014,1796,31.63,80.67,4228.7,67.3,86.2,393.9,2.03,23.37,8.21,True,False
2026-09-23 06:20:35,CAT-745-ART-002,1730,33.67,80.67,4227.4,64.4,85.7,389.4,1.73,26.74,8.51,True,False
2026-09-23 06:20:35,CAT-D6-DOZ-008,1753,31.87,80.67,4475.7,65.2,84.7,395.3,2.24,26.91,8.2,True,False
2026-09-23 06:20:35,CAT-980-WLD-005,1803,31.83,80.67,4517.5,65.3,86.3,357.4,2.36,23.45,8.56,True,False
2026-09-23 06:20:40,CAT-320-EXC-014,1754,30.65,80.63,4505.5,62.8,84.0,374.2,1.87,24.86,7.55,True,False
2026-09-23 06:20:40,CAT-745-ART-002,1764,32.31,80.63,4227.9,65.3,85.1,385.6,1.81,22.08,8.03,True,False
2026-09-23 06:20:40,CAT-D6-DOZ-008,1749,32.31,80.63,4141.8,63.8,83.9,385.5,2.11,24.88,7.68,True,False
2026-09-23 06:20:40,CAT-980-WLD-005,1750,33.48,80.63,4319.6,63.9,85.5,357.3,2.08,22.23,7.3,True,False
2026-09-23 06:20:45,CAT-320-EXC-014,1799,32.15,80.58,3856.2,65.0,85.1,391.8,1.63,23.08,6.6,True,False
2026-09-23 06:20:45,CAT-745-ART-002,1726,33.07,80.58,3796.8,64.7,85.8,373.4,1.74,23.87,6.5,True,False
2026-09-23 06:20:45,CAT-D6-DOZ-008,1775,30.48,80.58,4274.8,65.6,85.3,365.0,1.62,23.5,6.33,True,False
2026-09-23 06:20:45,CAT-980-WLD-005,1790,33.6,80.58,4155.2,65.5,84.6,376.4,2.79,23.4,6.7,True,False
2026-09-23 06:20:50,CAT-320-EXC-014,1746,32.04,80.53,4246.2,64.3,84.7,370.6,1.61,23.66,5.58,True,False
2026-09-23 06:20:50,CAT-745-ART-002,1787,32.82,80.53,4470.2,66.6,85.6,383.8,2.2,24.18,5.93,True,False
2026-09-23 06:20:50,CAT-D6-DOZ-008,1736,31.56,80.53,4070.0,65.3,84.7,391.5,1.72,24.13,5.54,True,False
2026-09-23 06:20:50,CAT-980-WLD-005,1742,32.15,80.53,4319.9,65.9,86.0,387.8,1.86,26.43,5.73,True,False
2026-09-23 06:20:55,CAT-320-EXC-014,1789,31.9,80.49,4087.7,65.8,83.8,375.6,1.92,25.2,8.57,True,False
2026-09-23 06:20:55,CAT-745-ART-002,1755,32.94,80.49,4241.6,63.5,86.0,361.4,1.92,24.45,9.05,True,False
2026-09-23 06:20:55,CAT-D6-DOZ-008,1751,31.88,80.49,4147.2,66.6,84.1,370.1,1.97,22.87,8.99,True,False
2026-09-23 06:20:55,CAT-980-WLD-005,1773,31.65,80.49,4351.5,66.8,84.5,364.4,1.67,25.38,9.21,True,False
2026-09-23 06:21:00,CAT-320-EXC-014,1756,32.24,80.44,4486.7,65.1,84.7,397.5,2.38,23.6,8.7,True,False
2026-09-23 06:21:00,CAT-745-ART-002,1747,31.91,80.44,4392.6,64.7,86.3,402.3,1.69,23.77,8.79,True,False
2026-09-23 06:21:00,CAT-D6-DOZ-008,1749,32.24,80.44,3952.4,64.1,83.6,350.0,1.79,23.3,8.79,True,False
2026-09-23 06:21:00,CAT-980-WLD-005,1764,32.12,80.44,4448.8,65.9,84.7,383.8,1.64,25.03,8.92,True,False
2026-09-23 06:21:05,CAT-320-EXC-014,1746,32.13,80.4,4460.3,66.2,85.0,346.5,1.88,24.69,8.78,True,False
2026-09-23 06:21:05,CAT-745-ART-002,1768,30.6,80.4,4541.2,63.7,85.3,365.4,2.35,24.05,8.73,True,False
2026-09-23 06:21:05,CAT-D6-DOZ-008,1739,32.85,80.4,4119.0,65.9,82.3,361.3,2.14,23.21,8.72,True,False
2026-09-23 06:21:05,CAT-980-WLD-005,1785,31.71,80.4,4203.1,65.0,85.6,374.9,1.68,21.9,8.9,True,False
2026-09-23 06:21:10,CAT-320-EXC-014,1744,32.64,80.35,3908.8,64.8,85.3,384.3,1.65,23.78,9.07,True,False
2026-09-23 06:21:10,CAT-745-ART-002,1761,30.61,80.35,4257.0,64.3,85.2,373.5,1.91,21.93,9.39,True,False
2026-09-23 06:21:10,CAT-D6-DOZ-008,1742,31.79,80.35,4141.1,64.6,85.2,407.7,1.6,24.59,8.74,True,False
2026-09-23 06:21:10,CAT-980-WLD-005,1759,32.89,80.35,3834.4,66.6,84.5,391.8,2.14,23.73,8.52,True,False
2026-09-23 06:21:15,CAT-320-EXC-014,1780,32.24,80.3,4100.2,63.5,85.2,401.0,1.72,23.79,9.44,True,False
2026-09-23 06:21:15,CAT-745-ART-002,1790,31.79,80.3,4289.1,64.5,86.4,365.6,1.76,24.37,9.46,True,False
2026-09-23 06:21:15,CAT-D6-DOZ-008,1750,32.6,80.3,4496.3,64.8,83.7,365.0,1.7,21.83,9.04,True,False
2026-09-23 06:21:15,CAT-980-WLD-005,1784,31.01,80.3,4073.6,64.8,84.7,382.5,2.08,24.19,9.02,True,False
2026-09-23 06:21:20,CAT-320-EXC-014,1710,31.14,80.26,3980.2,63.6,84.4,364.7,1.77,26.85,9.17,True,False
2026-09-23 06:21:20,CAT-745-ART-002,1749,33.08,80.26,4339.4,65.4,85.7,366.7,1.61,26.67,9.15,True,False
2026-09-23 06:21:20,CAT-D6-DOZ-008,1786,30.87,80.26,4232.4,65.4,84.6,373.6,1.83,22.22,8.96,True,False
2026-09-23 06:21:20,CAT-980-WLD-005,1734,32.27,80.26,4112.3,64.9,85.9,386.4,1.89,24.88,9.48,True,False
2026-09-23 06:21:25,CAT-320-EXC-014,1793,32.19,80.21,4625.3,66.2,85.7,376.5,1.85,23.25,8.8,True,False
2026-09-23 06:21:25,CAT-745-ART-002,1765,30.05,80.21,4482.4,67.0,85.0,393.5,1.8,25.31,8.8,True,False
2026-09-23 06:21:25,CAT-D6-DOZ-008,1743,33.84,80.21,4394.9,66.3,84.9,396.5,1.86,26.12,8.82,True,False
2026-09-23 06:21:25,CAT-980-WLD-005,1757,30.8,80.21,4227.7,67.7,85.0,368.2,1.77,25.76,9.49,True,False
2026-09-23 06:21:30,CAT-320-EXC-014,1746,30.62,80.17,4206.9,63.7,85.7,367.5,2.44,22.99,9.58,True,False
2026-09-23 06:21:30,CAT-745-ART-002,1756,33.63,80.17,4024.5,64.4,84.2,382.1,2.4,25.76,9.5,True,False
2026-09-23 06:21:30,CAT-D6-DOZ-008,1768,31.73,80.17,4227.1,64.7,85.4,386.0,1.9,24.48,9.02,True,False
2026-09-23 06:21:30,CAT-980-WLD-005,1826,31.06,80.17,4309.5,66.0,86.5,384.4,1.86,26.59,9.39,True,False
2026-09-23 06:21:35,CAT-320-EXC-014,1774,34.56,80.12,4061.0,64.7,84.4,355.7,1.69,23.81,8.82,True,False
2026-09-23 06:21:35,CAT-745-ART-002,1740,33.01,80.12,4327.2,64.9,83.7,374.8,2.32,25.08,8.69,True,False
2026-09-23 06:21:35,CAT-D6-DOZ-008,1761,32.8,80.12,4128.2,64.7,85.1,413.5,1.91,23.72,9.23,True,False
2026-09-23 06:21:35,CAT-980-WLD-005,1758,31.73,80.12,3874.3,64.7,84.5,361.0,2.04,24.85,9.03,True,False
2026-09-23 06:21:40,CAT-320-EXC-014,1710,31.67,80.08,4304.6,65.5,84.8,369.0,2.36,25.54,8.86,True,False
2026-09-23 06:21:40,CAT-745-ART-002,1772,32.55,80.08,4305.5,65.1,84.7,371.7,1.74,23.46,8.46,True,False
2026-09-23 06:21:40,CAT-D6-DOZ-008,1739,31.3,80.08,4363.4,65.7,85.1,351.0,1.71,22.12,9.13,True,False
2026-09-23 06:21:40,CAT-980-WLD-005,1780,30.84,80.08,4225.2,64.3,83.2,353.3,1.78,24.97,8.78,True,False
2026-09-23 06:21:45,CAT-320-EXC-014,864,5.58,80.03,819.0,66.3,84.5,221.1,0.34,24.0,0.25,True,False
2026-09-23 06:21:45,CAT-745-ART-002,862,6.79,80.03,552.2,63.4,85.9,255.2,0.24,23.87,0.0,True,False
2026-09-23 06:21:45,CAT-D6-DOZ-008,858,6.41,80.03,440.1,66.2,84.7,205.4,0.02,22.97,0.0,True,False
2026-09-23 06:21:45,CAT-980-WLD-005,861,3.9,80.03,584.8,66.3,84.8,246.5,0.2,23.7,0.0,True,False
2026-09-23 06:21:50,CAT-320-EXC-014,866,8.31,79.98,463.9,64.0,83.9,211.0,0.25,25.07,0.07,True,False
2026-09-23 06:21:50,CAT-745-ART-002,884,7.28,79.98,618.3,63.5,84.7,234.7,0.43,24.36,0.04,True,False
2026-09-23 06:21:50,CAT-D6-DOZ-008,910,7.1,79.98,575.1,65.4,85.9,246.0,0.56,22.17,0.05,True,False
2026-09-23 06:21:50,CAT-980-WLD-005,878,8.43,79.98,477.9,64.9,86.4,188.2,0.49,24.58,0.0,True,False
2026-09-23 06:21:55,CAT-320-EXC-014,893,6.98,79.94,883.7,68.3,85.0,215.4,0.95,25.9,0.0,True,False
2026-09-23 06:21:55,CAT-745-ART-002,891,5.53,79.94,855.6,63.9,84.1,185.4,0.11,24.1,0.0,True,False
2026-09-23 06:21:55,CAT-D6-DOZ-008,853,7.21,79.94,430.6,64.6,85.0,243.2,0.02,23.13,0.0,True,False
2026-09-23 06:21:55,CAT-980-WLD-005,865,5.9,79.94,843.9,66.3,84.3,227.4,0.3,24.83,0.3,True,False
2026-09-23 06:22:00,CAT-320-EXC-014,863,6.46,79.89,641.8,65.5,83.8,236.3,0.16,24.6,0.15,True,False
2026-09-23 06:22:00,CAT-745-ART-002,878,5.64,79.89,625.1,65.7,84.7,241.2,0.36,23.18,0.26,True,False
2026-09-23 06:22:00,CAT-D6-DOZ-008,870,7.65,79.89,429.8,64.2,85.2,211.9,0.26,23.85,0.0,True,False
2026-09-23 06:22:00,CAT-980-WLD-005,909,8.19,79.89,594.1,64.1,85.6,237.4,0.62,22.27,0.18,True,False
2026-09-23 06:22:05,CAT-320-EXC-014,879,6.25,79.85,851.7,65.0,85.7,215.5,0.82,25.56,0.0,True,False
2026-09-23 06:22:05,CAT-745-ART-002,867,6.74,79.85,593.7,66.8,84.7,210.2,0.22,24.04,0.0,True,False
2026-09-23 06:22:05,CAT-D6-DOZ-008,819,7.12,79.85,809.8,65.7,85.1,216.6,0.04,23.74,0.21,True,False
2026-09-23 06:22:05,CAT-980-WLD-005,877,4.52,79.85,290.0,66.7,84.2,205.5,0.54,24.2,0.0,True,False
2026-09-23 06:22:10,CAT-320-EXC-014,1259,6.89,79.8,441.6,63.4,85.7,418.5,7.6,22.77,0.0,True,False
2026-09-23 06:22:10,CAT-745-ART-002,1277,4.9,79.8,436.4,64.6,85.0,397.6,7.63,23.11,0.37,True,False
2026-09-23 06:22:10,CAT-D6-DOZ-008,1269,5.39,79.8,554.6,66.1,87.2,383.5,7.62,25.32,0.14,True,False
2026-09-23 06:22:10,CAT-980-WLD-005,1263,7.07,79.8,563.2,64.7,83.7,373.4,8.18,24.57,0.12,True,False
2026-09-23 06:22:15,CAT-320-EXC-014,1267,6.45,79.75,883.7,66.2,82.5,402.0,8.04,24.71,0.0,True,False
2026-09-23 06:22:15,CAT-745-ART-002,1226,5.27,79.75,735.9,64.4,85.9,367.9,8.17,21.14,0.0,True,False
2026-09-23 06:22:15,CAT-D6-DOZ-008,1252,6.94,79.75,568.4,65.5,85.4,381.0,7.56,21.0,0.04,True,False
2026-09-23 06:22:15,CAT-980-WLD-005,1214,7.53,79.75,666.9,64.7,85.1,362.0,7.51,24.95,0.03,True,False
2026-09-23 06:22:20,CAT-320-EXC-014,1278,6.74,79.71,703.3,65.6,86.5,427.2,7.94,24.09,0.0,True,False
2026-09-23 06:22:20,CAT-745-ART-002,1224,6.99,79.71,924.8,65.9,83.4,374.5,7.57,24.16,0.16,True,False
2026-09-23 06:22:20,CAT-D6-DOZ-008,1247,6.3,79.71,756.9,65.7,85.3,391.6,7.55,24.71,0.0,True,False
2026-09-23 06:22:20,CAT-980-WLD-005,1221,6.21,79.71,1068.6,64.5,85.5,393.3,8.52,25.65,0.0,True,False
2026-09-23 06:22:25,CAT-320-EXC-014,854,9.07,79.66,727.2,66.3,84.5,212.0,0.47,23.59,0.0,True,False
2026-09-23 06:22:25,CAT-745-ART-002,901,4.62,79.66,766.7,64.5,86.6,234.8,0.16,24.98,0.0,True,False
2026-09-23 06:22:25,CAT-D6-DOZ-008,872,5.78,79.66,456.6,65.4,84.8,233.0,0.09,23.55,0.18,True,False
2026-09-23 06:22:25,CAT-980-WLD-005,866,7.24,79.66,917.9,66.3,85.9,228.1,0.22,24.12,0.0,True,False
2026-09-23 06:22:30,CAT-320-EXC-014,883,5.39,79.62,504.5,65.6,85.1,215.7,0.5,24.56,0.0,True,False
2026-09-23 06:22:30,CAT-745-ART-002,891,7.25,79.62,532.9,65.3,85.4,207.8,0.35,23.44,0.11,True,False
2026-09-23 06:22:30,CAT-D6-DOZ-008,868,6.53,79.62,555.3,66.3,84.7,258.0,0.09,26.91,0.27,True,False
2026-09-23 06:22:30,CAT-980-WLD-005,862,3.4,79.62,761.6,61.6,84.9,239.2,0.25,25.3,0.0,True,False
2026-09-23 06:22:35,CAT-320-EXC-014,902,7.57,79.57,201.7,66.1,85.6,228.4,0.19,23.99,0.0,True,False
2026-09-23 06:22:35,CAT-745-ART-002,889,7.16,79.57,652.1,64.4,84.2,198.0,0.11,24.01,0.07,True,False
2026-09-23 06:22:35,CAT-D6-DOZ-008,869,5.87,79.57,899.7,65.3,85.1,210.9,0.03,24.77,0.19,True,False
2026-09-23 06:22:35,CAT-980-WLD-005,898,6.31,79.57,390.2,66.0,85.7,224.4,0.37,23.03,0.02,True,False
2026-09-23 06:22:40,CAT-320-EXC-014,873,6.76,79.52,646.6,65.6,85.2,231.8,0.13,23.85,0.27,True,False
2026-09-23 06:22:40,CAT-745-ART-002,882,4.34,79.52,370.7,66.0,84.4,224.6,0.37,23.59,0.12,True,False
2026-09-23 06:22:40,CAT-D6-DOZ-008,883,6.71,79.52,602.9,64.8,84.9,212.6,0.29,24.29,0.0,True,False
2026-09-23 06:22:40,CAT-980-WLD-005,937,7.43,79.52,475.3,64.1,84.8,231.6,0.32,24.26,0.0,True,False
2026-09-23 06:22:45,CAT-320-EXC-014,1767,30.05,79.48,4371.3,65.9,84.6,380.9,2.03,23.68,5.95,True,False
2026-09-23 06:22:45,CAT-745-ART-002,1748,30.51,79.48,4028.1,65.5,85.0,362.3,2.28,25.09,6.12,True,False
2026-09-23 06:22:45,CAT-D6-DOZ-008,1762,33.67,79.48,4303.3,63.9,87.4,405.5,2.07,22.84,6.21,True,False
2026-09-23 06:22:45,CAT-980-WLD-005,1779,31.95,79.48,4498.3,64.7,85.4,396.1,1.71,23.71,6.46,True,False
2026-09-23 06:22:50,CAT-320-EXC-014,1810,32.56,79.43,4111.4,65.9,85.3,386.6,1.92,21.55,6.77,True,False
2026-09-23 06:22:50,CAT-745-ART-002,1753,33.03,79.43,4045.8,65.5,86.4,407.5,1.69,24.13,6.84,True,False
2026-09-23 06:22:50,CAT-D6-DOZ-008,1768,33.05,79.43,4084.8,65.8,85.5,382.8,2.15,22.8,6.96,True,False
2026-09-23 06:22:50,CAT-980-WLD-005,1768,32.3,79.43,4273.6,64.2,84.8,381.0,1.71,22.32,6.92,True,False
2026-09-23 06:22:55,CAT-320-EXC-014,1749,31.79,79.39,4045.4,65.5,85.0,396.0,2.06,23.88,7.99,True,False
2026-09-23 06:22:55,CAT-745-ART-002,1758,33.55,79.39,4001.4,65.0,86.0,377.7,1.7,24.68,7.91,True,False
2026-09-23 06:22:55,CAT-D6-DOZ-008,1755,31.4,79.39,4371.9,68.4,85.6,399.0,2.16,23.57,8.19,True,False
2026-09-23 06:22:55,CAT-980-WLD-005,1729,33.31,79.39,4363.3,65.1,84.5,371.4,1.67,24.1,8.19,True,False
2026-09-23 06:23:00,CAT-320-EXC-014,1763,33.25,79.34,4310.1,67.3,86.6,363.5,2.15,23.46,9.19,True,False
2026-09-23 06:23:00,CAT-745-ART-002,1744,31.59,79.34,4136.4,65.8,85.8,384.4,2.18,24.72,9.04,True,False
2026-09-23 06:23:00,CAT-D6-DOZ-008,1796,31.4,79.34,4085.8,66.5,83.7,371.0,1.64,23.58,8.71,True,False
2026-09-23 06:23:00,CAT-980-WLD-005,1790,31.85,79.34,4144.1,64.1,85.1,424.7,1.84,24.14,9.09,True,False
2026-09-23 06:23:05,CAT-320-EXC-014,1724,32.72,79.3,4018.2,65.7,85.9,380.5,1.92,22.86,8.84,True,False
2026-09-23 06:23:05,CAT-745-ART-002,1744,33.84,79.3,4333.7,64.2,84.3,418.8,1.91,24.74,9.19,True,False
2026-09-23 06:23:05,CAT-D6-DOZ-008,1787,31.54,79.3,4334.8,65.7,86.0,380.7,1.79,23.75,9.26,True,False
2026-09-23 06:23:05,CAT-980-WLD-005,1795,33.51,79.3,4451.5,65.9,85.7,377.1,1.73,24.98,8.93,True,False
2026-09-23 06:23:10,CAT-320-EXC-014,1759,32.47,79.25,4154.7,65.5,83.1,391.3,1.71,22.49,9.79,True,False
2026-09-23 06:23:10,CAT-745-ART-002,1761,31.22,79.25,4546.6,66.0,84.3,403.3,2.34,24.19,9.13,True,False
2026-09-23 06:23:10,CAT-D6-DOZ-008,1768,29.61,79.25,4272.0,65.0,86.2,386.7,2.44,27.83,9.38,True,False
2026-09-23 06:23:10,CAT-980-WLD-005,1785,30.91,79.25,4178.1,64.7,86.3,366.3,1.9,23.31,9.78,True,False
2026-09-23 06:23:15,CAT-320-EXC-014,1765,31.49,79.2,4398.4,66.5,82.8,355.5,1.98,22.99,9.37,True,False
2026-09-23 06:23:15,CAT-745-ART-002,1769,31.1,79.2,3918.6,66.8,85.2,398.1,1.86,24.88,9.12,True,False
2026-09-23 06:23:15,CAT-D6-DOZ-008,1755,31.46,79.2,4159.3,65.8,85.0,422.4,1.79,23.55,9.2,True,False
2026-09-23 06:23:15,CAT-980-WLD-005,1761,31.1,79.2,4185.2,66.0,85.6,372.3,1.87,23.67,9.03,True,False
2026-09-23 06:23:20,CAT-320-EXC-014,1719,32.65,79.16,4365.9,65.4,87.4,390.2,2.02,22.83,9.23,True,False
2026-09-23 06:23:20,CAT-745-ART-002,1776,32.8,79.16,4202.1,64.8,85.8,330.0,1.98,24.23,8.81,True,False
2026-09-23 06:23:20,CAT-D6-DOZ-008,1822,32.14,79.16,4439.5,65.5,85.1,342.8,1.66,24.8,8.87,True,False
2026-09-23 06:23:20,CAT-980-WLD-005,1774,31.56,79.16,4650.4,67.4,84.9,363.6,1.76,23.89,8.81,True,False
2026-09-23 06:23:25,CAT-320-EXC-014,1732,31.38,79.11,4316.1,65.2,85.4,357.5,1.86,26.57,7.92,True,False
2026-09-23 06:23:25,CAT-745-ART-002,1735,31.66,79.11,4177.0,67.1,84.4,410.4,1.73,23.42,8.32,True,False
2026-09-23 06:23:25,CAT-D6-DOZ-008,1812,31.73,79.11,4118.3,65.5,86.3,387.9,2.93,23.74,8.13,True,False
2026-09-23 06:23:25,CAT-980-WLD-005,1769,32.16,79.11,4298.7,63.9,84.8,387.1,1.82,24.49,7.97,True,False
2026-09-23 06:23:30,CAT-320-EXC-014,1754,32.91,79.07,4235.3,63.1,86.1,372.5,1.91,23.34,7.52,True,False
2026-09-23 06:23:30,CAT-745-ART-002,1736,31.94,79.07,4036.7,64.7,84.8,361.9,1.8,23.68,7.58,True,False
2026-09-23 06:23:30,CAT-D6-DOZ-008,1795,30.35,79.07,4288.4,65.7,83.6,396.3,1.78,24.79,7.65,True,False
2026-09-23 06:23:30,CAT-980-WLD-005,1809,32.48,79.07,4325.7,65.7,86.2,374.8,2.58,24.3,7.19,True,False
2026-09-23 06:23:35,CAT-320-EXC-014,1786,32.17,79.02,4053.7,65.8,84.3,385.1,2.28,24.28,6.47,True,False
2026-09-23 06:23:35,CAT-745-ART-002,1733,32.89,79.02,4571.3,64.7,85.0,413.4,2.22,25.18,5.95,True,False
2026-09-23 06:23:35,CAT-D6-DOZ-008,1775,32.09,79.02,4267.9,67.2,86.1,392.6,1.79,24.77,6.24,True,False
2026-09-23 06:23:35,CAT-980-WLD-005,1748,31.55,79.02,4130.2,66.7,85.8,372.3,2.28,23.76,6.29,True,False
2026-09-23 06:23:40,CAT-320-EXC-014,1759,33.24,78.97,4496.5,65.5,85.6,330.5,1.79,21.89,8.97,True,False
2026-09-23 06:23:40,CAT-745-ART-002,1790,31.6,78.97,4195.4,64.2,84.3,391.2,1.7,24.48,9.2,True,False
2026-09-23 06:23:40,CAT-D6-DOZ-008,1751,30.96,78.97,4588.9,64.9,86.2,388.7,2.18,23.24,8.81,True,False
2026-09-23 06:23:40,CAT-980-WLD-005,1764,31.49,78.97,4405.5,63.3,84.7,366.3,1.62,23.12,9.63,True,False
2026-09-23 06:23:45,CAT-320-EXC-014,1751,30.4,78.93,4155.0,66.0,83.5,387.2,1.75,25.23,8.62,True,False
2026-09-23 06:23:45,CAT-745-ART-002,1730,31.54,78.93,4152.5,65.0,86.2,380.1,1.7,24.48,8.73,True,False
2026-09-23 06:23:45,CAT-D6-DOZ-008,1761,32.7,78.93,3969.4,65.0,86.0,374.2,2.06,22.93,8.8,True,False
2026-09-23 06:23:45,CAT-980-WLD-005,1753,31.71,78.93,3998.1,66.3,85.6,376.6,2.43,23.61,8.86,True,False
2026-09-23 06:23:50,CAT-320-EXC-014,1802,33.32,78.88,4462.8,64.3,84.5,372.3,1.7,23.88,8.81,True,False
2026-09-23 06:23:50,CAT-745-ART-002,1761,33.52,78.88,4234.4,66.4,83.9,386.9,1.72,22.71,9.17,True,False
2026-09-23 06:23:50,CAT-D6-DOZ-008,1746,33.67,78.88,4317.7,66.4,84.8,380.4,1.64,23.4,8.84,True,False
2026-09-23 06:23:50,CAT-980-WLD-005,1752,32.06,78.88,4283.0,65.2,83.9,389.9,1.67,24.8,8.72,True,False
2026-09-23 06:23:55,CAT-320-EXC-014,1760,29.67,78.84,4121.6,64.5,86.5,405.0,2.31,26.13,8.48,True,False
2026-09-23 06:23:55,CAT-745-ART-002,1751,30.34,78.84,4110.6,64.8,84.5,356.9,2.06,23.06,8.68,True,False
2026-09-23 06:23:55,CAT-D6-DOZ-008,1773,31.66,78.84,4061.7,67.6,86.1,352.8,1.75,24.97,9.17,True,False
2026-09-23 06:23:55,CAT-980-WLD-005,1750,34.11,78.84,4391.4,65.7,86.1,352.8,1.72,22.71,8.87,True,False
2026-09-23 06:24:00,CAT-320-EXC-014,1742,33.11,78.79,4217.8,66.2,84.2,406.4,2.08,24.99,9.59,True,False
2026-09-23 06:24:00,CAT-745-ART-002,1771,31.74,78.79,4133.6,66.0,82.4,380.3,1.95,23.75,8.16,True,False
2026-09-23 06:24:00,CAT-D6-DOZ-008,1762,32.34,78.79,3880.1,67.0,84.9,399.5,1.81,23.03,9.08,True,False
2026-09-23 06:24:00,CAT-980-WLD-005,1757,30.75,78.79,4099.3,64.7,85.1,365.1,2.33,25.78,9.19,True,False
2026-09-23 06:24:05,CAT-320-EXC-014,1748,31.01,78.74,4077.9,66.5,84.7,363.9,1.76,24.88,8.38,True,False
2026-09-23 06:24:05,CAT-745-ART-002,1754,32.53,78.74,4190.1,64.7,84.9,402.9,2.16,24.53,9.11,True,False
2026-09-23 06:24:05,CAT-D6-DOZ-008,1741,32.78,78.74,4107.0,65.0,85.5,351.2,1.73,23.34,8.65,True,False
2026-09-23 06:24:05,CAT-980-WLD-005,1743,31.31,78.74,4240.0,66.7,85.7,361.4,1.67,23.43,9.34,True,False
2026-09-23 06:24:10,CAT-320-EXC-014,1763,32.55,78.7,4098.6,65.8,85.0,444.9,1.68,23.53,8.54,True,False
2026-09-23 06:24:10,CAT-745-ART-002,1760,32.97,78.7,4095.5,65.6,86.7,379.2,1.88,26.07,9.44,True,False
2026-09-23 06:24:10,CAT-D6-DOZ-008,1785,31.82,78.7,4233.1,65.8,86.2,365.0,1.84,24.19,8.38,True,False
2026-09-23 06:24:10,CAT-980-WLD-005,1766,31.54,78.7,4130.8,66.5,86.5,320.3,1.62,23.22,9.01,True,False
2026-09-23 06:24:15,CAT-320-EXC-014,1738,33.62,78.65,4121.2,64.6,86.4,403.7,1.78,23.0,8.62,True,False
2026-09-23 06:24:15,CAT-745-ART-002,1766,31.89,78.65,4529.6,64.7,86.0,388.4,1.85,26.02,9.35,True,False
2026-09-23 06:24:15,CAT-D6-DOZ-008,1778,31.69,78.65,4123.1,65.8,84.0,378.6,2.28,25.14,8.75,True,False
2026-09-23 06:24:15,CAT-980-WLD-005,1793,31.51,78.65,3963.0,65.6,86.1,378.1,1.63,23.5,8.64,True,False
2026-09-23 06:24:20,CAT-320-EXC-014,1741,29.69,78.61,4502.6,66.5,85.4,392.3,1.88,24.01,9.42,True,False
2026-09-23 06:24:20,CAT-745-ART-002,1746,31.07,78.61,4488.4,64.2,83.6,400.6,2.38,24.26,8.73,True,False
2026-09-23 06:24:20,CAT-D6-DOZ-008,1756,29.92,78.61,4371.4,64.0,84.6,339.3,1.91,23.4,8.88,True,False
2026-09-23 06:24:20,CAT-980-WLD-005,1812,30.6,78.61,4110.1,64.9,85.1,390.3,2.34,25.39,8.95,True,False
2026-09-23 06:24:25,CAT-320-EXC-014,1746,29.89,78.56,4291.4,67.0,85.6,405.2,2.19,24.32,9.2,True,False
2026-09-23 06:24:25,CAT-745-ART-002,1769,31.49,78.56,4429.0,66.7,84.7,343.5,1.74,23.97,8.62,True,False
2026-09-23 06:24:25,CAT-D6-DOZ-008,1719,31.53,78.56,4132.3,65.4,84.9,408.6,1.65,25.31,9.73,True,False
2026-09-23 06:24:25,CAT-980-WLD-005,1788,32.14,78.56,4396.9,67.1,84.6,390.7,2.02,25.48,8.44,True,False
2026-09-23 06:24:30,CAT-320-EXC-014,883,6.55,78.52,766.7,65.6,86.4,199.3,0.06,25.57,0.0,True,False
2026-09-23 06:24:30,CAT-745-ART-002,911,6.58,78.52,428.4,65.8,85.5,210.7,0.01,24.52,0.0,True,False
2026-09-23 06:24:30,CAT-D6-DOZ-008,855,6.99,78.52,356.4,64.3,84.4,222.5,0.12,23.38,0.07,True,False
2026-09-23 06:24:30,CAT-980-WLD-005,877,7.38,78.52,598.4,65.3,86.5,235.7,0.57,26.04,0.4,True,False
2026-09-23 06:24:35,CAT-320-EXC-014,870,4.66,78.47,606.4,65.7,85.7,211.9,0.2,23.3,0.0,True,False
2026-09-23 06:24:35,CAT-745-ART-002,882,6.07,78.47,346.1,65.2,85.6,195.1,0.47,24.25,0.0,True,False
2026-09-23 06:24:35,CAT-D6-DOZ-008,904,6.49,78.47,381.7,65.4,83.9,209.1,0.55,23.65,0.25,True,False
2026-09-23 06:24:35,CAT-980-WLD-005,885,7.11,78.47,806.3,65.6,84.9,222.5,0.12,24.12,0.0,True,False
2026-09-23 06:24:40,CAT-320-EXC-014,861,8.16,78.42,546.4,64.1,85.1,191.5,0.01,24.63,0.0,True,False
2026-09-23 06:24:40,CAT-745-ART-002,898,7.26,78.42,600.5,65.9,86.6,228.9,0.8,22.07,0.0,True,False
2026-09-23 06:24:40,CAT-D6-DOZ-008,862,7.5,78.42,546.3,64.9,84.5,242.5,0.86,25.35,0.04,True,False
2026-09-23 06:24:40,CAT-980-WLD-005,891,6.87,78.42,589.6,66.1,85.7,250.5,0.53,23.75,0.0,True,False
2026-09-23 06:24:45,CAT-320-EXC-014,884,6.87,78.38,766.2,65.0,86.3,228.8,0.47,23.58,0.0,True,False
2026-09-23 06:24:45,CAT-745-ART-002,913,6.38,78.38,605.2,67.7,86.3,202.4,0.26,23.82,0.26,True,False
2026-09-23 06:24:45,CAT-D6-DOZ-008,869,6.08,78.38,566.8,63.9,84.0,225.6,0.17,23.16,0.17,True,False
2026-09-23 06:24:45,CAT-980-WLD-005,877,4.62,78.38,799.0,65.5,85.1,218.2,0.47,23.72,0.0,True,False
2026-09-23 06:24:50,CAT-320-EXC-014,885,6.23,78.33,894.6,65.7,86.3,242.3,0.01,22.92,0.29,True,False
2026-09-23 06:24:50,CAT-745-ART-002,868,6.21,78.33,566.5,66.5,85.5,199.2,0.23,23.44,0.0,True,False
2026-09-23 06:24:50,CAT-D6-DOZ-008,899,6.19,78.33,756.8,65.1,85.4,231.7,0.08,23.32,0.3,True,False
2026-09-23 06:24:50,CAT-980-WLD-005,871,6.87,78.33,1076.2,66.9,82.3,192.0,0.46,23.75,0.26,True,False
2026-09-23 06:24:55,CAT-320-EXC-014,856,7.2,78.29,677.5,67.1,84.4,246.1,0.09,24.09,0.17,True,False
2026-09-23 06:24:55,CAT-745-ART-002,859,8.81,78.29,997.8,64.6,86.6,218.8,0.05,23.49,0.0,True,False
2026-09-23 06:24:55,CAT-D6-DOZ-008,891,6.65,78.29,903.5,69.2,85.9,205.6,0.52,25.15,0.14,True,False
2026-09-23 06:24:55,CAT-980-WLD-005,928,7.69,78.29,329.3,64.3,86.4,230.4,0.67,23.71,0.0,True,False
2026-09-23 06:25:00,CAT-320-EXC-014,1262,6.57,78.24,687.5,67.1,84.9,404.4,8.11,24.24,0.03,True,False
2026-09-23 06:25:00,CAT-745-ART-002,1231,6.13,78.24,503.8,65.8,83.3,364.5,7.62,24.26,0.34,True,False
2026-09-23 06:25:00,CAT-D6-DOZ-008,1232,6.69,78.24,415.2,66.7,84.5,362.2,8.57,24.27,0.16,True,False
2026-09-23 06:25:00,CAT-980-WLD-005,1221,6.96,78.24,676.2,66.6,85.4,381.4,7.91,24.67,0.0,True,False
2026-09-23 06:25:05,CAT-320-EXC-014,1273,6.01,78.19,833.5,67.0,85.3,402.8,7.67,23.01,0.0,True,False
2026-09-23 06:25:05,CAT-745-ART-002,1228,6.47,78.19,271.5,65.3,84.7,393.9,8.01,22.34,0.11,True,False
2026-09-23 06:25:05,CAT-D6-DOZ-008,1249,7.42,78.19,676.8,65.8,86.2,382.2,7.72,23.92,0.01,True,False
2026-09-23 06:25:05,CAT-980-WLD-005,1221,6.8,78.19,614.6,64.0,86.2,370.1,7.75,22.58,0.0,True,False
2026-09-23 06:25:10,CAT-320-EXC-014,1309,5.47,78.15,734.5,68.1,85.7,384.5,7.74,24.18,0.0,True,False
2026-09-23 06:25:10,CAT-745-ART-002,1273,5.52,78.15,787.1,65.5,86.7,394.3,8.04,23.27,0.4,True,False
2026-09-23 06:25:10,CAT-D6-DOZ-008,1225,6.47,78.15,441.3,66.3,85.4,359.7,8.03,23.13,0.0,True,False
2026-09-23 06:25:10,CAT-980-WLD-005,1233,6.93,78.15,685.4,66.0,85.0,374.4,7.94,23.66,0.26,True,False
2026-09-23 06:25:15,CAT-320-EXC-014,853,5.68,78.1,734.9,67.7,85.4,236.5,0.04,23.21,0.07,True,False
2026-09-23 06:25:15,CAT-745-ART-002,880,6.77,78.1,818.5,66.6,86.0,196.9,0.1,26.01,0.0,True,False
2026-09-23 06:25:15,CAT-D6-DOZ-008,871,8.23,78.1,666.6,66.6,84.0,202.1,0.31,23.24,0.28,True,False
2026-09-23 06:25:15,CAT-980-WLD-005,860,5.57,78.1,315.5,64.7,85.0,224.7,0.13,23.05,0.22,True,False
2026-09-23 06:25:20,CAT-320-EXC-014,882,7.13,78.06,636.1,64.5,83.6,206.1,0.32,24.88,0.0,True,False
2026-09-23 06:25:20,CAT-745-ART-002,873,6.19,78.06,540.8,64.9,87.3,206.4,0.23,22.61,0.0,True,False
2026-09-23 06:25:20,CAT-D6-DOZ-008,882,5.67,78.06,835.3,66.3,84.7,202.1,0.18,24.73,0.16,True,False
2026-09-23 06:25:20,CAT-980-WLD-005,904,8.39,78.06,519.9,64.9,84.9,195.0,0.14,22.75,0.4,True,False
2026-09-23 06:25:25,CAT-320-EXC-014,867,6.55,78.01,651.8,67.5,83.8,242.1,0.14,23.7,0.09,True,False
2026-09-23 06:25:25,CAT-745-ART-002,909,5.75,78.01,566.7,66.0,85.1,202.2,0.12,23.64,0.13,True,False
2026-09-23 06:25:25,CAT-D6-DOZ-008,884,5.59,78.01,805.3,65.9,84.7,207.8,0.59,22.91,0.0,True,False
2026-09-23 06:25:25,CAT-980-WLD-005,875,6.54,78.01,412.8,64.6,86.5,211.7,0.24,24.3,0.0,True,False
2026-09-23 06:25:30,CAT-320-EXC-014,1761,32.05,77.97,4350.8,65.1,86.4,405.8,2.15,24.76,5.16,True,False
2026-09-23 06:25:30,CAT-745-ART-002,1713,32.05,77.97,4201.4,64.2,85.3,397.5,1.63,23.6,5.16,True,False
2026-09-23 06:25:30,CAT-D6-DOZ-008,1780,33.08,77.97,4285.8,64.9,84.8,383.2,2.08,23.37,5.55,True,False
2026-09-23 06:25:30,CAT-980-WLD-005,1782,31.77,77.97,4455.7,66.8,85.4,394.7,1.9,24.36,5.35,True,False
2026-09-23 06:25:35,CAT-320-EXC-014,1777,34.07,77.92,4372.8,64.8,87.1,365.4,1.87,25.52,6.42,True,False
2026-09-23 06:25:35,CAT-745-ART-002,1796,32.99,77.92,4264.3,65.8,85.3,373.5,2.09,23.5,6.59,True,False
2026-09-23 06:25:35,CAT-D6-DOZ-008,1776,32.68,77.92,4359.4,65.5,86.6,390.5,2.26,23.99,6.43,True,False
2026-09-23 06:25:35,CAT-980-WLD-005,1765,32.18,77.92,4247.4,67.6,86.0,382.2,1.75,24.35,6.43,True,False
2026-09-23 06:25:40,CAT-320-EXC-014,1748,33.5,77.87,4198.3,67.3,84.9,398.2,1.62,21.66,7.77,True,False
2026-09-23 06:25:40,CAT-745-ART-002,1759,31.53,77.87,4480.6,65.6,85.6,387.1,2.08,26.71,7.34,True,False
2026-09-23 06:25:40,CAT-D6-DOZ-008,1754,34.03,77.87,4187.4,65.4,84.8,364.5,2.09,26.13,7.59,True,False
2026-09-23 06:25:40,CAT-980-WLD-005,1740,32.36,77.87,4298.2,65.7,84.2,363.5,2.03,23.88,7.64,True,False
2026-09-23 06:25:45,CAT-320-EXC-014,1786,33.6,77.83,4205.1,66.1,85.2,350.4,1.78,23.48,8.61,True,False
2026-09-23 06:25:45,CAT-745-ART-002,1722,29.42,77.83,4541.5,65.4,85.6,371.0,1.76,25.06,8.28,True,False
2026-09-23 06:25:45,CAT-D6-DOZ-008,1741,32.29,77.83,4259.4,65.7,83.6,369.6,2.0,24.46,8.38,True,False
2026-09-23 06:25:45,CAT-980-WLD-005,1792,31.84,77.83,3994.8,65.4,84.1,361.9,1.89,25.1,8.04,True,False
2026-09-23 06:25:50,CAT-320-EXC-014,1758,33.38,77.78,4269.7,65.5,83.6,361.0,1.63,22.53,8.93,True,False
2026-09-23 06:25:50,CAT-745-ART-002,1765,32.28,77.78,4046.3,66.1,84.4,393.2,1.67,25.69,9.23,True,False
2026-09-23 06:25:50,CAT-D6-DOZ-008,1754,33.04,77.78,4166.3,65.5,86.2,378.3,1.65,24.96,9.13,True,False
2026-09-23 06:25:50,CAT-980-WLD-005,1762,33.34,77.78,4558.4,64.2,84.2,416.6,1.71,23.03,9.39,True,False
2026-09-23 06:25:55,CAT-320-EXC-014,1745,34.97,77.74,4046.5,63.6,85.6,395.4,1.71,24.22,8.94,True,False
2026-09-23 06:25:55,CAT-745-ART-002,1783,30.83,77.74,4286.8,65.1,84.9,372.1,2.32,24.14,9.26,True,False
2026-09-23 06:25:55,CAT-D6-DOZ-008,1773,30.03,77.74,4390.0,66.5,84.7,350.2,1.78,24.58,9.39,True,False
2026-09-23 06:25:55,CAT-980-WLD-005,1763,33.01,77.74,4519.6,65.5,85.6,371.2,1.63,27.23,9.54,True,False
2026-09-23 06:26:00,CAT-320-EXC-014,1793,33.61,77.69,4300.2,65.4,84.0,380.7,2.03,22.18,9.78,True,False
2026-09-23 06:26:00,CAT-745-ART-002,1769,31.84,77.69,4398.5,66.0,84.1,409.4,1.8,24.78,9.57,True,False
2026-09-23 06:26:00,CAT-D6-DOZ-008,1748,33.5,77.69,3786.2,66.7,85.2,375.6,1.66,25.83,9.16,True,False
2026-09-23 06:26:00,CAT-980-WLD-005,1787,32.64,77.69,4207.3,68.2,86.2,362.5,1.61,23.55,9.75,True,False
2026-09-23 06:26:05,CAT-320-EXC-014,1780,33.99,77.64,4115.1,66.6,85.7,349.0,1.9,25.47,8.98,True,False
2026-09-23 06:26:05,CAT-745-ART-002,1786,31.51,77.64,4010.3,65.0,85.3,350.4,2.03,24.47,9.08,True,False
2026-09-23 06:26:05,CAT-D6-DOZ-008,1743,33.28,77.64,4560.5,65.1,84.9,376.9,1.63,25.41,9.45,True,False
2026-09-23 06:26:05,CAT-980-WLD-005,1745,32.01,77.64,4323.9,66.9,86.6,378.1,1.76,23.09,9.2,True,False
2026-09-23 06:26:10,CAT-320-EXC-014,1764,32.71,77.6,4344.7,64.4,84.9,377.8,1.67,24.08,8.65,True,False
2026-09-23 06:26:10,CAT-745-ART-002,1772,32.85,77.6,4000.5,65.2,84.9,379.7,1.62,23.63,8.72,True,False
2026-09-23 06:26:10,CAT-D6-DOZ-008,1716,31.1,77.6,4057.9,66.6,86.3,359.3,1.86,23.19,8.61,True,False
2026-09-23 06:26:10,CAT-980-WLD-005,1751,30.94,77.6,4150.9,65.1,85.2,355.5,1.91,22.59,8.2,True,False
2026-09-23 06:26:15,CAT-320-EXC-014,1726,31.54,77.55,4145.4,66.6,86.1,375.6,2.13,23.95,7.68,True,False
2026-09-23 06:26:15,CAT-745-ART-002,1744,34.34,77.55,4357.8,64.8,86.2,359.6,1.98,21.66,8.15,True,False
2026-09-23 06:26:15,CAT-D6-DOZ-008,1733,33.3,77.55,4238.7,66.6,86.9,383.0,1.63,24.24,7.73,True,False
2026-09-23 06:26:15,CAT-980-WLD-005,1731,34.47,77.55,4222.5,67.3,85.3,367.5,2.25,22.47,7.41,True,False
2026-09-23 06:26:20,CAT-320-EXC-014,1764,32.82,77.51,4291.5,64.6,86.2,380.0,1.63,24.39,6.85,True,False
2026-09-23 06:26:20,CAT-745-ART-002,1763,31.12,77.51,4248.2,67.7,84.9,402.3,2.18,23.44,6.88,True,False
2026-09-23 06:26:20,CAT-D6-DOZ-008,1799,32.67,77.51,4074.6,66.3,85.5,389.8,2.24,23.34,6.86,True,False
2026-09-23 06:26:20,CAT-980-WLD-005,1752,30.78,77.51,4283.8,66.9,83.9,363.3,1.94,24.55,6.94,True,False
2026-09-23 06:26:25,CAT-320-EXC-014,1737,31.4,77.46,4293.8,66.5,84.6,397.9,2.08,25.38,5.36,True,False
2026-09-23 06:26:25,CAT-745-ART-002,1751,31.29,77.46,4501.9,65.8,84.6,387.6,2.21,24.58,5.54,True,False
2026-09-23 06:26:25,CAT-D6-DOZ-008,1790,32.57,77.46,4294.4,67.2,85.7,381.6,2.36,24.48,6.15,True,False
2026-09-23 06:26:25,CAT-980-WLD-005,1808,32.21,77.46,4312.7,65.4,84.5,394.8,1.61,22.4,5.93,True,False
2026-09-23 06:26:30,CAT-320-EXC-014,1771,32.98,77.41,4347.2,67.2,84.6,350.3,1.89,21.85,9.72,True,False
2026-09-23 06:26:30,CAT-745-ART-002,1765,32.45,77.41,4089.9,66.2,86.1,352.3,1.83,23.0,8.87,True,False
2026-09-23 06:26:30,CAT-D6-DOZ-008,1762,31.46,77.41,4269.4,66.1,84.6,374.9,1.69,22.68,8.37,True,False
2026-09-23 06:26:30,CAT-980-WLD-005,1755,29.39,77.41,4216.9,66.3,84.3,353.0,2.28,23.99,9.2,True,False
2026-09-23 06:26:35,CAT-320-EXC-014,1754,32.12,77.37,4364.3,64.8,85.0,367.3,1.93,23.41,8.75,True,False
2026-09-23 06:26:35,CAT-745-ART-002,1766,32.46,77.37,4387.2,64.9,87.2,384.8,2.03,21.82,9.73,True,False
2026-09-23 06:26:35,CAT-D6-DOZ-008,1728,32.39,77.37,4344.8,65.8,85.9,361.7,2.03,23.22,9.09,True,False
2026-09-23 06:26:35,CAT-980-WLD-005,1751,32.15,77.37,4678.0,66.6,85.5,358.4,1.77,24.22,8.37,True,False
2026-09-23 06:26:40,CAT-320-EXC-014,1773,30.36,77.32,4227.3,63.8,84.5,375.6,2.09,23.34,9.32,True,False
2026-09-23 06:26:40,CAT-745-ART-002,1779,31.46,77.32,4595.6,66.2,87.3,398.7,1.87,24.56,8.46,True,False
2026-09-23 06:26:40,CAT-D6-DOZ-008,1758,33.53,77.32,4332.1,65.8,85.8,394.0,1.69,23.74,8.65,True,False
2026-09-23 06:26:40,CAT-980-WLD-005,1774,31.22,77.32,4466.6,66.6,85.7,384.4,1.63,22.24,8.92,True,False
2026-09-23 06:26:45,CAT-320-EXC-014,1772,32.1,77.28,4176.4,66.1,84.5,397.8,2.15,23.86,9.34,True,False
2026-09-23 06:26:45,CAT-745-ART-002,1809,32.7,77.28,4423.6,65.2,85.2,392.5,1.94,22.63,9.05,True,False
2026-09-23 06:26:45,CAT-D6-DOZ-008,1766,32.48,77.28,4125.6,65.0,85.5,344.3,2.23,25.21,8.77,True,False
2026-09-23 06:26:45,CAT-980-WLD-005,1804,31.15,77.28,3819.8,63.6,85.9,382.0,2.06,21.38,8.77,True,False
2026-09-23 06:26:50,CAT-320-EXC-014,1729,32.48,77.23,4478.4,65.2,85.7,398.3,1.69,24.45,9.16,True,False
2026-09-23 06:26:50,CAT-745-ART-002,1774,32.52,77.23,4015.9,66.9,85.8,369.7,2.07,23.53,8.54,True,False
2026-09-23 06:26:50,CAT-D6-DOZ-008,1729,32.28,77.23,4195.4,64.2,88.2,428.0,1.97,22.42,9.03,True,False
2026-09-23 06:26:50,CAT-980-WLD-005,1775,31.99,77.23,4286.9,64.7,85.0,391.4,1.71,24.91,9.36,True,False
2026-09-23 06:26:55,CAT-320-EXC-014,1773,31.03,77.19,4426.9,67.1,85.3,379.3,2.18,24.82,9.23,True,False
2026-09-23 06:26:55,CAT-745-ART-002,1764,29.95,77.19,4337.0,67.0,86.8,360.9,1.61,23.4,8.7,True,False
2026-09-23 06:26:55,CAT-D6-DOZ-008,1770,32.26,77.19,4328.7,67.9,85.6,389.5,2.13,23.96,8.8,True,False
2026-09-23 06:26:55,CAT-980-WLD-005,1758,33.39,77.19,4014.2,66.0,84.9,379.0,1.89,22.14,9.04,True,False
2026-09-23 06:27:00,CAT-320-EXC-014,1755,32.26,77.14,4149.5,64.7,84.0,371.4,1.89,24.69,8.96,True,False
2026-09-23 06:27:00,CAT-745-ART-002,1764,32.89,77.14,4184.6,66.5,85.8,375.5,1.65,26.33,8.74,True,False
2026-09-23 06:27:00,CAT-D6-DOZ-008,1798,32.72,77.14,4370.2,65.8,85.4,429.8,1.72,23.58,8.97,True,False
2026-09-23 06:27:00,CAT-980-WLD-005,1762,30.59,77.14,4134.5,67.5,86.4,374.6,2.82,22.79,9.6,True,False
2026-09-23 06:27:05,CAT-320-EXC-014,1813,32.65,77.09,4181.1,66.7,83.7,346.0,1.6,22.91,8.81,True,False
2026-09-23 06:27:05,CAT-745-ART-002,1788,32.8,77.09,4355.2,64.2,84.2,382.7,2.08,22.66,9.21,True,False
2026-09-23 06:27:05,CAT-D6-DOZ-008,1751,30.05,77.09,4026.1,65.8,86.6,359.4,2.23,23.15,8.33,True,False
2026-09-23 06:27:05,CAT-980-WLD-005,1724,32.64,77.09,4109.6,66.8,85.8,364.0,1.81,21.33,9.37,True,False
2026-09-23 06:27:10,CAT-320-EXC-014,1744,29.62,77.05,4335.0,66.3,87.4,373.2,1.89,23.44,9.41,True,False
2026-09-23 06:27:10,CAT-745-ART-002,1786,31.92,77.05,4299.5,66.0,85.3,380.0,1.92,23.37,8.57,True,False
2026-09-23 06:27:10,CAT-D6-DOZ-008,1744,33.21,77.05,4279.8,66.2,86.1,368.0,1.61,22.61,9.29,True,False
2026-09-23 06:27:10,CAT-980-WLD-005,1761,32.37,77.05,3977.0,66.8,85.2,387.4,1.72,24.57,8.91,True,False
2026-09-23 06:27:15,CAT-320-EXC-014,1749,32.77,77.0,4287.8,65.0,84.1,377.8,2.86,23.34,8.24,True,False
2026-09-23 06:27:15,CAT-745-ART-002,1742,31.62,77.0,4376.2,63.7,83.8,377.6,1.66,22.03,9.47,True,False
2026-09-23 06:27:15,CAT-D6-DOZ-008,1775,33.16,77.0,4253.9,66.8,83.2,374.2,1.68,23.75,9.26,True,False
2026-09-23 06:27:15,CAT-980-WLD-005,1779,32.66,77.0,3983.0,66.7,85.7,397.5,2.06,22.35,8.55,True,False
2026-09-23 06:27:20,CAT-320-EXC-014,903,6.0,76.96,200.0,67.1,85.3,231.2,0.29,23.08,0.2,True,False
2026-09-23 06:27:20,CAT-745-ART-002,884,8.02,76.96,921.2,65.7,85.7,222.0,0.19,22.92,0.17,True,False
2026-09-23 06:27:20,CAT-D6-DOZ-008,867,4.41,76.96,527.9,65.1,82.9,197.0,0.43,23.46,0.0,True,False
2026-09-23 06:27:20,CAT-980-WLD-005,884,6.32,76.96,544.9,64.9,87.2,198.8,0.17,25.07,0.02,True,False
2026-09-23 06:27:25,CAT-320-EXC-014,925,3.91,76.91,630.8,67.0,84.6,222.1,0.52,22.83,0.0,True,False
2026-09-23 06:27:25,CAT-745-ART-002,845,4.47,76.91,729.3,66.6,83.4,226.6,0.3,27.24,0.08,True,False
2026-09-23 06:27:25,CAT-D6-DOZ-008,861,6.53,76.91,738.9,66.4,83.6,242.3,0.48,22.72,0.08,True,False
2026-09-23 06:27:25,CAT-980-WLD-005,869,7.09,76.91,570.3,65.7,85.1,225.3,0.38,23.56,0.4,True,False
2026-09-23 06:27:30,CAT-320-EXC-014,891,5.91,76.86,888.5,65.2,86.9,197.7,0.27,23.02,0.0,True,False
2026-09-23 06:27:30,CAT-745-ART-002,903,4.12,76.86,499.0,65.2,86.2,228.8,0.23,24.51,0.25,True,False
2026-09-23 06:27:30,CAT-D6-DOZ-008,895,7.18,76.86,818.7,66.2,84.6,203.6,0.01,22.93,0.0,True,False
2026-09-23 06:27:30,CAT-980-WLD-005,893,8.06,76.86,487.8,65.6,85.7,251.1,0.11,22.42,0.1,True,False
2026-09-23 06:27:35,CAT-320-EXC-014,902,6.18,76.82,396.2,68.0,85.0,220.5,0.6,22.26,0.26,True,False
2026-09-23 06:27:35,CAT-745-ART-002,867,6.57,76.82,383.4,64.9,84.8,210.0,0.02,24.76,0.0,True,False
2026-09-23 06:27:35,CAT-D6-DOZ-008,889,7.37,76.82,438.6,67.4,85.7,264.7,0.32,24.36,0.4,True,False
2026-09-23 06:27:35,CAT-980-WLD-005,869,7.28,76.82,700.9,65.8,85.9,222.7,0.44,23.98,0.16,True,False
2026-09-23 06:27:40,CAT-320-EXC-014,876,4.8,76.77,595.9,65.6,83.7,229.3,0.19,25.79,0.16,True,False
2026-09-23 06:27:40,CAT-745-ART-002,904,6.76,76.77,777.0,64.9,87.6,222.0,0.05,22.73,0.13,True,False
2026-09-23 06:27:40,CAT-D6-DOZ-008,883,6.21,76.77,797.7,67.1,85.3,226.1,0.17,23.3,0.08,True,False
2026-09-23 06:27:40,CAT-980-WLD-005,861,6.01,76.77,698.5,66.5,87.2,213.6,0.1,25.55,0.32,True,False
2026-09-23 06:27:45,CAT-320-EXC-014,1261,5.98,76.73,812.5,66.9,87.7,378.7,7.74,24.82,0.06,True,False
2026-09-23 06:27:45,CAT-745-ART-002,1291,5.41,76.73,788.8,64.8,84.8,350.8,7.68,22.75,0.0,True,False
2026-09-23 06:27:45,CAT-D6-DOZ-008,1225,5.23,76.73,495.1,64.7,86.8,368.2,8.03,24.45,0.0,True,False
2026-09-23 06:27:45,CAT-980-WLD-005,1279,8.05,76.73,678.3,64.8,84.4,380.1,8.89,24.37,0.0,True,False
2026-09-23 06:27:50,CAT-320-EXC-014,1257,7.06,76.68,661.9,66.1,84.1,402.7,7.7,23.72,0.13,True,False
2026-09-23 06:27:50,CAT-745-ART-002,1299,7.29,76.68,598.1,65.5,85.5,359.7,7.52,24.71,0.4,True,False
2026-09-23 06:27:50,CAT-D6-DOZ-008,1252,5.61,76.68,740.6,65.7,85.0,411.7,7.9,24.57,0.21,True,False
2026-09-23 06:27:50,CAT-980-WLD-005,1230,6.77,76.68,505.1,66.9,86.2,340.8,7.6,25.12,0.4,True,False
2026-09-23 06:27:55,CAT-320-EXC-014,1214,5.84,76.64,517.8,65.8,85.3,401.7,7.85,26.46,0.0,True,False
2026-09-23 06:27:55,CAT-745-ART-002,1237,7.58,76.64,603.9,65.9,82.8,387.8,7.67,26.73,0.16,True,False
2026-09-23 06:27:55,CAT-D6-DOZ-008,1179,5.91,76.64,699.3,66.1,86.0,379.0,7.92,24.17,0.08,True,False
2026-09-23 06:27:55,CAT-980-WLD-005,1229,6.04,76.64,894.2,67.7,85.8,384.6,8.05,25.06,0.05,True,False
2026-09-23 06:28:00,CAT-320-EXC-014,895,8.05,76.59,881.5,67.4,83.4,228.7,0.26,24.99,0.0,True,False
2026-09-23 06:28:00,CAT-745-ART-002,864,6.02,76.59,649.3,66.8,87.3,233.4,0.07,23.66,0.0,True,False
2026-09-23 06:28:00,CAT-D6-DOZ-008,904,7.13,76.59,481.6,63.9,86.5,224.7,0.07,22.89,0.0,True,False
2026-09-23 06:28:00,CAT-980-WLD-005,923,5.16,76.59,436.9,65.1,85.7,210.1,0.43,23.9,0.0,True,False
2026-09-23 06:28:05,CAT-320-EXC-014,875,7.16,76.54,724.3,65.5,84.5,205.9,0.08,22.82,0.0,True,False
2026-09-23 06:28:05,CAT-745-ART-002,867,8.27,76.54,607.7,66.3,85.3,195.3,0.64,23.49,0.27,True,False
2026-09-23 06:28:05,CAT-D6-DOZ-008,843,6.54,76.54,805.1,65.3,86.1,211.9,0.31,21.99,0.0,True,False
2026-09-23 06:28:05,CAT-980-WLD-005,877,6.83,76.54,860.8,66.8,85.8,183.8,0.3,24.15,0.0,True,False
2026-09-23 06:28:10,CAT-320-EXC-014,885,6.99,76.5,387.0,67.4,85.9,209.8,0.03,25.88,0.05,True,False
2026-09-23 06:28:10,CAT-745-ART-002,899,5.25,76.5,623.1,66.5,86.0,252.2,0.33,23.65,0.05,True,False
2026-09-23 06:28:10,CAT-D6-DOZ-008,891,8.33,76.5,902.5,67.1,85.5,226.0,0.23,22.57,0.0,True,False
2026-09-23 06:28:10,CAT-980-WLD-005,892,5.49,76.5,350.2,65.9,85.7,239.5,0.3,21.59,0.0,True,False
2026-09-23 06:28:15,CAT-320-EXC-014,909,7.31,76.45,715.5,67.4,84.6,237.6,0.47,25.43,0.0,True,False
2026-09-23 06:28:15,CAT-745-ART-002,879,7.18,76.45,616.4,65.9,86.5,192.6,0.14,23.95,0.03,True,False
2026-09-23 06:28:15,CAT-D6-DOZ-008,897,7.04,76.45,377.4,66.4,84.5,212.9,0.5,23.79,0.4,True,False
2026-09-23 06:28:15,CAT-980-WLD-005,909,6.32,76.45,528.8,66.9,86.1,227.0,0.06,25.24,0.2,True,False
2026-09-23 06:28:20,CAT-320-EXC-014,1778,29.82,76.41,3969.6,66.5,85.8,356.3,1.76,21.89,6.16,True,False
2026-09-23 06:28:20,CAT-745-ART-002,1779,32.2,76.41,4172.4,65.9,85.3,393.3,1.67,22.44,5.63,True,False
2026-09-23 06:28:20,CAT-D6-DOZ-008,1712,32.76,76.41,4161.3,66.4,86.5,391.4,2.4,24.79,6.29,True,False
2026-09-23 06:28:20,CAT-980-WLD-005,1779,32.4,76.41,4041.4,63.8,87.3,346.3,1.65,23.1,5.95,True,False
2026-09-23 06:28:25,CAT-320-EXC-014,1756,32.04,76.36,4055.3,65.1,86.5,391.3,1.86,26.31,6.56,True,False
2026-09-23 06:28:25,CAT-745-ART-002,1753,31.82,76.36,4535.8,66.3,84.5,376.2,2.04,24.14,6.99,True,False
2026-09-23 06:28:25,CAT-D6-DOZ-008,1743,31.82,76.36,4239.6,68.1,82.8,372.2,1.75,24.8,6.96,True,False
2026-09-23 06:28:25,CAT-980-WLD-005,1754,32.94,76.36,4339.7,67.5,85.7,381.8,1.65,22.62,7.01,True,False
2026-09-23 06:28:30,CAT-320-EXC-014,1762,31.53,76.31,4271.6,65.9,85.4,365.7,1.68,26.12,7.72,True,False
2026-09-23 06:28:30,CAT-745-ART-002,1767,30.57,76.31,4735.8,67.0,85.8,403.0,1.69,24.63,7.51,True,False
2026-09-23 06:28:30,CAT-D6-DOZ-008,1784,30.74,76.31,4751.9,67.2,87.0,371.1,1.89,24.96,8.04,True,False
2026-09-23 06:28:30,CAT-980-WLD-005,1745,31.2,76.31,4001.5,68.3,84.0,400.4,1.7,25.89,7.97,True,False
2026-09-23 06:28:35,CAT-320-EXC-014,1761,34.04,76.27,4197.7,64.6,85.0,402.2,1.81,24.66,8.76,True,False
2026-09-23 06:28:35,CAT-745-ART-002,1757,33.44,76.27,4403.0,66.0,86.1,373.2,1.74,23.64,9.06,True,False
2026-09-23 06:28:35,CAT-D6-DOZ-008,1775,31.0,76.27,4035.6,66.2,84.6,371.2,2.16,20.82,9.02,True,False
2026-09-23 06:28:35,CAT-980-WLD-005,1753,32.49,76.27,4379.2,66.8,85.0,395.2,1.82,24.04,8.67,True,False
2026-09-23 06:28:40,CAT-320-EXC-014,1789,34.5,76.22,4168.3,67.8,86.3,370.2,1.66,22.84,9.19,True,False
2026-09-23 06:28:40,CAT-745-ART-002,1742,30.88,76.22,4671.3,66.5,86.5,352.7,1.65,22.8,8.83,True,False
2026-09-23 06:28:40,CAT-D6-DOZ-008,1739,29.95,76.22,4149.7,67.2,86.9,357.3,2.32,25.16,9.33,True,False
2026-09-23 06:28:40,CAT-980-WLD-005,1730,30.85,76.22,4148.0,66.0,86.6,389.1,1.61,24.7,9.28,True,False
2026-09-23 06:28:45,CAT-320-EXC-014,1782,33.95,76.18,4252.5,66.0,86.0,403.3,2.15,22.47,9.42,True,False
2026-09-23 06:28:45,CAT-745-ART-002,1729,33.43,76.18,4540.4,66.6,86.7,387.8,2.28,23.54,9.79,True,False
2026-09-23 06:28:45,CAT-D6-DOZ-008,1769,31.34,76.18,4274.1,65.8,85.6,378.0,2.05,24.5,9.37,True,False
2026-09-23 06:28:45,CAT-980-WLD-005,1791,31.53,76.18,4052.4,67.3,84.4,389.1,1.84,19.78,9.12,True,False
2026-09-23 06:28:50,CAT-320-EXC-014,1750,30.69,76.13,4296.0,66.5,85.8,388.3,1.7,24.55,9.06,True,False
2026-09-23 06:28:50,CAT-745-ART-002,1800,33.14,76.13,4002.3,66.1,84.7,381.6,2.08,24.93,9.34,True,False
2026-09-23 06:28:50,CAT-D6-DOZ-008,1784,32.58,76.13,3880.9,65.4,85.0,407.8,1.74,22.57,9.33,True,False
2026-09-23 06:28:50,CAT-980-WLD-005,1762,30.36,76.13,4458.8,66.4,85.0,385.8,1.93,23.7,9.44,True,False
2026-09-23 06:28:55,CAT-320-EXC-014,1759,32.6,76.08,4010.3,68.0,85.7,362.3,1.87,25.15,8.9,True,False
2026-09-23 06:28:55,CAT-745-ART-002,1741,31.69,76.08,4162.6,65.9,84.2,376.9,1.61,23.74,8.54,True,False
2026-09-23 06:28:55,CAT-D6-DOZ-008,1801,34.55,76.08,4440.7,67.0,86.4,387.9,2.49,23.09,8.64,True,False
2026-09-23 06:28:55,CAT-980-WLD-005,1750,31.38,76.08,4331.5,66.2,85.1,398.6,2.41,24.17,8.58,True,False
2026-09-23 06:29:00,CAT-320-EXC-014,1737,30.33,76.04,4297.9,67.1,84.5,402.6,2.24,24.81,7.9,True,False
2026-09-23 06:29:00,CAT-745-ART-002,1786,32.62,76.04,4057.9,63.4,85.4,368.8,1.63,22.98,8.33,True,False
2026-09-23 06:29:00,CAT-D6-DOZ-008,1735,33.59,76.04,4193.8,66.1,86.5,365.3,1.76,22.79,8.7,True,False
2026-09-23 06:29:00,CAT-980-WLD-005,1763,32.2,76.04,4289.1,66.5,84.3,393.2,2.61,24.54,8.64,True,False
2026-09-23 06:29:05,CAT-320-EXC-014,1785,30.32,75.99,4361.0,66.6,85.7,395.3,1.92,23.81,7.67,True,False
2026-09-23 06:29:05,CAT-745-ART-002,1755,34.54,75.99,4444.9,66.0,85.7,406.4,1.9,25.16,7.23,True,False
2026-09-23 06:29:05,CAT-D6-DOZ-008,1757,31.41,75.99,4474.0,67.0,84.9,388.5,1.88,22.87,7.23,True,False
2026-09-23 06:29:05,CAT-980-WLD-005,1768,31.5,75.99,4209.2,67.7,83.7,372.5,1.81,22.48,7.84,True,False
2026-09-23 06:29:10,CAT-320-EXC-014,1765,31.98,75.95,4312.3,65.0,86.6,367.2,1.97,24.54,6.6,True,False
2026-09-23 06:29:10,CAT-745-ART-002,1715,29.52,75.95,4303.1,68.5,83.8,376.5,1.67,24.38,6.67,True,False
2026-09-23 06:29:10,CAT-D6-DOZ-008,1757,30.34,75.95,4424.0,67.0,86.0,348.7,2.07,24.09,6.74,True,False
2026-09-23 06:29:10,CAT-980-WLD-005,1782,32.48,75.95,4244.4,66.7,86.3,395.2,1.89,24.27,6.08,True,False
2026-09-23 06:29:15,CAT-320-EXC-014,1791,32.09,75.9,4017.1,67.6,84.9,392.0,2.02,24.0,5.06,True,False
2026-09-23 06:29:15,CAT-745-ART-002,1747,30.96,75.9,4272.7,67.1,87.5,401.5,1.7,23.11,5.21,True,False
2026-09-23 06:29:15,CAT-D6-DOZ-008,1745,31.69,75.9,3884.1,66.7,85.4,388.6,1.71,22.59,5.49,True,False
2026-09-23 06:29:15,CAT-980-WLD-005,1762,30.13,75.9,4353.7,67.2,85.4,404.0,1.71,22.82,5.55,True,False
2026-09-23 06:29:20,CAT-320-EXC-014,1749,32.95,75.86,4179.7,64.9,84.7,367.3,1.85,26.97,8.31,True,False
2026-09-23 06:29:20,CAT-745-ART-002,1785,32.13,75.86,4374.3,66.1,86.9,364.3,2.76,24.16,8.88,True,False
2026-09-23 06:29:20,CAT-D6-DOZ-008,1742,30.83,75.86,4159.9,65.3,84.1,397.2,2.27,24.64,8.83,True,False
2026-09-23 06:29:20,CAT-980-WLD-005,1784,31.33,75.86,4227.4,67.3,86.0,382.5,2.18,23.59,9.17,True,False
2026-09-23 06:29:25,CAT-320-EXC-014,1783,31.01,75.81,4293.3,66.3,85.4,389.3,1.63,24.26,8.34,True,False
2026-09-23 06:29:25,CAT-745-ART-002,1769,31.89,75.81,4189.3,66.7,85.7,396.4,1.74,23.42,9.31,True,False
2026-09-23 06:29:25,CAT-D6-DOZ-008,1737,35.07,75.81,4244.0,65.1,87.8,375.8,1.84,25.08,9.01,True,False
2026-09-23 06:29:25,CAT-980-WLD-005,1780,30.73,75.81,4340.8,66.2,85.6,401.9,2.16,26.48,8.88,True,False
2026-09-23 06:29:30,CAT-320-EXC-014,1767,31.83,75.76,4262.9,65.2,86.4,386.7,1.81,22.84,8.75,True,False
2026-09-23 06:29:30,CAT-745-ART-002,1758,31.27,75.76,4105.4,66.4,84.9,393.9,1.72,22.96,8.86,True,False
2026-09-23 06:29:30,CAT-D6-DOZ-008,1768,31.5,75.76,4368.4,66.4,84.5,363.7,1.81,25.0,8.44,True,False
2026-09-23 06:29:30,CAT-980-WLD-005,1791,31.65,75.76,4202.3,65.7,85.5,379.2,1.63,26.02,9.28,True,False
2026-09-23 06:29:35,CAT-320-EXC-014,1786,31.82,75.72,4245.7,66.9,85.8,353.9,1.65,24.21,9.34,True,False
2026-09-23 06:29:35,CAT-745-ART-002,1751,30.87,75.72,4419.9,64.5,85.3,345.4,1.93,24.66,9.6,True,False
2026-09-23 06:29:35,CAT-D6-DOZ-008,1759,33.32,75.72,4282.8,65.6,83.9,384.2,1.66,25.34,8.97,True,False
2026-09-23 06:29:35,CAT-980-WLD-005,1780,31.56,75.72,4187.8,65.9,84.7,357.1,1.83,25.08,9.21,True,False
2026-09-23 06:29:40,CAT-320-EXC-014,1754,30.97,75.67,4273.4,68.0,83.7,375.7,1.73,23.49,9.04,True,False
2026-09-23 06:29:40,CAT-745-ART-002,1766,32.74,75.67,3855.7,64.9,84.5,364.7,1.88,23.88,9.08,True,False
2026-09-23 06:29:40,CAT-D6-DOZ-008,1777,34.77,75.67,4395.5,64.7,86.2,358.5,2.12,24.82,9.31,True,False
2026-09-23 06:29:40,CAT-980-WLD-005,1759,33.13,75.67,4297.2,65.4,83.2,356.1,2.25,22.63,8.73,True,False
2026-09-23 06:29:45,CAT-320-EXC-014,1717,32.75,75.63,4587.3,66.3,85.4,412.7,2.16,26.28,8.3,True,False
2026-09-23 06:29:45,CAT-745-ART-002,1760,31.39,75.63,4100.6,67.1,85.4,385.5,1.79,22.91,9.17,True,False
2026-09-23 06:29:45,CAT-D6-DOZ-008,1779,30.53,75.63,4601.9,66.5,85.9,369.4,2.15,23.53,8.73,True,False
2026-09-23 06:29:45,CAT-980-WLD-005,1737,31.64,75.63,4264.8,65.8,86.1,358.2,1.94,25.81,8.55,True,False
2026-09-23 06:29:50,CAT-320-EXC-014,1775,30.61,75.58,4084.6,65.6,86.1,372.0,1.61,23.04,9.2,True,False
2026-09-23 06:29:50,CAT-745-ART-002,1768,31.73,75.58,4290.3,65.9,84.2,388.6,2.0,23.72,9.51,True,False
2026-09-23 06:29:50,CAT-D6-DOZ-008,1738,31.29,75.58,4054.3,65.7,84.6,393.5,2.19,23.48,9.3,True,False
2026-09-23 06:29:50,CAT-980-WLD-005,1743,33.28,75.58,4385.4,64.7,85.6,421.6,1.7,26.06,8.62,True,False
2026-09-23 06:29:55,CAT-320-EXC-014,1735,32.25,75.53,4396.4,66.1,85.7,360.0,2.15,24.45,8.92,True,False
2026-09-23 06:29:55,CAT-745-ART-002,1731,30.59,75.53,4341.6,66.2,83.8,381.2,2.45,22.68,8.99,True,False
2026-09-23 06:29:55,CAT-D6-DOZ-008,1761,33.47,75.53,4278.7,66.7,86.3,377.3,1.76,25.38,8.62,True,False
2026-09-23 06:29:55,CAT-980-WLD-005,1798,30.64,75.53,4218.6,67.1,86.1,395.4,2.33,24.46,8.93,True,False
2026-09-23 06:30:00,CAT-320-EXC-014,1780,32.3,75.49,4122.8,67.7,86.4,368.3,1.92,24.94,8.74,True,False
2026-09-23 06:30:00,CAT-745-ART-002,1777,32.88,75.49,4190.2,67.0,87.1,392.4,1.86,23.07,8.6,True,False
2026-09-23 06:30:00,CAT-D6-DOZ-008,1734,30.98,75.49,4157.9,66.5,85.4,395.2,1.95,23.85,8.99,True,False
2026-09-23 06:30:00,CAT-980-WLD-005,1724,32.83,75.49,4158.8,68.2,85.9,362.9,1.69,22.31,8.83,True,False
2026-09-23 06:30:05,CAT-320-EXC-014,1731,34.45,75.44,4313.6,66.1,85.8,375.8,1.81,23.89,9.29,True,False
2026-09-23 06:30:05,CAT-745-ART-002,1751,30.95,75.44,4102.9,67.1,84.6,390.5,2.02,23.54,9.17,True,False
2026-09-23 06:30:05,CAT-D6-DOZ-008,1735,33.59,75.44,4699.6,65.5,85.8,418.0,1.69,23.88,8.87,True,False
2026-09-23 06:30:05,CAT-980-WLD-005,1744,31.39,75.44,4343.4,66.8,84.5,382.3,1.7,24.68,9.19,True,False
2026-09-23 06:30:10,CAT-320-EXC-014,890,6.87,75.4,620.3,67.1,85.7,217.5,0.51,23.99,0.01,True,False
2026-09-23 06:30:10,CAT-745-ART-002,892,6.01,75.4,581.9,65.5,87.4,220.9,0.3,25.36,0.0,True,False
2026-09-23 06:30:10,CAT-D6-DOZ-008,883,5.86,75.4,543.2,65.6,86.2,221.1,0.04,23.94,0.06,True,False
2026-09-23 06:30:10,CAT-980-WLD-005,840,7.74,75.4,828.4,66.0,85.4,233.9,0.37,23.79,0.04,True,False
2026-09-23 06:30:15,CAT-320-EXC-014,864,6.18,75.35,438.9,65.9,86.5,245.9,0.5,24.83,0.2,True,False
2026-09-23 06:30:15,CAT-745-ART-002,895,5.42,75.35,511.3,66.3,85.6,204.6,0.56,24.04,0.4,True,False
2026-09-23 06:30:15,CAT-D6-DOZ-008,869,5.02,75.35,897.7,68.7,84.8,220.7,0.34,23.34,0.4,True,False
2026-09-23 06:30:15,CAT-980-WLD-005,857,5.72,75.35,666.8,67.2,84.1,214.3,0.3,24.02,0.0,True,False
2026-09-23 06:30:20,CAT-320-EXC-014,874,5.59,75.31,667.1,66.3,86.1,236.6,0.48,24.51,0.0,True,False
2026-09-23 06:30:20,CAT-745-ART-002,857,7.9,75.31,542.4,64.7,85.5,190.9,0.79,23.54,0.17,True,False
2026-09-23 06:30:20,CAT-D6-DOZ-008,843,4.87,75.31,811.0,67.2,84.1,210.6,0.01,22.59,0.0,True,False
2026-09-23 06:30:20,CAT-980-WLD-005,874,5.56,75.31,826.3,66.5,87.4,208.2,0.54,22.09,0.0,True,False
2026-09-23 06:30:25,CAT-320-EXC-014,889,5.86,75.26,1145.2,67.0,85.8,232.5,0.05,24.26,0.0,True,False
2026-09-23 06:30:25,CAT-745-ART-002,916,3.55,75.26,461.9,64.7,86.3,223.4,0.11,25.28,0.0,True,False
2026-09-23 06:30:25,CAT-D6-DOZ-008,890,6.04,75.26,842.0,66.3,86.2,201.5,0.08,23.46,0.07,True,False
2026-09-23 06:30:25,CAT-980-WLD-005,901,7.59,75.26,568.4,66.4,85.4,227.0,0.15,23.28,0.0,True,False
2026-09-23 06:30:30,CAT-320-EXC-014,855,8.45,75.21,590.8,65.7,85.7,180.3,0.82,25.91,0.24,True,False
2026-09-23 06:30:30,CAT-745-ART-002,868,5.65,75.21,366.7,65.7,84.7,219.9,0.29,21.64,0.35,True,False
2026-09-23 06:30:30,CAT-D6-DOZ-008,850,6.57,75.21,753.6,67.6,86.7,207.6,0.08,24.52,0.0,True,False
2026-09-23 06:30:30,CAT-980-WLD-005,868,7.59,75.21,900.0,68.1,84.6,236.4,0.37,21.44,0.3,True,False
2026-09-23 06:30:35,CAT-320-EXC-014,1262,7.84,75.17,659.9,66.5,84.4,370.6,7.52,25.48,0.0,True,False
2026-09-23 06:30:35,CAT-745-ART-002,1265,6.04,75.17,578.7,66.4,85.9,388.2,7.69,25.05,0.4,True,False
2026-09-23 06:30:35,CAT-D6-DOZ-008,1272,7.21,75.17,689.5,69.4,85.8,360.8,7.73,23.09,0.0,True,False
2026-09-23 06:30:35,CAT-980-WLD-005,1243,7.18,75.17,386.5,65.3,85.9,379.3,7.65,23.56,0.0,True,False
2026-09-23 06:30:40,CAT-320-EXC-014,1292,4.96,75.12,764.6,66.1,85.8,392.3,7.74,22.53,0.0,True,False
2026-09-23 06:30:40,CAT-745-ART-002,1252,7.04,75.12,840.3,67.6,86.8,361.5,8.01,25.0,0.15,True,False
2026-09-23 06:30:40,CAT-D6-DOZ-008,1265,5.81,75.12,610.7,66.4,85.1,360.0,7.83,24.73,0.0,True,False
2026-09-23 06:30:40,CAT-980-WLD-005,1272,8.37,75.12,604.3,66.2,83.8,369.4,8.65,24.6,0.0,True,False
2026-09-23 06:30:45,CAT-320-EXC-014,1232,6.18,75.08,293.3,65.3,86.6,391.1,7.76,23.13,0.0,True,False
2026-09-23 06:30:45,CAT-745-ART-002,1209,6.79,75.08,469.7,65.8,83.9,338.8,7.58,24.12,0.4,True,False
2026-09-23 06:30:45,CAT-D6-DOZ-008,1282,8.14,75.08,415.4,67.4,86.5,387.7,7.67,23.14,0.0,True,False
2026-09-23 06:30:45,CAT-980-WLD-005,1237,7.52,75.08,757.0,66.2,83.9,363.7,7.79,23.95,0.17,True,False
2026-09-23 06:30:50,CAT-320-EXC-014,860,4.93,75.03,749.2,68.8,86.4,187.3,0.1,23.77,0.0,True,False
2026-09-23 06:30:50,CAT-745-ART-002,889,5.48,75.03,500.1,66.2,85.0,227.9,0.58,24.59,0.14,True,False
2026-09-23 06:30:50,CAT-D6-DOZ-008,850,6.85,75.03,336.5,66.7,86.9,229.3,0.59,23.56,0.0,True,False
2026-09-23 06:30:50,CAT-980-WLD-005,855,5.22,75.03,690.2,67.8,83.8,256.2,0.05,23.37,0.4,True,False
2026-09-23 06:30:55,CAT-320-EXC-014,920,5.85,74.98,341.5,68.1,85.3,202.4,0.29,22.37,0.0,True,False
2026-09-23 06:30:55,CAT-745-ART-002,899,6.51,74.98,836.5,66.6,84.6,190.9,0.37,20.66,0.0,True,False
2026-09-23 06:30:55,CAT-D6-DOZ-008,852,6.23,74.98,605.4,68.0,85.6,240.4,0.14,25.64,0.18,True,False
2026-09-23 06:30:55,CAT-980-WLD-005,878,6.94,74.98,608.9,66.2,86.7,204.0,1.09,22.9,0.0,True,False
2026-09-23 06:31:00,CAT-320-EXC-014,875,7.51,74.94,461.9,67.6,84.8,211.5,0.12,23.52,0.0,True,False
2026-09-23 06:31:00,CAT-745-ART-002,867,7.63,74.94,588.8,64.5,85.8,224.2,0.49,24.91,0.07,True,False
2026-09-23 06:31:00,CAT-D6-DOZ-008,851,6.14,74.94,484.4,66.8,85.9,234.3,0.1,22.65,0.12,True,False
2026-09-23 06:31:00,CAT-980-WLD-005,897,7.09,74.94,734.5,65.6,86.5,233.7,0.26,24.2,0.17,True,False
2026-09-23 06:31:05,CAT-320-EXC-014,1790,32.12,74.89,4365.0,66.2,86.7,401.4,1.7,22.96,5.28,True,False
2026-09-23 06:31:05,CAT-745-ART-002,1721,33.27,74.89,3856.9,67.1,86.4,344.6,2.58,25.25,5.03,True,False
2026-09-23 06:31:05,CAT-D6-DOZ-008,1735,31.22,74.89,3950.0,63.8,85.9,354.5,1.94,24.26,5.33,True,False
2026-09-23 06:31:05,CAT-980-WLD-005,1704,32.15,74.89,4508.6,65.1,85.0,397.8,1.68,23.6,4.89,True,False
2026-09-23 06:31:10,CAT-320-EXC-014,1781,31.43,74.85,4140.7,65.4,84.5,391.9,1.69,23.43,6.35,True,False
2026-09-23 06:31:10,CAT-745-ART-002,1749,33.19,74.85,4245.6,65.3,85.7,406.0,2.1,22.78,6.48,True,False
2026-09-23 06:31:10,CAT-D6-DOZ-008,1774,32.72,74.85,4371.1,67.6,86.5,358.0,1.94,25.17,6.36,True,False
2026-09-23 06:31:10,CAT-980-WLD-005,1738,31.75,74.85,4190.8,68.0,84.1,384.5,2.07,23.66,6.54,True,False
2026-09-23 06:31:15,CAT-320-EXC-014,1747,32.37,74.8,4462.9,65.5,85.7,392.6,1.97,23.02,7.29,True,False
2026-09-23 06:31:15,CAT-745-ART-002,1786,34.38,74.8,4377.1,65.3,86.7,383.1,1.78,23.08,7.25,True,False
2026-09-23 06:31:15,CAT-D6-DOZ-008,1739,31.26,74.8,4131.0,67.6,85.9,365.1,2.63,24.06,7.18,True,False
2026-09-23 06:31:15,CAT-980-WLD-005,1787,30.94,74.8,4183.9,68.7,84.5,367.0,1.75,22.8,7.58,True,False
2026-09-23 06:31:20,CAT-320-EXC-014,1771,32.45,74.75,3960.5,66.8,85.6,377.6,1.66,26.5,8.12,True,False
2026-09-23 06:31:20,CAT-745-ART-002,1762,32.21,74.75,4198.3,66.3,85.1,402.2,1.87,23.71,8.07,True,False
2026-09-23 06:31:20,CAT-D6-DOZ-008,1775,30.65,74.75,4304.3,66.1,86.2,391.3,1.83,23.93,8.0,True,False
2026-09-23 06:31:20,CAT-980-WLD-005,1781,31.53,74.75,4310.8,65.3,85.3,371.6,1.92,24.16,7.95,True,False
2026-09-23 06:31:25,CAT-320-EXC-014,1751,30.67,74.71,3986.3,66.3,85.8,403.1,1.79,22.95,8.86,True,False
2026-09-23 06:31:25,CAT-745-ART-002,1748,33.18,74.71,4297.4,64.6,86.9,416.5,2.31,25.3,8.5,True,False
2026-09-23 06:31:25,CAT-D6-DOZ-008,1768,33.57,74.71,4510.7,66.4,85.2,362.7,1.82,24.61,9.05,True,False
2026-09-23 06:31:25,CAT-980-WLD-005,1759,32.07,74.71,4304.4,67.1,84.6,373.9,1.72,24.11,9.11,True,False
2026-09-23 06:31:30,CAT-320-EXC-014,1760,33.1,74.66,4586.3,66.1,86.0,369.0,1.67,23.5,9.31,True,False
2026-09-23 06:31:30,CAT-745-ART-002,1778,30.5,74.66,4160.5,69.1,87.0,389.7,1.61,24.13,9.14,True,False
2026-09-23 06:31:30,CAT-D6-DOZ-008,1733,32.17,74.66,4486.7,65.5,86.0,385.7,1.61,22.38,9.38,True,False
2026-09-23 06:31:30,CAT-980-WLD-005,1751,32.46,74.66,4410.6,67.0,85.2,381.0,1.96,23.36,8.98,True,False
2026-09-23 06:31:35,CAT-320-EXC-014,1768,30.26,74.62,3864.1,67.6,84.2,384.1,2.35,25.31,9.5,True,False
2026-09-23 06:31:35,CAT-745-ART-002,1755,30.73,74.62,4320.1,66.4,85.5,368.2,1.82,23.56,9.39,True,False
2026-09-23 06:31:35,CAT-D6-DOZ-008,1724,32.19,74.62,4286.6,68.9,85.5,365.6,1.73,24.05,9.14,True,False
2026-09-23 06:31:35,CAT-980-WLD-005,1794,31.58,74.62,4502.2,66.7,85.8,343.6,1.67,23.54,9.8,True,False
2026-09-23 06:31:40,CAT-320-EXC-014,1757,32.02,74.57,3949.3,65.2,84.4,361.3,1.98,24.04,9.13,True,False
2026-09-23 06:31:40,CAT-745-ART-002,1736,32.05,74.57,4340.3,65.8,86.9,414.0,1.68,24.34,9.07,True,False
2026-09-23 06:31:40,CAT-D6-DOZ-008,1761,32.4,74.57,3958.6,65.6,84.9,390.1,1.79,23.73,9.0,True,False
2026-09-23 06:31:40,CAT-980-WLD-005,1789,31.27,74.57,4719.2,68.5,87.2,417.0,1.64,23.16,9.23,True,False
2026-09-23 06:31:45,CAT-320-EXC-014,1736,32.4,74.53,4405.7,68.7,85.0,421.3,1.81,23.14,8.82,True,False
2026-09-23 06:31:45,CAT-745-ART-002,1760,30.67,74.53,4174.8,68.6,84.4,352.4,2.01,25.81,8.95,True,False
2026-09-23 06:31:45,CAT-D6-DOZ-008,1763,33.32,74.53,4182.3,66.5,85.0,374.6,2.35,22.88,8.85,True,False
2026-09-23 06:31:45,CAT-980-WLD-005,1784,30.98,74.53,4225.9,65.8,85.4,387.6,1.61,23.46,8.83,True,False
2026-09-23 06:31:50,CAT-320-EXC-014,1723,31.73,74.48,4316.1,69.0,83.8,381.7,2.16,23.98,8.19,True,False
2026-09-23 06:31:50,CAT-745-ART-002,1791,31.64,74.48,4633.1,67.8,86.9,371.1,1.61,24.36,7.63,True,False
2026-09-23 06:31:50,CAT-D6-DOZ-008,1774,31.84,74.48,4063.4,65.7,85.1,382.4,2.06,24.3,8.25,True,False
2026-09-23 06:31:50,CAT-980-WLD-005,1746,33.4,74.48,4112.5,66.3,84.8,375.9,1.97,23.72,8.14,True,False
2026-09-23 06:31:55,CAT-320-EXC-014,1751,31.24,74.43,4293.9,67.6,86.3,378.3,1.76,23.78,6.78,True,False
2026-09-23 06:31:55,CAT-745-ART-002,1790,32.39,74.43,4171.0,66.6,86.0,342.5,2.09,23.66,6.99,True,False
2026-09-23 06:31:55,CAT-D6-DOZ-008,1719,31.62,74.43,4343.8,65.7,84.8,378.9,1.77,25.49,7.45,True,False
2026-09-23 06:31:55,CAT-980-WLD-005,1789,33.36,74.43,4480.7,66.8,85.3,383.6,2.23,25.31,6.88,True,False
2026-09-23 06:32:00,CAT-320-EXC-014,1818,32.06,74.39,4361.4,67.4,86.9,355.1,2.11,23.15,6.05,True,False
2026-09-23 06:32:00,CAT-745-ART-002,1780,31.49,74.39,3997.2,67.4,85.4,381.4,1.73,22.99,6.07,True,False
2026-09-23 06:32:00,CAT-D6-DOZ-008,1745,32.39,74.39,4425.8,66.7,85.5,377.0,3.05,22.08,5.65,True,False
2026-09-23 06:32:00,CAT-980-WLD-005,1734,33.37,74.39,4294.6,65.5,83.9,383.7,1.6,24.83,6.1,True,False
2026-09-23 06:32:05,CAT-320-EXC-014,1738,29.89,74.34,4195.2,67.3,86.8,383.1,1.69,23.88,9.29,True,False
2026-09-23 06:32:05,CAT-745-ART-002,1750,33.69,74.34,4209.2,66.5,84.9,377.0,1.75,24.3,8.8,True,False
2026-09-23 06:32:05,CAT-D6-DOZ-008,1732,32.65,74.34,4588.0,65.8,84.6,394.5,2.1,24.22,9.0,True,False
2026-09-23 06:32:05,CAT-980-WLD-005,1762,32.09,74.34,4228.8,66.0,84.7,405.9,1.87,23.35,9.7,True,False
2026-09-23 06:32:10,CAT-320-EXC-014,1763,31.58,74.3,4628.1,66.4,85.7,375.2,1.92,24.19,8.93,True,False
2026-09-23 06:32:10,CAT-745-ART-002,1779,32.46,74.3,4427.2,65.4,85.2,378.5,2.5,25.55,9.56,True,False
2026-09-23 06:32:10,CAT-D6-DOZ-008,1748,31.09,74.3,4212.4,66.0,85.9,389.7,1.61,22.79,9.53,True,False
2026-09-23 06:32:10,CAT-980-WLD-005,1798,31.95,74.3,4146.2,66.2,86.2,365.8,1.95,22.84,9.21,True,False
2026-09-23 06:32:15,CAT-320-EXC-014,1738,31.22,74.25,3729.6,65.3,84.8,384.2,2.46,25.07,8.58,True,False
2026-09-23 06:32:15,CAT-745-ART-002,1729,31.25,74.25,4262.2,66.0,85.5,386.5,1.93,23.74,9.02,True,False
2026-09-23 06:32:15,CAT-D6-DOZ-008,1752,32.69,74.25,4256.0,68.0,87.7,373.9,1.9,23.34,9.51,True,False
2026-09-23 06:32:15,CAT-980-WLD-005,1776,30.38,74.25,4182.3,68.0,84.7,334.0,2.18,22.49,9.23,True,False
2026-09-23 06:32:20,CAT-320-EXC-014,1753,32.62,74.2,4207.2,67.4,84.9,356.9,1.99,23.37,8.58,True,False
2026-09-23 06:32:20,CAT-745-ART-002,1754,31.21,74.2,4426.7,66.0,85.2,380.1,1.96,21.56,8.69,True,False
2026-09-23 06:32:20,CAT-D6-DOZ-008,1766,32.01,74.2,4354.4,64.6,85.8,377.2,1.8,23.29,9.43,True,False
2026-09-23 06:32:20,CAT-980-WLD-005,1768,32.38,74.2,4193.4,67.4,85.3,404.1,2.07,23.23,9.08,True,False
2026-09-23 06:32:25,CAT-320-EXC-014,1751,33.34,74.16,3949.7,65.2,86.4,370.4,2.05,25.82,9.29,True,False
2026-09-23 06:32:25,CAT-745-ART-002,1767,31.43,74.16,4189.0,67.0,85.2,383.0,1.94,23.77,9.74,True,False
2026-09-23 06:32:25,CAT-D6-DOZ-008,1750,33.24,74.16,4642.2,66.3,87.3,373.8,1.92,22.3,9.06,True,False
2026-09-23 06:32:25,CAT-980-WLD-005,1740,31.86,74.16,4479.6,67.0,85.5,365.5,1.78,21.88,9.06,True,False
2026-09-23 06:32:30,CAT-320-EXC-014,1755,31.39,74.11,4268.3,68.2,85.0,384.8,1.94,22.38,9.2,True,False
2026-09-23 06:32:30,CAT-745-ART-002,1779,33.49,74.11,3995.3,67.5,87.3,379.4,1.96,23.6,8.87,True,False
2026-09-23 06:32:30,CAT-D6-DOZ-008,1786,32.39,74.11,4150.9,67.3,85.9,394.4,1.64,24.3,8.71,True,False
2026-09-23 06:32:30,CAT-980-WLD-005,1753,33.0,74.11,4291.1,67.4,86.7,364.6,1.62,23.81,9.15,True,False
2026-09-23 06:32:35,CAT-320-EXC-014,1794,29.27,74.07,4420.3,67.5,84.3,391.3,1.63,23.1,9.34,True,False
2026-09-23 06:32:35,CAT-745-ART-002,1754,33.96,74.07,4209.7,66.1,86.1,343.8,1.71,24.55,8.79,True,False
2026-09-23 06:32:35,CAT-D6-DOZ-008,1754,32.43,74.07,4382.6,68.0,86.6,388.3,1.93,25.3,9.28,True,False
2026-09-23 06:32:35,CAT-980-WLD-005,1757,32.36,74.07,4279.9,65.5,86.0,390.2,1.69,23.04,8.84,True,False
2026-09-23 06:32:40,CAT-320-EXC-014,1737,31.04,74.02,4505.3,65.0,84.8,385.9,1.95,24.64,8.85,True,False
2026-09-23 06:32:40,CAT-745-ART-002,1760,30.73,74.02,4349.0,69.0,87.0,409.3,1.7,24.55,8.79,True,False
2026-09-23 06:32:40,CAT-D6-DOZ-008,1802,30.32,74.02,4151.0,67.3,84.7,372.2,1.68,26.08,8.94,True,False
2026-09-23 06:32:40,CAT-980-WLD-005,1757,33.1,74.02,4016.6,65.6,86.0,397.2,1.69,24.4,9.12,True,False
2026-09-23 06:32:45,CAT-320-EXC-014,1793,32.72,73.97,4106.1,67.8,84.8,356.6,1.79,23.93,8.92,True,False
2026-09-23 06:32:45,CAT-745-ART-002,1746,31.32,73.97,4128.1,66.0,85.6,391.9,1.81,24.03,9.66,True,False
2026-09-23 06:32:45,CAT-D6-DOZ-008,1758,33.29,73.97,4257.2,67.6,84.3,379.1,1.97,25.05,8.57,True,False
2026-09-23 06:32:45,CAT-980-WLD-005,1778,33.19,73.97,4235.3,67.0,85.0,393.5,1.64,23.79,8.98,True,False
2026-09-23 06:32:50,CAT-320-EXC-014,1762,31.83,73.93,4144.9,67.7,85.6,372.0,1.67,22.95,8.9,True,False
2026-09-23 06:32:50,CAT-745-ART-002,1765,32.31,73.93,4335.5,67.0,86.6,392.0,1.65,22.17,8.63,True,False
2026-09-23 06:32:50,CAT-D6-DOZ-008,1735,30.83,73.93,4472.5,66.5,85.7,403.0,1.62,25.06,8.87,True,False
2026-09-23 06:32:50,CAT-980-WLD-005,1747,31.96,73.93,4054.2,67.6,87.3,360.7,1.82,21.82,9.47,True,False
2026-09-23 06:32:55,CAT-320-EXC-014,823,8.38,73.88,232.3,67.7,85.8,230.4,0.28,24.71,0.0,True,False
2026-09-23 06:32:55,CAT-745-ART-002,884,7.76,73.88,564.8,67.5,85.3,249.5,0.05,25.59,0.0,True,False
2026-09-23 06:32:55,CAT-D6-DOZ-008,893,6.45,73.88,840.0,66.2,84.8,232.0,0.33,24.52,0.2,True,False
2026-09-23 06:32:55,CAT-980-WLD-005,879,9.08,73.88,972.7,67.1,86.1,215.3,0.2,23.91,0.0,True,False
2026-09-23 06:33:00,CAT-320-EXC-014,887,6.42,73.84,837.1,66.0,86.6,246.5,0.75,21.24,0.0,True,False
2026-09-23 06:33:00,CAT-745-ART-002,865,7.54,73.84,592.8,68.0,85.9,216.0,0.48,24.94,0.1,True,False
2026-09-23 06:33:00,CAT-D6-DOZ-008,911,6.91,73.84,721.7,67.8,84.7,211.1,0.33,24.77,0.0,True,False
2026-09-23 06:33:00,CAT-980-WLD-005,882,3.93,73.84,666.0,66.9,86.4,223.9,0.13,25.01,0.0,True,False
2026-09-23 06:33:05,CAT-320-EXC-014,846,6.85,73.79,595.5,67.1,84.2,253.6,0.41,24.55,0.25,True,False
2026-09-23 06:33:05,CAT-745-ART-002,877,5.2,73.79,498.3,66.7,85.8,207.0,0.14,23.85,0.0,True,False
2026-09-23 06:33:05,CAT-D6-DOZ-008,894,7.73,73.79,481.6,68.0,85.7,269.2,0.04,24.35,0.0,True,False
2026-09-23 06:33:05,CAT-980-WLD-005,860,5.82,73.79,689.6,66.0,86.4,205.5,0.24,25.47,0.0,True,False
2026-09-23 06:33:10,CAT-320-EXC-014,886,8.65,73.75,451.4,67.9,86.8,217.8,0.32,23.36,0.0,True,False
2026-09-23 06:33:10,CAT-745-ART-002,850,7.08,73.75,517.5,67.5,85.5,207.9,0.03,26.29,0.2,True,False
2026-09-23 06:33:10,CAT-D6-DOZ-008,855,6.24,73.75,745.3,67.7,86.6,209.8,0.79,24.03,0.18,True,False
2026-09-23 06:33:10,CAT-980-WLD-005,853,6.35,73.75,570.3,67.6,84.4,223.9,0.19,24.38,0.24,True,False
2026-09-23 06:33:15,CAT-320-EXC-014,874,7.4,73.7,637.8,65.2,86.7,228.4,0.84,24.96,0.0,True,False
2026-09-23 06:33:15,CAT-745-ART-002,893,5.44,73.7,486.1,69.2,86.8,211.7,0.07,23.46,0.2,True,False
2026-09-23 06:33:15,CAT-D6-DOZ-008,867,6.0,73.7,707.6,67.8,86.8,186.3,0.56,25.49,0.0,True,False
2026-09-23 06:33:15,CAT-980-WLD-005,913,5.52,73.7,481.9,66.9,86.1,232.3,0.31,25.69,0.0,True,False
2026-09-23 06:33:20,CAT-320-EXC-014,1257,6.58,73.65,200.0,67.9,86.3,360.9,7.97,23.25,0.22,True,False
2026-09-23 06:33:20,CAT-745-ART-002,1260,6.45,73.65,200.0,66.7,87.4,397.7,7.74,25.13,0.18,True,False
2026-09-23 06:33:20,CAT-D6-DOZ-008,1257,4.82,73.65,1055.7,67.1,84.1,381.5,8.48,23.86,0.0,True,False
2026-09-23 06:33:20,CAT-980-WLD-005,1274,4.24,73.65,565.0,66.2,86.3,358.7,7.52,25.8,0.07,True,False
2026-09-23 06:33:25,CAT-320-EXC-014,1243,6.12,73.61,714.6,68.7,86.9,361.8,7.61,22.49,0.17,True,False
2026-09-23 06:33:25,CAT-745-ART-002,1265,5.04,73.61,976.2,67.7,86.8,348.1,7.62,24.96,0.0,True,False
2026-09-23 06:33:25,CAT-D6-DOZ-008,1228,5.09,73.61,624.4,67.4,87.3,385.9,8.0,23.99,0.03,True,False
2026-09-23 06:33:25,CAT-980-WLD-005,1246,8.04,73.61,607.5,64.4,84.1,365.2,8.0,24.57,0.28,True,False
2026-09-23 06:33:30,CAT-320-EXC-014,1268,6.16,73.56,403.8,65.4,84.8,390.8,7.71,24.61,0.0,True,False
2026-09-23 06:33:30,CAT-745-ART-002,1223,5.95,73.56,744.0,66.0,85.8,399.1,7.7,25.54,0.04,True,False
2026-09-23 06:33:30,CAT-D6-DOZ-008,1323,6.6,73.56,666.1,66.8,85.0,376.0,7.77,23.52,0.4,True,False
2026-09-23 06:33:30,CAT-980-WLD-005,1272,7.59,73.56,687.7,66.2,85.2,376.6,8.02,26.28,0.2,True,False
2026-09-23 06:33:35,CAT-320-EXC-014,1212,7.01,73.52,522.2,67.5,85.7,374.7,7.56,26.21,0.26,True,False
2026-09-23 06:33:35,CAT-745-ART-002,1220,6.47,73.52,599.0,68.7,85.5,344.5,7.92,21.82,0.26,True,False
2026-09-23 06:33:35,CAT-D6-DOZ-008,1235,5.8,73.52,469.8,67.6,85.8,381.0,7.63,23.11,0.24,True,False
2026-09-23 06:33:35,CAT-980-WLD-005,1205,7.86,73.52,536.7,66.2,85.4,379.0,8.08,24.12,0.04,True,False
2026-09-23 06:33:40,CAT-320-EXC-014,862,4.96,73.47,479.7,67.7,84.5,207.8,0.4,24.96,0.07,True,False
2026-09-23 06:33:40,CAT-745-ART-002,875,6.54,73.47,797.9,68.9,84.5,216.8,0.26,24.09,0.0,True,False
2026-09-23 06:33:40,CAT-D6-DOZ-008,966,5.64,73.47,636.2,67.7,85.8,191.2,0.26,21.93,0.4,True,False
2026-09-23 06:33:40,CAT-980-WLD-005,892,5.84,73.47,769.8,67.5,86.8,216.2,0.38,25.49,0.02,True,False
2026-09-23 06:33:45,CAT-320-EXC-014,900,6.73,73.42,902.4,66.0,83.7,248.8,0.34,22.17,0.05,True,False
2026-09-23 06:33:45,CAT-745-ART-002,855,4.21,73.42,602.1,67.2,85.5,199.6,0.36,22.39,0.2,True,False
2026-09-23 06:33:45,CAT-D6-DOZ-008,871,6.02,73.42,798.9,67.1,86.2,194.5,0.32,22.71,0.0,True,False
2026-09-23 06:33:45,CAT-980-WLD-005,887,5.36,73.42,735.2,69.1,85.3,236.6,0.15,23.76,0.0,True,False
2026-09-23 06:33:50,CAT-320-EXC-014,895,7.32,73.38,600.9,66.6,84.9,199.6,0.71,24.93,0.4,True,False
2026-09-23 06:33:50,CAT-745-ART-002,864,5.7,73.38,597.1,67.9,86.2,216.3,0.38,25.44,0.4,True,False
2026-09-23 06:33:50,CAT-D6-DOZ-008,877,8.33,73.38,727.1,67.8,84.9,215.6,0.04,21.32,0.0,True,False
2026-09-23 06:33:50,CAT-980-WLD-005,880,7.92,73.38,487.7,65.8,84.9,202.4,0.2,24.58,0.0,True,False
2026-09-23 06:33:55,CAT-320-EXC-014,1748,30.99,73.33,4072.1,66.9,84.7,367.6,2.02,22.13,5.33,True,False
2026-09-23 06:33:55,CAT-745-ART-002,1773,32.16,73.33,4005.6,66.3,85.8,414.4,2.0,23.36,6.07,True,False
2026-09-23 06:33:55,CAT-D6-DOZ-008,1773,31.99,73.33,4684.5,68.3,86.1,394.6,1.61,23.44,5.63,True,False
2026-09-23 06:33:55,CAT-980-WLD-005,1761,31.91,73.33,4384.4,64.7,86.5,393.3,1.97,25.22,5.42,True,False
2026-09-23 06:34:00,CAT-320-EXC-014,1789,33.39,73.29,4126.6,67.5,85.4,381.1,1.64,24.08,6.53,True,False
2026-09-23 06:34:00,CAT-745-ART-002,1768,33.47,73.29,4100.6,67.4,86.4,356.4,1.83,24.41,6.36,True,False
2026-09-23 06:34:00,CAT-D6-DOZ-008,1762,30.76,73.29,4542.7,67.4,87.1,382.4,2.07,22.71,6.69,True,False
2026-09-23 06:34:00,CAT-980-WLD-005,1791,31.65,73.29,4316.0,66.6,86.8,393.2,2.49,23.83,6.88,True,False
2026-09-23 06:34:05,CAT-320-EXC-014,1748,33.2,73.24,4317.2,69.3,86.5,385.2,1.77,22.81,7.88,True,False
2026-09-23 06:34:05,CAT-745-ART-002,1770,31.26,73.24,3991.0,64.0,86.4,371.2,1.85,24.07,7.66,True,False
2026-09-23 06:34:05,CAT-D6-DOZ-008,1742,33.53,73.24,4188.6,65.4,84.0,393.1,2.28,24.3,7.63,True,False
2026-09-23 06:34:05,CAT-980-WLD-005,1754,30.38,73.24,4217.8,66.1,86.9,378.7,1.64,23.44,8.0,True,False
2026-09-23 06:34:10,CAT-320-EXC-014,1780,33.92,73.2,3939.2,67.0,86.1,371.7,1.79,22.03,8.79,True,False
2026-09-23 06:34:10,CAT-745-ART-002,1768,32.23,73.2,4293.8,65.1,86.0,391.7,1.9,24.13,8.51,True,False
2026-09-23 06:34:10,CAT-D6-DOZ-008,1736,31.42,73.2,4208.0,66.8,87.1,373.0,1.92,21.96,8.28,True,False
2026-09-23 06:34:10,CAT-980-WLD-005,1771,31.16,73.2,4339.0,64.7,86.3,356.8,1.75,25.12,8.65,True,False
2026-09-23 06:34:15,CAT-320-EXC-014,1785,32.26,73.15,4263.5,67.7,84.7,365.7,2.43,23.08,9.21,True,False
2026-09-23 06:34:15,CAT-745-ART-002,1761,31.82,73.15,4116.1,66.4,85.4,332.3,2.27,25.46,9.36,True,False
2026-09-23 06:34:15,CAT-D6-DOZ-008,1776,33.33,73.15,4194.5,68.7,86.8,400.7,1.83,24.72,9.08,True,False
2026-09-23 06:34:15,CAT-980-WLD-005,1787,33.56,73.15,4197.7,68.3,85.7,388.7,1.78,23.37,9.14,True,False
2026-09-23 06:34:20,CAT-320-EXC-014,1740,31.32,73.1,4122.3,66.9,85.8,365.0,1.98,23.72,9.46,True,False
2026-09-23 06:34:20,CAT-745-ART-002,1766,31.33,73.1,3928.1,66.0,85.2,410.2,1.65,22.97,9.51,True,False
2026-09-23 06:34:20,CAT-D6-DOZ-008,1792,30.5,73.1,4619.3,67.0,86.8,382.0,1.64,23.73,9.41,True,False
2026-09-23 06:34:20,CAT-980-WLD-005,1724,32.76,73.1,4307.8,66.8,87.5,397.1,2.51,24.99,9.17,True,False
2026-09-23 06:34:25,CAT-320-EXC-014,1736,33.12,73.06,4464.1,65.6,84.6,402.9,1.71,25.38,9.42,True,False
2026-09-23 06:34:25,CAT-745-ART-002,1753,33.59,73.06,4248.3,67.4,84.8,339.8,1.9,22.05,9.44,True,False
2026-09-23 06:34:25,CAT-D6-DOZ-008,1767,29.5,73.06,4232.6,67.4,85.1,380.7,1.87,23.32,9.2,True,False
2026-09-23 06:34:25,CAT-980-WLD-005,1745,31.56,73.06,4205.7,67.2,84.8,401.6,1.84,23.2,9.52,True,False
2026-09-23 06:34:30,CAT-320-EXC-014,1754,33.24,73.01,4309.3,67.8,85.0,350.2,2.24,23.97,9.44,True,False
2026-09-23 06:34:30,CAT-745-ART-002,1763,32.04,73.01,4448.2,67.5,85.3,382.3,1.69,24.38,9.1,True,False
2026-09-23 06:34:30,CAT-D6-DOZ-008,1760,31.33,73.01,3995.8,70.2,83.5,422.6,1.66,24.7,8.9,True,False
2026-09-23 06:34:30,CAT-980-WLD-005,1760,30.9,73.01,4315.0,67.5,86.1,395.5,1.61,22.81,8.98,True,False
2026-09-23 06:34:35,CAT-320-EXC-014,1759,31.4,72.97,3991.1,68.7,85.8,358.8,1.66,24.55,8.55,True,False
2026-09-23 06:34:35,CAT-745-ART-002,1734,30.49,72.97,4016.1,66.6,84.8,381.7,2.7,23.26,8.38,True,False
2026-09-23 06:34:35,CAT-D6-DOZ-008,1741,31.63,72.97,4615.7,67.3,86.9,369.2,2.27,23.41,8.05,True,False
2026-09-23 06:34:35,CAT-980-WLD-005,1740,32.61,72.97,4087.1,68.7,87.5,385.4,2.2,23.6,8.13,True,False
2026-09-23 06:34:40,CAT-320-EXC-014,1744,33.05,72.92,4322.7,66.9,85.5,410.3,1.91,23.85,7.29,True,False
2026-09-23 06:34:40,CAT-745-ART-002,1744,33.51,72.92,4480.7,67.0,86.0,374.3,2.09,23.55,7.71,True,False
2026-09-23 06:34:40,CAT-D6-DOZ-008,1774,30.3,72.92,4246.0,67.3,85.7,398.0,1.99,24.68,8.03,True,False
2026-09-23 06:34:40,CAT-980-WLD-005,1776,34.17,72.92,4443.6,67.6,87.8,372.2,2.45,23.68,7.6,True,False
2026-09-23 06:34:45,CAT-320-EXC-014,1735,31.87,72.87,4149.5,68.2,85.7,384.4,1.95,22.63,6.7,True,False
2026-09-23 06:34:45,CAT-745-ART-002,1775,34.27,72.87,4355.6,66.2,84.8,379.2,1.87,25.13,6.42,True,False
2026-09-23 06:34:45,CAT-D6-DOZ-008,1724,31.34,72.87,4531.4,66.7,86.1,409.8,1.93,25.45,6.3,True,False
2026-09-23 06:34:45,CAT-980-WLD-005,1759,32.3,72.87,4318.6,67.4,85.8,396.9,1.82,22.54,6.23,True,False
2026-09-23 06:34:50,CAT-320-EXC-014,1742,31.37,72.83,4217.0,66.5,87.0,384.8,2.24,23.66,5.44,True,False
2026-09-23 06:34:50,CAT-745-ART-002,1762,31.42,72.83,4049.2,67.1,87.1,367.0,2.06,24.4,5.52,True,False
2026-09-23 06:34:50,CAT-D6-DOZ-008,1792,32.14,72.83,4025.0,68.4,85.8,389.4,1.77,23.92,5.74,True,False
2026-09-23 06:34:50,CAT-980-WLD-005,1782,33.28,72.83,4116.0,67.5,87.2,389.9,2.43,22.63,5.51,True,False
2026-09-23 06:34:55,CAT-320-EXC-014,1748,32.33,72.78,4287.0,66.1,86.7,392.4,1.86,22.6,8.95,True,False
2026-09-23 06:34:55,CAT-745-ART-002,1754,30.16,72.78,4200.9,68.2,87.4,384.9,1.6,23.27,9.06,True,False
2026-09-23 06:34:55,CAT-D6-DOZ-008,1751,31.18,72.78,4091.7,67.8,86.2,420.3,1.98,24.44,8.81,True,False
2026-09-23 06:34:55,CAT-980-WLD-005,1762,33.83,72.78,4321.5,67.8,87.3,377.9,1.71,24.92,8.79,True,False
2026-09-23 06:35:00,CAT-320-EXC-014,1758,32.24,72.74,4289.7,67.0,86.3,352.4,2.28,25.47,8.69,True,False
2026-09-23 06:35:00,CAT-745-ART-002,1716,32.34,72.74,3991.1,66.5,85.8,366.0,1.63,24.81,9.38,True,False
2026-09-23 06:35:00,CAT-D6-DOZ-008,1764,31.13,72.74,4045.2,66.8,87.9,368.7,1.63,25.04,9.52,True,False
2026-09-23 06:35:00,CAT-980-WLD-005,1761,31.5,72.74,4254.5,66.9,84.7,390.3,2.12,25.89,8.84,True,False
2026-09-23 06:35:05,CAT-320-EXC-014,1788,32.03,72.69,4053.4,67.0,83.4,357.9,2.1,23.07,8.96,True,False
2026-09-23 06:35:05,CAT-745-ART-002,1774,34.45,72.69,4174.9,67.6,85.7,366.5,2.08,23.53,9.3,True,False
2026-09-23 06:35:05,CAT-D6-DOZ-008,1738,31.73,72.69,4390.5,66.5,85.8,380.4,1.73,23.78,8.64,True,False
2026-09-23 06:35:05,CAT-980-WLD-005,1765,32.56,72.69,4292.0,68.2,85.3,391.1,1.61,23.51,9.03,True,False
2026-09-23 06:35:10,CAT-320-EXC-014,1775,32.75,72.64,4380.7,68.0,87.6,396.2,1.95,24.64,9.1,True,False
2026-09-23 06:35:10,CAT-745-ART-002,1743,33.28,72.64,4250.4,65.5,86.3,405.1,1.7,23.42,8.94,True,False
2026-09-23 06:35:10,CAT-D6-DOZ-008,1749,32.68,72.64,4618.9,66.8,87.1,355.9,1.64,24.1,9.19,True,False
2026-09-23 06:35:10,CAT-980-WLD-005,1768,31.55,72.64,4476.2,68.0,87.6,377.6,2.28,22.25,8.67,True,False
2026-09-23 06:35:15,CAT-320-EXC-014,1746,31.38,72.6,4201.2,67.1,86.5,376.1,2.15,24.12,9.18,True,False
2026-09-23 06:35:15,CAT-745-ART-002,1787,30.95,72.6,4207.8,68.4,86.7,384.1,1.84,23.36,9.24,True,False
2026-09-23 06:35:15,CAT-D6-DOZ-008,1764,31.79,72.6,3786.5,68.4,85.9,358.3,1.7,23.32,9.57,True,False
2026-09-23 06:35:15,CAT-980-WLD-005,1763,32.11,72.6,4154.8,66.9,86.6,336.0,3.08,25.69,8.63,True,False
2026-09-23 06:35:20,CAT-320-EXC-014,1749,28.94,72.55,4247.8,66.8,87.1,370.4,1.8,22.15,9.7,True,False
2026-09-23 06:35:20,CAT-745-ART-002,1768,31.73,72.55,3968.4,68.3,85.3,394.0,2.12,21.71,8.47,True,False
2026-09-23 06:35:20,CAT-D6-DOZ-008,1783,31.28,72.55,4167.8,68.5,84.5,385.6,2.01,23.37,9.26,True,False
2026-09-23 06:35:20,CAT-980-WLD-005,1727,31.99,72.55,4212.0,66.7,84.5,367.4,2.38,24.61,9.73,True,False
2026-09-23 06:35:25,CAT-320-EXC-014,1740,32.42,72.51,4101.4,68.3,85.5,362.5,2.02,24.26,8.7,True,False
2026-09-23 06:35:25,CAT-745-ART-002,1777,30.46,72.51,4235.1,65.7,83.6,352.6,2.54,22.59,8.85,True,False
2026-09-23 06:35:25,CAT-D6-DOZ-008,1746,34.28,72.51,4011.2,67.2,85.1,371.3,1.7,25.22,8.37,True,False
2026-09-23 06:35:25,CAT-980-WLD-005,1772,32.61,72.51,4371.7,68.8,86.2,375.4,2.01,23.57,9.02,True,False
2026-09-23 06:35:30,CAT-320-EXC-014,1766,32.08,72.46,4182.7,65.6,85.7,363.6,2.5,26.5,8.92,True,False
2026-09-23 06:35:30,CAT-745-ART-002,1793,33.76,72.46,4475.7,67.5,84.6,356.7,1.62,22.38,9.12,True,False
2026-09-23 06:35:30,CAT-D6-DOZ-008,1745,31.25,72.46,4526.4,68.1,85.3,405.4,1.79,24.28,9.1,True,False
2026-09-23 06:35:30,CAT-980-WLD-005,1782,29.31,72.46,4455.8,67.2,86.2,385.8,1.73,23.16,8.31,True,False
2026-09-23 06:35:35,CAT-320-EXC-014,1726,31.21,72.42,4206.1,66.6,86.2,406.6,1.66,22.96,9.11,True,False
2026-09-23 06:35:35,CAT-745-ART-002,1758,32.07,72.42,4268.5,67.7,85.7,357.8,2.37,24.57,9.15,True,False
2026-09-23 06:35:35,CAT-D6-DOZ-008,1727,31.54,72.42,4444.3,66.8,86.5,376.6,2.3,21.13,9.08,True,False
2026-09-23 06:35:35,CAT-980-WLD-005,1716,31.44,72.42,4277.1,66.4,87.2,360.3,2.07,24.77,8.27,True,False
2026-09-23 06:35:40,CAT-320-EXC-014,1777,33.64,72.37,4610.1,66.4,85.0,367.4,1.62,22.49,8.69,True,False
2026-09-23 06:35:40,CAT-745-ART-002,1739,32.02,72.37,3955.7,66.6,84.2,387.3,1.77,22.33,8.64,True,False
2026-09-23 06:35:40,CAT-D6-DOZ-008,1769,34.02,72.37,3877.2,69.7,85.0,394.1,1.64,22.55,8.7,True,False
2026-09-23 06:35:40,CAT-980-WLD-005,1772,34.26,72.37,4126.8,66.0,86.6,392.2,1.82,25.1,8.65,True,False
2026-09-23 06:35:45,CAT-320-EXC-014,888,8.16,72.32,200.0,66.8,85.9,235.4,0.11,25.68,0.0,True,False
2026-09-23 06:35:45,CAT-745-ART-002,891,6.8,72.32,410.3,66.7,87.5,205.3,0.29,23.32,0.04,True,False
2026-09-23 06:35:45,CAT-D6-DOZ-008,923,6.11,72.32,760.3,67.1,87.3,220.0,0.56,25.57,0.1,True,False
2026-09-23 06:35:45,CAT-980-WLD-005,845,7.73,72.32,687.1,67.0,86.6,203.6,0.37,24.99,0.0,True,False
2026-09-23 06:35:50,CAT-320-EXC-014,880,6.43,72.28,698.2,66.8,87.2,246.5,0.86,24.98,0.14,True,False
2026-09-23 06:35:50,CAT-745-ART-002,890,7.32,72.28,537.2,67.7,85.1,240.2,0.16,25.16,0.0,True,False
2026-09-23 06:35:50,CAT-D6-DOZ-008,860,6.14,72.28,577.9,68.6,85.2,244.6,0.15,23.63,0.0,True,False
2026-09-23 06:35:50,CAT-980-WLD-005,893,5.3,72.28,727.1,67.9,84.3,195.3,0.56,22.35,0.1,True,False
2026-09-23 06:35:55,CAT-320-EXC-014,862,6.28,72.23,700.2,67.9,85.9,219.9,0.3,22.56,0.29,True,False
2026-09-23 06:35:55,CAT-745-ART-002,878,6.1,72.23,688.6,64.2,85.6,254.8,0.24,23.15,0.1,True,False
2026-09-23 06:35:55,CAT-D6-DOZ-008,891,5.68,72.23,533.9,68.6,86.5,236.9,0.45,23.92,0.18,True,False
2026-09-23 06:35:55,CAT-980-WLD-005,885,4.5,72.23,660.8,67.5,85.1,216.3,0.06,24.83,0.03,True,False
2026-09-23 06:36:00,CAT-320-EXC-014,849,6.7,72.19,396.2,67.7,84.9,258.0,0.0,25.32,0.0,True,False
2026-09-23 06:36:00,CAT-745-ART-002,868,6.51,72.19,509.0,69.1,86.4,223.3,0.0,25.52,0.0,True,False
2026-09-23 06:36:00,CAT-D6-DOZ-008,876,6.26,72.19,414.3,67.2,85.9,200.7,0.0,23.74,0.0,True,False
2026-09-23 06:36:00,CAT-980-WLD-005,883,6.5,72.19,417.0,67.0,84.7,198.9,0.0,23.19,0.0,True,False
2026-09-23 06:36:05,CAT-320-EXC-014,850,7.39,72.14,414.1,68.6,84.7,235.1,0.0,24.56,0.0,True,False
2026-09-23 06:36:05,CAT-745-ART-002,867,6.18,72.14,410.7,67.6,86.6,237.1,0.0,24.14,0.0,True,False
2026-09-23 06:36:05,CAT-D6-DOZ-008,865,6.18,72.14,490.5,68.0,86.2,210.4,0.0,24.76,0.0,True,False
2026-09-23 06:36:05,CAT-980-WLD-005,846,6.54,72.14,468.9,67.3,86.2,216.6,0.0,23.77,0.0,True,False
2026-09-23 06:36:10,CAT-320-EXC-014,852,5.92,72.09,406.5,68.4,86.1,402.4,0.0,24.2,0.0,True,False
2026-09-23 06:36:10,CAT-745-ART-002,862,6.7,72.09,468.4,67.0,86.9,395.0,0.0,22.84,0.0,True,False
2026-09-23 06:36:10,CAT-D6-DOZ-008,854,6.92,72.09,403.7,68.8,83.8,394.5,0.0,22.48,0.0,True,False
2026-09-23 06:36:10,CAT-980-WLD-005,880,6.93,72.09,495.5,68.7,87.5,376.6,0.0,24.71,0.0,True,False
2026-09-23 06:36:15,CAT-320-EXC-014,846,6.58,72.05,420.5,67.7,85.5,397.2,0.0,23.63,0.0,True,False
2026-09-23 06:36:15,CAT-745-ART-002,869,6.35,72.05,444.2,69.5,87.0,386.9,0.0,24.3,0.0,True,False
2026-09-23 06:36:15,CAT-D6-DOZ-008,857,6.24,72.05,471.0,67.9,86.6,358.7,0.0,25.32,0.0,True,False
2026-09-23 06:36:15,CAT-980-WLD-005,844,6.03,72.05,497.5,65.8,84.6,390.2,0.0,24.54,0.0,True,False
2026-09-23 06:36:20,CAT-320-EXC-014,862,6.78,72.0,449.7,67.1,87.3,395.2,0.0,26.94,0.0,True,False
2026-09-23 06:36:20,CAT-745-ART-002,845,6.39,72.0,408.1,68.5,86.3,399.6,0.0,24.59,0.0,True,False
2026-09-23 06:36:20,CAT-D6-DOZ-008,862,6.87,72.0,352.7,66.6,85.1,382.3,0.0,22.7,0.0,True,False
2026-09-23 06:36:20,CAT-980-WLD-005,870,6.81,72.0,482.4,64.7,87.6,396.6,0.0,24.61,0.0,True,False
2026-09-23 06:36:25,CAT-320-EXC-014,862,5.5,71.96,464.2,68.8,84.8,236.5,0.0,23.22,0.0,True,False
2026-09-23 06:36:25,CAT-745-ART-002,868,5.91,71.96,442.0,65.7,84.3,240.5,0.0,23.6,0.0,True,False
2026-09-23 06:36:25,CAT-D6-DOZ-008,850,6.36,71.96,433.7,65.8,84.7,183.2,0.0,23.14,0.0,True,False
2026-09-23 06:36:25,CAT-980-WLD-005,850,6.46,71.96,511.0,67.9,86.9,194.1,0.0,24.9,0.0,True,False
2026-09-23 06:36:30,CAT-320-EXC-014,849,6.51,71.91,503.5,66.9,85.7,216.3,0.0,24.6,0.0,True,False
2026-09-23 06:36:30,CAT-745-ART-002,856,6.83,71.91,507.9,67.3,86.8,223.9,0.0,23.18,0.0,True,False
2026-09-23 06:36:30,CAT-D6-DOZ-008,859,6.39,71.91,494.1,65.0,86.3,188.8,0.0,22.22,0.0,True,False
2026-09-23 06:36:30,CAT-980-WLD-005,857,7.1,71.91,500.5,67.3,85.0,245.5,0.0,23.71,0.0,True,False
2026-09-23 06:36:35,CAT-320-EXC-014,864,6.42,71.87,374.2,66.0,86.0,240.1,0.0,24.1,0.0,True,False
2026-09-23 06:36:35,CAT-745-ART-002,855,7.26,71.87,461.0,67.4,86.1,216.7,0.0,25.09,0.0,True,False
2026-09-23 06:36:35,CAT-D6-DOZ-008,859,6.47,71.87,384.5,67.5,85.6,229.5,0.0,22.33,0.0,True,False
2026-09-23 06:36:35,CAT-980-WLD-005,862,6.61,71.87,286.9,66.8,87.6,225.1,0.0,23.44,0.0,True,False
2026-09-23 06:36:40,CAT-320-EXC-014,856,6.53,71.82,402.1,68.8,85.6,215.9,0.0,22.99,0.0,True,False
2026-09-23 06:36:40,CAT-745-ART-002,847,5.74,71.82,442.1,67.6,86.9,218.9,0.0,22.24,0.0,True,False
2026-09-23 06:36:40,CAT-D6-DOZ-008,864,6.81,71.82,354.1,66.9,85.1,236.5,0.0,24.32,0.0,True,False
2026-09-23 06:36:40,CAT-980-WLD-005,854,6.71,71.82,499.6,67.3,83.7,212.3,0.0,23.89,0.0,True,False
2026-09-23 06:36:45,CAT-320-EXC-014,849,7.12,71.77,302.8,68.8,87.2,365.6,0.0,22.47,0.0,True,False
2026-09-23 06:36:45,CAT-745-ART-002,869,7.08,71.77,436.6,66.3,87.2,391.0,0.0,23.33,0.0,True,False
2026-09-23 06:36:45,CAT-D6-DOZ-008,870,6.13,71.77,517.2,69.9,85.7,375.2,0.0,23.11,0.0,True,False
2026-09-23 06:36:45,CAT-980-WLD-005,847,7.0,71.77,458.4,67.1,84.9,359.8,0.0,24.66,0.0,True,False
2026-09-23 06:36:50,CAT-320-EXC-014,878,5.43,71.73,531.3,68.2,86.6,387.8,0.0,23.4,0.0,True,False
2026-09-23 06:36:50,CAT-745-ART-002,876,6.85,71.73,437.0,67.3,88.3,381.3,0.0,25.41,0.0,True,False
2026-09-23 06:36:50,CAT-D6-DOZ-008,856,6.85,71.73,498.0,68.2,84.9,390.3,0.0,21.47,0.0,True,False
2026-09-23 06:36:50,CAT-980-WLD-005,864,7.22,71.73,461.3,66.6,84.8,350.9,0.0,26.49,0.0,True,False
2026-09-23 06:36:55,CAT-320-EXC-014,857,7.13,71.68,448.4,67.7,86.0,388.4,0.0,25.18,0.0,True,False
2026-09-23 06:36:55,CAT-745-ART-002,865,6.06,71.68,385.8,68.3,86.3,339.7,0.0,23.88,0.0,True,False
2026-09-23 06:36:55,CAT-D6-DOZ-008,869,6.54,71.68,506.1,68.7,86.3,399.7,0.0,23.26,0.0,True,False
2026-09-23 06:36:55,CAT-980-WLD-005,876,6.58,71.68,473.5,67.8,87.0,379.8,0.0,22.56,0.0,True,False
2026-09-23 06:37:00,CAT-320-EXC-014,854,6.23,71.64,408.1,68.4,85.1,385.4,0.0,23.9,0.0,True,False
2026-09-23 06:37:00,CAT-745-ART-002,849,6.46,71.64,465.8,66.6,85.1,379.9,0.0,23.92,0.0,True,False
2026-09-23 06:37:00,CAT-D6-DOZ-008,855,6.5,71.64,491.6,66.9,86.4,376.6,0.0,23.07,0.0,True,False
2026-09-23 06:37:00,CAT-980-WLD-005,855,6.43,71.64,380.6,67.7,84.7,357.9,0.0,23.48,0.0,True,False
2026-09-23 06:37:05,CAT-320-EXC-014,867,5.71,71.59,412.4,68.3,83.9,355.6,0.0,25.59,0.0,True,False
2026-09-23 06:37:05,CAT-745-ART-002,873,5.99,71.59,443.6,66.0,86.6,378.4,0.0,22.99,0.0,True,False
2026-09-23 06:37:05,CAT-D6-DOZ-008,844,7.34,71.59,376.6,67.5,85.6,378.2,0.0,25.32,0.0,True,False
2026-09-23 06:37:05,CAT-980-WLD-005,847,5.5,71.59,385.2,66.7,87.5,380.8,0.0,21.97,0.0,True,False
2026-09-23 06:37:10,CAT-320-EXC-014,852,6.38,71.54,384.4,67.3,85.8,355.2,0.0,27.09,0.0,True,False
2026-09-23 06:37:10,CAT-745-ART-002,868,6.76,71.54,400.3,67.2,86.8,390.3,0.0,22.38,0.0,True,False
2026-09-23 06:37:10,CAT-D6-DOZ-008,873,5.54,71.54,383.8,67.8,86.4,378.9,0.0,24.63,0.0,True,False
2026-09-23 06:37:10,CAT-980-WLD-005,863,6.21,71.54,566.2,69.0,83.7,352.5,0.0,23.49,0.0,True,False
2026-09-23 06:37:15,CAT-320-EXC-014,869,5.56,71.5,410.4,69.5,84.5,383.4,0.0,23.11,0.0,True,False
2026-09-23 06:37:15,CAT-745-ART-002,868,6.39,71.5,457.5,69.1,84.5,415.8,0.0,24.61,0.0,True,False
2026-09-23 06:37:15,CAT-D6-DOZ-008,854,6.07,71.5,445.2,67.6,87.9,368.4,0.0,22.4,0.0,True,False
2026-09-23 06:37:15,CAT-980-WLD-005,878,6.44,71.5,422.8,68.0,84.5,363.5,0.0,24.4,0.0,True,False
2026-09-23 06:37:20,CAT-320-EXC-014,861,5.8,71.45,472.5,67.4,87.0,402.0,0.0,24.08,0.0,True,False
2026-09-23 06:37:20,CAT-745-ART-002,861,6.36,71.45,410.3,67.6,86.4,393.5,0.0,23.64,0.0,True,False
2026-09-23 06:37:20,CAT-D6-DOZ-008,864,6.11,71.45,467.7,67.9,84.6,383.0,0.0,23.81,0.0,True,False
2026-09-23 06:37:20,CAT-980-WLD-005,860,5.79,71.45,366.7,67.0,86.2,361.0,0.0,21.84,0.0,True,False
2026-09-23 06:37:25,CAT-320-EXC-014,862,6.23,71.41,489.9,67.5,86.5,397.7,0.0,24.63,0.0,True,False
2026-09-23 06:37:25,CAT-745-ART-002,840,6.82,71.41,454.3,67.1,86.3,396.5,0.0,25.36,0.0,True,False
2026-09-23 06:37:25,CAT-D6-DOZ-008,860,6.43,71.41,361.6,66.4,86.4,365.1,0.0,23.54,0.0,True,False
2026-09-23 06:37:25,CAT-980-WLD-005,867,6.57,71.41,351.9,68.5,86.3,396.5,0.0,20.63,0.0,True,False
2026-09-23 06:37:30,CAT-320-EXC-014,846,6.62,71.36,389.8,67.1,86.1,387.3,0.0,22.52,0.0,True,False
2026-09-23 06:37:30,CAT-745-ART-002,839,6.57,71.36,465.1,67.1,83.8,377.9,0.0,23.03,0.0,True,False
2026-09-23 06:37:30,CAT-D6-DOZ-008,879,6.37,71.36,468.9,67.5,86.3,405.0,0.0,24.15,0.0,True,False
2026-09-23 06:37:30,CAT-980-WLD-005,856,6.68,71.36,507.6,69.2,86.1,380.2,0.0,25.16,0.0,True,False
2026-09-23 06:37:35,CAT-320-EXC-014,868,6.87,71.31,391.4,67.5,86.8,401.2,0.0,23.89,0.0,True,False
2026-09-23 06:37:35,CAT-745-ART-002,865,6.4,71.31,426.9,67.8,84.6,397.3,0.0,25.17,0.0,True,False
2026-09-23 06:37:35,CAT-D6-DOZ-008,852,6.71,71.31,428.3,69.6,85.3,406.2,0.0,21.8,0.0,True,False
2026-09-23 06:37:35,CAT-980-WLD-005,845,6.73,71.31,417.5,67.2,84.3,378.8,0.0,21.45,0.0,True,False
2026-09-23 06:37:40,CAT-320-EXC-014,862,6.19,71.27,473.6,67.1,84.6,367.9,0.0,22.8,0.0,True,False
2026-09-23 06:37:40,CAT-745-ART-002,862,5.88,71.27,480.5,70.4,85.6,394.8,0.0,24.73,0.0,True,False
2026-09-23 06:37:40,CAT-D6-DOZ-008,838,6.24,71.27,531.3,67.6,85.3,360.5,0.0,24.82,0.0,True,False
2026-09-23 06:37:40,CAT-980-WLD-005,865,5.76,71.27,362.3,67.4,86.1,411.3,0.0,23.97,0.0,True,False
2026-09-23 06:37:45,CAT-320-EXC-014,851,5.74,71.22,438.5,69.4,87.1,370.0,0.0,25.75,0.0,True,False
2026-09-23 06:37:45,CAT-745-ART-002,868,5.89,71.22,494.8,67.0,85.1,372.1,0.0,25.16,0.0,True,False
2026-09-23 06:37:45,CAT-D6-DOZ-008,857,6.86,71.22,449.1,67.9,86.3,390.9,0.0,23.66,0.0,True,False
2026-09-23 06:37:45,CAT-980-WLD-005,858,6.34,71.22,334.5,67.7,86.6,380.8,0.0,23.16,0.0,True,False
2026-09-23 06:37:50,CAT-320-EXC-014,847,6.52,71.18,339.6,67.0,86.0,387.9,0.0,23.97,0.0,True,False
2026-09-23 06:37:50,CAT-745-ART-002,846,6.78,71.18,457.0,66.8,84.4,361.2,0.0,23.67,0.0,True,False
2026-09-23 06:37:50,CAT-D6-DOZ-008,845,6.72,71.18,547.7,67.4,85.6,372.8,0.0,25.11,0.0,True,False
2026-09-23 06:37:50,CAT-980-WLD-005,871,6.27,71.18,492.6,66.8,87.2,371.8,0.0,25.02,0.0,True,False
2026-09-23 06:37:55,CAT-320-EXC-014,862,5.99,71.13,405.2,67.6,88.1,391.3,0.0,23.38,0.0,True,False
2026-09-23 06:37:55,CAT-745-ART-002,861,6.85,71.13,476.5,67.1,83.7,369.3,0.0,23.55,0.0,True,False
2026-09-23 06:37:55,CAT-D6-DOZ-008,848,6.13,71.13,372.1,67.6,86.0,367.2,0.0,24.77,0.0,True,False
2026-09-23 06:37:55,CAT-980-WLD-005,841,6.66,71.13,479.1,68.4,86.9,368.6,0.0,23.59,0.0,True,False
2026-09-23 06:38:00,CAT-320-EXC-014,869,7.11,71.09,328.0,67.3,85.1,352.5,0.0,23.72,0.0,True,False
2026-09-23 06:38:00,CAT-745-ART-002,859,5.69,71.09,280.3,69.2,85.4,408.2,0.0,21.66,0.0,True,False
2026-09-23 06:38:00,CAT-D6-DOZ-008,867,6.68,71.09,373.6,67.8,84.9,398.4,0.0,23.94,0.0,True,False
2026-09-23 06:38:00,CAT-980-WLD-005,882,6.84,71.09,381.6,68.7,84.5,371.9,0.0,22.85,0.0,True,False
2026-09-23 06:38:05,CAT-320-EXC-014,857,6.72,71.04,448.5,66.2,84.7,372.3,0.0,24.21,0.0,True,False
2026-09-23 06:38:05,CAT-745-ART-002,846,6.04,71.04,411.4,66.8,86.1,375.7,0.0,24.57,0.0,True,False
2026-09-23 06:38:05,CAT-D6-DOZ-008,856,6.21,71.04,371.6,67.4,85.5,376.7,0.0,22.1,0.0,True,False
2026-09-23 06:38:05,CAT-980-WLD-005,867,7.3,71.04,473.0,66.4,86.8,388.4,0.0,23.41,0.0,True,False
2026-09-23 06:38:10,CAT-320-EXC-014,864,6.26,70.99,487.7,67.5,84.2,388.8,0.0,25.36,0.0,True,False
2026-09-23 06:38:10,CAT-745-ART-002,865,6.38,70.99,459.0,66.7,86.1,337.5,0.0,24.25,0.0,True,False
2026-09-23 06:38:10,CAT-D6-DOZ-008,865,6.8,70.99,448.2,67.9,85.7,398.8,0.0,21.03,0.0,True,False
2026-09-23 06:38:10,CAT-980-WLD-005,866,6.29,70.99,414.3,68.3,86.8,381.9,0.0,25.85,0.0,True,False
2026-09-23 06:38:15,CAT-320-EXC-014,853,6.65,70.95,465.8,68.2,85.2,388.6,0.0,24.5,0.0,True,False
2026-09-23 06:38:15,CAT-745-ART-002,882,7.14,70.95,507.9,71.2,86.8,380.7,0.0,21.18,0.0,True,False
2026-09-23 06:38:15,CAT-D6-DOZ-008,837,5.93,70.95,493.7,67.9,86.0,368.6,0.0,22.58,0.0,True,False
2026-09-23 06:38:15,CAT-980-WLD-005,844,6.33,70.95,475.4,67.3,85.2,391.5,0.0,24.53,0.0,True,False
2026-09-23 06:38:20,CAT-320-EXC-014,849,6.85,70.9,489.9,67.3,86.3,347.8,0.0,23.24,0.0,True,False
2026-09-23 06:38:20,CAT-745-ART-002,851,5.65,70.9,543.5,66.3,84.9,359.4,0.0,23.36,0.0,True,False
2026-09-23 06:38:20,CAT-D6-DOZ-008,852,6.35,70.9,465.4,67.2,85.6,412.2,0.0,24.05,0.0,True,False
2026-09-23 06:38:20,CAT-980-WLD-005,863,6.09,70.9,379.0,68.5,86.2,412.4,0.0,24.03,0.0,True,False
2026-09-23 06:38:25,CAT-320-EXC-014,867,7.09,70.86,402.0,67.9,86.3,371.1,0.0,23.0,0.0,True,False
2026-09-23 06:38:25,CAT-745-ART-002,862,7.01,70.86,473.5,68.3,85.3,394.9,0.0,25.06,0.0,True,False
2026-09-23 06:38:25,CAT-D6-DOZ-008,865,6.99,70.86,368.0,68.9,84.9,383.6,0.0,23.59,0.0,True,False
2026-09-23 06:38:25,CAT-980-WLD-005,852,6.31,70.86,414.3,68.7,87.7,362.6,0.0,24.57,0.0,True,False
2026-09-23 06:38:30,CAT-320-EXC-014,870,6.24,70.81,489.0,66.5,87.0,213.8,0.0,23.17,0.0,True,False
2026-09-23 06:38:30,CAT-745-ART-002,856,6.4,70.81,435.5,68.5,85.9,215.6,0.0,23.13,0.0,True,False
2026-09-23 06:38:30,CAT-D6-DOZ-008,861,6.45,70.81,436.6,68.6,86.4,186.9,0.0,25.17,0.0,True,False
2026-09-23 06:38:30,CAT-980-WLD-005,871,7.28,70.81,344.9,67.8,86.5,216.0,0.0,23.62,0.0,True,False
2026-09-23 06:38:35,CAT-320-EXC-014,877,7.24,70.76,379.6,67.3,84.9,226.8,0.0,22.5,0.0,True,False
2026-09-23 06:38:35,CAT-745-ART-002,867,6.6,70.76,424.9,68.0,86.6,245.6,0.0,23.61,0.0,True,False
2026-09-23 06:38:35,CAT-D6-DOZ-008,847,6.83,70.76,445.7,68.4,87.1,212.8,0.0,23.32,0.0,True,False
2026-09-23 06:38:35,CAT-980-WLD-005,858,5.88,70.76,503.0,67.4,86.4,200.8,0.0,23.29,0.0,True,False
2026-09-23 06:38:40,CAT-320-EXC-014,856,5.82,70.72,479.1,68.2,86.0,231.8,0.0,22.98,0.0,True,False
2026-09-23 06:38:40,CAT-745-ART-002,840,5.41,70.72,459.9,68.9,85.6,257.2,0.0,22.85,0.0,True,False
2026-09-23 06:38:40,CAT-D6-DOZ-008,871,6.18,70.72,553.5,67.7,87.6,242.5,0.0,24.77,0.0,True,False
2026-09-23 06:38:40,CAT-980-WLD-005,873,6.55,70.72,480.9,67.5,87.2,200.1,0.0,23.17,0.0,True,False
2026-09-23 06:38:45,CAT-320-EXC-014,839,6.41,70.67,449.0,67.2,85.1,228.3,0.0,24.0,0.0,True,False
2026-09-23 06:38:45,CAT-745-ART-002,862,6.61,70.67,464.8,65.4,84.2,224.7,0.0,23.92,0.0,True,False
2026-09-23 06:38:45,CAT-D6-DOZ-008,850,6.46,70.67,436.8,68.8,87.1,214.0,0.0,24.33,0.0,True,False
2026-09-23 06:38:45,CAT-980-WLD-005,844,6.31,70.67,402.9,71.1,86.1,242.3,0.0,25.1,0.0,True,False
2026-09-23 06:38:50,CAT-320-EXC-014,849,6.39,70.63,447.3,68.4,86.5,214.3,0.0,23.3,0.0,True,False
2026-09-23 06:38:50,CAT-745-ART-002,870,6.57,70.63,418.9,69.0,85.6,221.8,0.0,25.27,0.0,True,False
2026-09-23 06:38:50,CAT-D6-DOZ-008,873,6.74,70.63,527.5,68.6,85.3,175.1,0.0,23.59,0.0,True,False
2026-09-23 06:38:50,CAT-980-WLD-005,872,6.89,70.63,303.0,67.0,84.7,237.9,0.0,26.48,0.0,True,False
2026-09-23 06:38:55,CAT-320-EXC-014,862,6.57,70.58,466.7,68.1,86.3,244.7,0.0,24.15,0.0,True,False
2026-09-23 06:38:55,CAT-745-ART-002,875,6.47,70.58,391.0,67.3,85.5,213.5,0.0,21.93,0.0,True,False
2026-09-23 06:38:55,CAT-D6-DOZ-008,856,5.8,70.58,589.1,67.2,85.8,232.9,0.0,25.67,0.0,True,False
2026-09-23 06:38:55,CAT-980-WLD-005,848,6.7,70.58,568.6,67.2,84.8,234.4,0.0,24.26,0.0,True,False
2026-09-23 06:39:00,CAT-320-EXC-014,874,6.5,70.54,471.7,67.4,87.6,392.3,0.0,23.07,0.0,True,False
2026-09-23 06:39:00,CAT-745-ART-002,875,6.81,70.54,472.9,69.5,85.4,392.9,0.0,21.3,0.0,True,False
2026-09-23 06:39:00,CAT-D6-DOZ-008,853,6.54,70.54,428.2,67.7,86.0,374.0,0.0,21.25,0.0,True,False
2026-09-23 06:39:00,CAT-980-WLD-005,849,7.1,70.54,383.1,68.4,86.0,378.2,0.0,23.48,0.0,True,False
2026-09-23 06:39:05,CAT-320-EXC-014,865,7.37,70.49,452.9,67.1,86.5,366.5,0.0,23.79,0.0,True,False
2026-09-23 06:39:05,CAT-745-ART-002,865,7.33,70.49,458.8,70.0,85.9,349.1,0.0,23.42,0.0,True,False
2026-09-23 06:39:05,CAT-D6-DOZ-008,852,6.15,70.49,506.5,67.9,85.5,356.0,0.0,25.78,0.0,True,False
2026-09-23 06:39:05,CAT-980-WLD-005,879,7.33,70.49,416.5,69.3,87.2,388.7,0.0,25.76,0.0,True,False
2026-09-23 06:39:10,CAT-320-EXC-014,857,6.22,70.44,488.2,67.4,84.5,408.8,0.0,22.07,0.0,True,False
2026-09-23 06:39:10,CAT-745-ART-002,861,6.6,70.44,582.6,68.1,87.0,396.4,0.0,25.27,0.0,True,False
2026-09-23 06:39:10,CAT-D6-DOZ-008,864,6.85,70.44,550.2,68.9,85.5,390.7,0.0,23.62,0.0,True,False
2026-09-23 06:39:10,CAT-980-WLD-005,851,6.96,70.44,362.1,67.5,84.1,371.5,0.0,23.6,0.0,True,False
2026-09-23 06:39:15,CAT-320-EXC-014,853,6.16,70.4,525.3,66.9,85.2,242.5,0.0,24.2,0.0,True,False
2026-09-23 06:39:15,CAT-745-ART-002,864,6.56,70.4,497.0,67.1,87.1,215.7,0.0,24.12,0.0,True,False
2026-09-23 06:39:15,CAT-D6-DOZ-008,863,7.07,70.4,453.6,70.9,86.6,219.7,0.0,24.85,0.0,True,False
2026-09-23 06:39:15,CAT-980-WLD-005,862,6.55,70.4,396.6,67.2,85.2,222.5,0.0,24.72,0.0,True,False
2026-09-23 06:39:20,CAT-320-EXC-014,868,6.24,70.35,457.7,66.7,85.3,210.9,0.0,20.57,0.0,True,False
2026-09-23 06:39:20,CAT-745-ART-002,833,6.17,70.35,445.4,69.1,84.5,221.2,0.0,22.7,0.0,True,False
2026-09-23 06:39:20,CAT-D6-DOZ-008,841,6.12,70.35,457.3,67.6,86.3,216.1,0.0,22.58,0.0,True,False
2026-09-23 06:39:20,CAT-980-WLD-005,848,6.08,70.35,507.5,68.3,85.9,224.6,0.0,24.29,0.0,True,False
2026-09-23 06:39:25,CAT-320-EXC-014,845,6.01,70.31,537.6,66.3,86.2,227.9,0.0,23.96,0.0,True,False
2026-09-23 06:39:25,CAT-745-ART-002,895,6.87,70.31,367.8,68.1,83.6,229.2,0.0,23.4,0.0,True,False
2026-09-23 06:39:25,CAT-D6-DOZ-008,829,6.05,70.31,409.2,70.1,86.8,193.1,0.0,26.13,0.0,True,False
2026-09-23 06:39:25,CAT-980-WLD-005,874,6.73,70.31,443.9,68.2,84.3,236.7,0.0,24.16,0.0,True,False
2026-09-23 06:39:30,CAT-320-EXC-014,852,5.87,70.26,454.6,67.0,85.8,345.8,0.0,25.13,0.0,True,False
2026-09-23 06:39:30,CAT-745-ART-002,846,6.91,70.26,479.7,67.2,86.6,397.4,0.0,25.62,0.0,True,False
2026-09-23 06:39:30,CAT-D6-DOZ-008,857,6.92,70.26,488.8,67.6,86.4,361.3,0.0,25.89,0.0,True,False
2026-09-23 06:39:30,CAT-980-WLD-005,856,6.12,70.26,321.6,70.4,86.1,368.6,0.0,23.88,0.0,True,False
2026-09-23 06:39:35,CAT-320-EXC-014,857,6.62,70.21,546.0,67.8,86.9,368.3,0.0,22.71,0.0,True,False
2026-09-23 06:39:35,CAT-745-ART-002,846,6.23,70.21,460.8,68.7,86.1,345.5,0.0,23.69,0.0,True,False
2026-09-23 06:39:35,CAT-D6-DOZ-008,849,6.12,70.21,457.2,66.1,84.6,396.8,0.0,27.6,0.0,True,False
2026-09-23 06:39:35,CAT-980-WLD-005,844,5.89,70.21,561.4,68.2,85.8,369.9,0.0,22.89,0.0,True,False
2026-09-23 06:39:40,CAT-320-EXC-014,856,6.75,70.17,429.5,68.2,83.9,408.0,0.0,24.2,0.0,True,False
2026-09-23 06:39:40,CAT-745-ART-002,862,6.76,70.17,456.8,67.2,85.7,362.9,0.0,24.53,0.0,True,False
2026-09-23 06:39:40,CAT-D6-DOZ-008,849,6.9,70.17,543.5,67.1,86.6,383.4,0.0,21.9,0.0,True,False
2026-09-23 06:39:40,CAT-980-WLD-005,881,6.34,70.17,429.0,67.6,85.2,336.8,0.0,22.81,0.0,True,False
2026-09-23 06:39:45,CAT-320-EXC-014,859,5.87,70.12,422.5,66.4,87.7,367.1,0.0,24.34,0.0,True,False
2026-09-23 06:39:45,CAT-745-ART-002,854,6.76,70.12,468.9,69.6,86.9,353.9,0.0,27.16,0.0,True,False
2026-09-23 06:39:45,CAT-D6-DOZ-008,865,6.31,70.12,421.2,67.6,85.0,357.6,0.0,24.84,0.0,True,False
2026-09-23 06:39:45,CAT-980-WLD-005,852,6.71,70.12,394.7,66.2,85.8,407.9,0.0,22.52,0.0,True,False
2026-09-23 06:39:50,CAT-320-EXC-014,859,5.79,70.08,444.0,69.8,87.0,399.4,0.0,22.58,0.0,True,False
2026-09-23 06:39:50,CAT-745-ART-002,883,6.11,70.08,388.3,67.8,85.8,379.8,0.0,22.64,0.0,True,False
2026-09-23 06:39:50,CAT-D6-DOZ-008,865,5.69,70.08,426.8,66.9,86.1,402.9,0.0,24.46,0.0,True,False
2026-09-23 06:39:50,CAT-980-WLD-005,850,6.7,70.08,342.3,68.0,84.2,385.6,0.0,25.18,0.0,True,False
2026-09-23 06:39:55,CAT-320-EXC-014,876,5.78,70.03,401.5,68.0,83.0,365.4,0.0,26.18,0.0,True,False
2026-09-23 06:39:55,CAT-745-ART-002,845,6.28,70.03,461.5,69.0,85.7,384.9,0.0,23.67,0.0,True,False
2026-09-23 06:39:55,CAT-D6-DOZ-008,853,7.32,70.03,415.7,66.6,85.3,391.7,0.0,23.79,0.0,True,False
2026-09-23 06:39:55,CAT-980-WLD-005,830,6.99,70.03,322.9,68.3,86.3,357.0,0.0,25.82,0.0,True,False
2026-09-23 06:40:00,CAT-320-EXC-014,854,6.74,69.98,317.9,69.4,85.3,350.4,0.0,26.07,0.0,True,False
2026-09-23 06:40:00,CAT-745-ART-002,862,6.82,69.98,441.6,65.3,85.8,380.3,0.0,23.75,0.0,True,False
2026-09-23 06:40:00,CAT-D6-DOZ-008,870,5.25,69.98,357.7,68.6,87.2,391.4,0.0,23.59,0.0,True,False
2026-09-23 06:40:00,CAT-980-WLD-005,855,7.34,69.98,552.1,69.4,85.8,422.9,0.0,23.52,0.0,True,False
2026-09-23 06:40:05,CAT-320-EXC-014,859,7.09,69.94,360.5,67.9,86.5,401.5,0.0,23.65,0.0,True,False
2026-09-23 06:40:05,CAT-745-ART-002,860,6.59,69.94,482.8,69.5,86.7,372.8,0.0,21.51,0.0,True,False
2026-09-23 06:40:05,CAT-D6-DOZ-008,859,7.01,69.94,448.8,66.5,86.1,385.2,0.0,26.13,0.0,True,False
2026-09-23 06:40:05,CAT-980-WLD-005,868,6.93,69.94,367.8,68.3,86.4,377.4,0.0,24.94,0.0,True,False
2026-09-23 06:40:10,CAT-320-EXC-014,853,5.52,69.89,425.3,67.7,86.0,351.8,0.0,24.78,0.0,True,False
2026-09-23 06:40:10,CAT-745-ART-002,845,6.62,69.89,319.3,68.1,84.5,373.9,0.0,23.52,0.0,True,False
2026-09-23 06:40:10,CAT-D6-DOZ-008,857,6.06,69.89,443.8,69.2,84.5,362.5,0.0,24.87,0.0,True,False
2026-09-23 06:40:10,CAT-980-WLD-005,851,6.25,69.89,405.6,67.7,87.2,387.3,0.0,22.1,0.0,True,False
2026-09-23 06:40:15,CAT-320-EXC-014,846,6.0,69.85,315.8,66.9,86.2,363.8,0.0,23.99,0.0,True,False
2026-09-23 06:40:15,CAT-745-ART-002,852,7.43,69.85,447.5,67.9,88.1,367.1,0.0,25.18,0.0,True,False
2026-09-23 06:40:15,CAT-D6-DOZ-008,858,6.7,69.85,456.6,68.4,87.8,366.5,0.0,22.98,0.0,True,False
2026-09-23 06:40:15,CAT-980-WLD-005,856,5.37,69.85,434.1,69.0,86.7,395.2,0.0,24.17,0.0,True,False
2026-09-23 06:40:20,CAT-320-EXC-014,867,6.48,69.8,385.0,67.3,85.4,397.2,0.0,25.32,0.0,True,False
2026-09-23 06:40:20,CAT-745-ART-002,852,6.3,69.8,390.7,68.1,86.3,366.0,0.0,26.05,0.0,True,False
2026-09-23 06:40:20,CAT-D6-DOZ-008,854,7.06,69.8,411.0,66.8,87.7,357.5,0.0,25.45,0.0,True,False
2026-09-23 06:40:20,CAT-980-WLD-005,871,5.94,69.8,433.0,67.2,85.0,360.2,0.0,22.23,0.0,True,False
2026-09-23 06:40:25,CAT-320-EXC-014,856,6.69,69.76,484.8,67.4,85.9,382.1,0.0,24.62,0.0,True,False
2026-09-23 06:40:25,CAT-745-ART-002,860,6.83,69.76,387.7,69.2,86.8,370.1,0.0,22.19,0.0,True,False
2026-09-23 06:40:25,CAT-D6-DOZ-008,842,6.78,69.76,475.8,68.0,84.4,385.7,0.0,24.84,0.0,True,False
2026-09-23 06:40:25,CAT-980-WLD-005,872,6.5,69.76,383.4,69.1,86.4,381.9,0.0,24.84,0.0,True,False
2026-09-23 06:40:30,CAT-320-EXC-014,864,5.54,69.71,386.0,68.9,85.8,407.4,0.0,23.79,0.0,True,False
2026-09-23 06:40:30,CAT-745-ART-002,851,5.89,69.71,393.9,67.2,85.1,389.8,0.0,22.95,0.0,True,False
2026-09-23 06:40:30,CAT-D6-DOZ-008,876,6.38,69.71,510.4,69.5,85.0,379.2,0.0,25.5,0.0,True,False
2026-09-23 06:40:30,CAT-980-WLD-005,856,6.53,69.71,282.9,67.7,84.1,366.7,0.0,23.29,0.0,True,False
2026-09-23 06:40:35,CAT-320-EXC-014,871,5.11,69.66,421.6,68.5,86.3,374.1,0.0,25.63,0.0,True,False
2026-09-23 06:40:35,CAT-745-ART-002,843,6.82,69.66,485.1,67.7,86.2,373.8,0.0,24.68,0.0,True,False
2026-09-23 06:40:35,CAT-D6-DOZ-008,865,5.88,69.66,340.8,68.8,86.4,381.9,0.0,23.85,0.0,True,False
2026-09-23 06:40:35,CAT-980-WLD-005,856,5.9,69.66,526.5,68.8,86.8,402.5,0.0,24.09,0.0,True,False
2026-09-23 06:40:40,CAT-320-EXC-014,890,7.49,69.62,327.0,68.7,86.2,367.6,0.0,23.17,0.0,True,False
2026-09-23 06:40:40,CAT-745-ART-002,883,5.86,69.62,484.6,69.0,87.4,391.8,0.0,23.28,0.0,True,False
2026-09-23 06:40:40,CAT-D6-DOZ-008,855,6.26,69.62,444.8,67.0,86.6,371.2,0.0,23.01,0.0,True,False
2026-09-23 06:40:40,CAT-980-WLD-005,850,6.66,69.62,441.5,69.1,87.8,361.5,0.0,22.19,0.0,True,False
2026-09-23 06:40:45,CAT-320-EXC-014,861,6.9,69.57,348.2,67.4,86.1,359.6,0.0,25.45,0.0,True,False
2026-09-23 06:40:45,CAT-745-ART-002,879,6.41,69.57,318.7,65.7,86.0,385.7,0.0,24.95,0.0,True,False
2026-09-23 06:40:45,CAT-D6-DOZ-008,844,6.73,69.57,357.3,67.3,86.8,379.7,0.0,22.89,0.0,True,False
2026-09-23 06:40:45,CAT-980-WLD-005,859,6.11,69.57,432.3,66.0,85.6,377.1,0.0,24.41,0.0,True,False
2026-09-23 06:40:50,CAT-320-EXC-014,844,6.62,69.53,392.1,66.6,85.7,377.2,0.0,24.2,0.0,True,False
2026-09-23 06:40:50,CAT-745-ART-002,838,7.5,69.53,409.0,67.6,84.9,347.0,0.0,23.2,0.0,True,False
2026-09-23 06:40:50,CAT-D6-DOZ-008,848,6.64,69.53,584.8,68.9,84.9,363.0,0.0,22.45,0.0,True,False
2026-09-23 06:40:50,CAT-980-WLD-005,862,6.95,69.53,403.2,70.0,85.8,389.7,0.0,26.6,0.0,True,False
2026-09-23 06:40:55,CAT-320-EXC-014,860,6.58,69.48,419.8,66.2,86.1,388.2,0.0,22.52,0.0,True,False
2026-09-23 06:40:55,CAT-745-ART-002,888,5.69,69.48,420.0,67.3,85.9,397.5,0.0,24.61,0.0,True,False
2026-09-23 06:40:55,CAT-D6-DOZ-008,856,6.7,69.48,422.1,68.4,84.8,372.4,0.0,23.61,0.0,True,False
2026-09-23 06:40:55,CAT-980-WLD-005,858,6.62,69.48,366.6,69.6,86.5,378.2,0.0,24.82,0.0,True,False
2026-09-23 06:41:00,CAT-320-EXC-014,862,5.79,69.43,384.6,67.5,85.5,388.1,0.0,23.92,0.0,True,False
2026-09-23 06:41:00,CAT-745-ART-002,844,7.03,69.43,338.5,67.2,86.4,382.9,0.0,23.81,0.0,True,False
2026-09-23 06:41:00,CAT-D6-DOZ-008,845,6.68,69.43,428.6,67.0,85.9,418.2,0.0,22.84,0.0,True,False
2026-09-23 06:41:00,CAT-980-WLD-005,853,6.56,69.43,444.9,68.7,85.7,359.8,0.0,23.75,0.0,True,False
2026-09-23 06:41:05,CAT-320-EXC-014,870,6.63,69.39,536.9,68.0,86.0,385.6,0.0,24.87,0.0,True,False
2026-09-23 06:41:05,CAT-745-ART-002,871,5.95,69.39,333.4,67.3,86.0,409.3,0.0,24.78,0.0,True,False
2026-09-23 06:41:05,CAT-D6-DOZ-008,884,6.86,69.39,403.5,67.7,87.7,370.2,0.0,23.53,0.0,True,False
2026-09-23 06:41:05,CAT-980-WLD-005,849,6.16,69.39,372.0,68.5,86.4,402.6,0.0,24.14,0.0,True,False
2026-09-23 06:41:10,CAT-320-EXC-014,856,6.38,69.34,458.1,67.6,85.2,378.0,0.0,23.63,0.0,True,False
2026-09-23 06:41:10,CAT-745-ART-002,845,6.53,69.34,442.4,67.4,86.5,387.0,0.0,25.43,0.0,True,False
2026-09-23 06:41:10,CAT-D6-DOZ-008,827,6.17,69.34,421.6,67.5,84.7,390.0,0.0,24.24,0.0,True,False
2026-09-23 06:41:10,CAT-980-WLD-005,863,7.42,69.34,413.4,67.1,86.7,375.8,0.0,24.92,0.0,True,False
2026-09-23 06:41:15,CAT-320-EXC-014,844,6.11,69.3,510.4,67.8,85.7,394.4,0.0,25.06,0.0,True,False
2026-09-23 06:41:15,CAT-745-ART-002,857,7.62,69.3,472.8,68.7,85.4,387.3,0.0,23.75,0.0,True,False
2026-09-23 06:41:15,CAT-D6-DOZ-008,850,6.68,69.3,497.2,68.8,86.3,370.7,0.0,21.99,0.0,True,False
2026-09-23 06:41:15,CAT-980-WLD-005,851,6.32,69.3,505.4,67.8,83.4,377.4,0.0,24.44,0.0,True,False
2026-09-23 06:41:20,CAT-320-EXC-014,834,6.73,69.25,470.2,66.0,87.3,233.9,0.0,25.13,0.0,True,False
2026-09-23 06:41:20,CAT-745-ART-002,854,5.86,69.25,440.9,69.2,87.4,219.4,0.0,23.67,0.0,True,False
2026-09-23 06:41:20,CAT-D6-DOZ-008,847,7.18,69.25,432.5,69.8,87.0,216.0,0.0,23.6,0.0,True,False
2026-09-23 06:41:20,CAT-980-WLD-005,864,7.86,69.25,430.1,69.3,84.4,254.8,0.0,24.41,0.0,True,False
2026-09-23 06:41:25,CAT-320-EXC-014,856,6.84,69.21,367.8,68.7,86.7,196.1,0.0,25.28,0.0,True,False
2026-09-23 06:41:25,CAT-745-ART-002,871,6.57,69.21,459.4,69.6,84.9,239.1,0.0,21.87,0.0,True,False
2026-09-23 06:41:25,CAT-D6-DOZ-008,860,7.28,69.21,412.4,68.4,86.2,248.0,0.0,22.7,0.0,True,False
2026-09-23 06:41:25,CAT-980-WLD-005,855,6.76,69.21,335.5,70.3,86.2,200.9,0.0,24.65,0.0,True,False
2026-09-23 06:41:30,CAT-320-EXC-014,867,6.03,69.16,504.7,66.9,86.9,180.1,0.0,22.58,0.0,True,False
2026-09-23 06:41:30,CAT-745-ART-002,853,6.82,69.16,446.1,67.2,86.8,196.0,0.0,24.75,0.0,True,False
2026-09-23 06:41:30,CAT-D6-DOZ-008,857,6.55,69.16,517.5,69.1,87.2,208.7,0.0,25.02,0.0,True,False
2026-09-23 06:41:30,CAT-980-WLD-005,850,6.82,69.16,421.3,68.8,86.7,226.3,0.0,21.51,0.0,True,False
2026-09-23 06:41:35,CAT-320-EXC-014,848,7.01,69.11,537.4,66.5,86.3,239.5,0.0,24.94,0.0,True,False
2026-09-23 06:41:35,CAT-745-ART-002,864,6.59,69.11,327.0,67.7,87.3,230.9,0.0,24.07,0.0,True,False
2026-09-23 06:41:35,CAT-D6-DOZ-008,874,6.13,69.11,503.2,67.8,86.5,222.6,0.0,23.62,0.0,True,False
2026-09-23 06:41:35,CAT-980-WLD-005,850,7.23,69.11,394.1,67.9,85.9,225.4,0.0,24.03,0.0,True,False
2026-09-23 06:41:40,CAT-320-EXC-014,845,5.72,69.07,436.4,68.7,85.9,237.8,0.0,24.4,0.0,True,False
2026-09-23 06:41:40,CAT-745-ART-002,859,7.15,69.07,477.0,68.5,87.0,173.3,0.0,24.1,0.0,True,False
2026-09-23 06:41:40,CAT-D6-DOZ-008,865,6.59,69.07,444.5,68.2,86.0,254.8,0.0,23.98,0.0,True,False
2026-09-23 06:41:40,CAT-980-WLD-005,843,5.41,69.07,494.4,67.0,86.7,258.8,0.0,24.8,0.0,True,False
2026-09-23 06:41:45,CAT-320-EXC-014,859,6.74,69.02,474.2,68.2,85.0,366.4,0.0,22.16,0.0,True,False
2026-09-23 06:41:45,CAT-745-ART-002,880,7.34,69.02,423.4,67.6,86.0,392.2,0.0,22.93,0.0,True,False
2026-09-23 06:41:45,CAT-D6-DOZ-008,851,6.59,69.02,468.1,67.6,87.9,384.6,0.0,24.1,0.0,True,False
2026-09-23 06:41:45,CAT-980-WLD-005,864,6.32,69.02,388.5,66.3,87.2,388.1,0.0,24.85,0.0,True,False
2026-09-23 06:41:50,CAT-320-EXC-014,865,6.81,68.98,452.5,67.7,85.1,374.5,0.0,24.89,0.0,True,False
2026-09-23 06:41:50,CAT-745-ART-002,868,7.2,68.98,422.7,66.2,84.8,373.0,0.0,24.93,0.0,True,False
2026-09-23 06:41:50,CAT-D6-DOZ-008,855,6.4,68.98,440.4,70.2,84.5,362.8,0.0,25.41,0.0,True,False
2026-09-23 06:41:50,CAT-980-WLD-005,859,6.69,68.98,493.6,67.6,87.0,353.2,0.0,23.41,0.0,True,False
2026-09-23 06:41:55,CAT-320-EXC-014,868,6.76,68.93,434.5,66.8,85.1,390.2,0.0,23.85,0.0,True,False
2026-09-23 06:41:55,CAT-745-ART-002,855,6.53,68.93,523.8,67.7,85.7,369.2,0.0,22.8,0.0,True,False
2026-09-23 06:41:55,CAT-D6-DOZ-008,866,5.73,68.93,541.1,67.9,87.5,387.5,0.0,23.11,0.0,True,False
2026-09-23 06:41:55,CAT-980-WLD-005,869,6.63,68.93,397.4,67.9,87.1,411.8,0.0,24.8,0.0,True,False
2026-09-23 06:42:00,CAT-320-EXC-014,858,6.76,68.88,348.8,67.6,85.6,225.2,0.0,24.7,0.0,True,False
2026-09-23 06:42:00,CAT-745-ART-002,857,7.71,68.88,330.6,66.7,84.8,185.7,0.0,23.84,0.0,True,False
2026-09-23 06:42:00,CAT-D6-DOZ-008,867,6.49,68.88,474.2,68.9,87.3,237.4,0.0,24.26,0.0,True,False
2026-09-23 06:42:00,CAT-980-WLD-005,849,7.09,68.88,404.4,67.5,86.1,230.1,0.0,24.73,0.0,True,False
2026-09-23 06:42:05,CAT-320-EXC-014,871,6.72,68.84,452.2,68.4,86.2,216.9,0.0,24.7,0.0,True,False
2026-09-23 06:42:05,CAT-745-ART-002,838,5.51,68.84,405.2,68.8,85.5,229.7,0.0,23.35,0.0,True,False
2026-09-23 06:42:05,CAT-D6-DOZ-008,860,5.91,68.84,439.9,67.3,83.9,230.6,0.0,24.65,0.0,True,False
2026-09-23 06:42:05,CAT-980-WLD-005,856,6.74,68.84,434.6,68.0,83.9,246.7,0.0,23.38,0.0,True,False
2026-09-23 06:42:10,CAT-320-EXC-014,880,8.03,68.79,312.8,67.7,85.5,215.8,0.0,23.52,0.0,True,False
2026-09-23 06:42:10,CAT-745-ART-002,878,6.11,68.79,418.9,67.7,85.4,223.3,0.0,23.47,0.0,True,False
2026-09-23 06:42:10,CAT-D6-DOZ-008,850,5.61,68.79,484.9,68.2,85.4,171.9,0.0,25.06,0.0,True,False
2026-09-23 06:42:10,CAT-980-WLD-005,866,6.0,68.79,385.6,68.8,85.6,229.2,0.0,23.3,0.0,True,False
2026-09-23 06:42:15,CAT-320-EXC-014,844,5.72,68.75,426.5,69.9,86.4,196.7,0.0,24.6,0.0,True,False
2026-09-23 06:42:15,CAT-745-ART-002,880,6.65,68.75,386.7,66.5,86.0,187.5,0.0,23.13,0.0,True,False
2026-09-23 06:42:15,CAT-D6-DOZ-008,844,6.18,68.75,378.9,69.6,86.6,220.9,0.0,23.49,0.0,True,False
2026-09-23 06:42:15,CAT-980-WLD-005,865,6.92,68.75,569.2,67.1,87.3,225.2,0.0,24.69,0.0,True,False
2026-09-23 06:42:20,CAT-320-EXC-014,840,6.61,68.7,391.3,68.5,85.8,367.8,0.0,22.71,0.0,True,False
2026-09-23 06:42:20,CAT-745-ART-002,851,6.28,68.7,450.3,67.5,85.1,375.0,0.0,25.29,0.0,True,False
2026-09-23 06:42:20,CAT-D6-DOZ-008,849,6.74,68.7,448.2,69.2,88.0,367.1,0.0,24.04,0.0,True,False
2026-09-23 06:42:20,CAT-980-WLD-005,862,6.89,68.7,505.1,68.6,87.1,358.4,0.0,23.94,0.0,True,False
2026-09-23 06:42:25,CAT-320-EXC-014,866,6.3,68.65,410.5,68.7,85.4,352.5,0.0,23.21,0.0,True,False
2026-09-23 06:42:25,CAT-745-ART-002,846,6.17,68.65,492.3,70.6,86.5,389.5,0.0,23.28,0.0,True,False
2026-09-23 06:42:25,CAT-D6-DOZ-008,846,6.45,68.65,453.5,68.5,86.9,338.0,0.0,24.95,0.0,True,False
2026-09-23 06:42:25,CAT-980-WLD-005,870,6.47,68.65,392.1,66.7,86.5,373.5,0.0,23.79,0.0,True,False
2026-09-23 06:42:30,CAT-320-EXC-014,867,7.05,68.61,347.3,69.3,85.7,385.5,0.0,24.36,0.0,True,False
2026-09-23 06:42:30,CAT-745-ART-002,850,7.1,68.61,484.5,66.9,86.3,365.6,0.0,23.19,0.0,True,False
2026-09-23 06:42:30,CAT-D6-DOZ-008,855,6.89,68.61,329.3,68.6,85.0,356.1,0.0,24.37,0.0,True,False
2026-09-23 06:42:30,CAT-980-WLD-005,860,5.53,68.61,516.2,68.4,86.8,380.8,0.0,24.66,0.0,True,False
2026-09-23 06:42:35,CAT-320-EXC-014,880,6.4,68.56,452.7,69.2,85.1,386.9,0.0,23.56,0.0,True,False
2026-09-23 06:42:35,CAT-745-ART-002,858,6.76,68.56,463.2,69.0,86.4,392.2,0.0,24.65,0.0,True,False
2026-09-23 06:42:35,CAT-D6-DOZ-008,830,6.96,68.56,423.0,67.2,86.4,379.3,0.0,25.4,0.0,True,False
2026-09-23 06:42:35,CAT-980-WLD-005,847,7.39,68.56,323.4,68.1,86.1,409.4,0.0,25.49,0.0,True,False
2026-09-23 06:42:40,CAT-320-EXC-014,849,6.76,68.52,528.7,68.1,85.4,370.3,0.0,24.86,0.0,True,False
2026-09-23 06:42:40,CAT-745-ART-002,867,6.96,68.52,441.1,67.9,85.0,385.7,0.0,23.81,0.0,True,False
2026-09-23 06:42:40,CAT-D6-DOZ-008,871,6.09,68.52,467.5,65.5,86.8,372.2,0.0,24.39,0.0,True,False
2026-09-23 06:42:40,CAT-980-WLD-005,879,6.07,68.52,399.3,70.3,84.5,362.7,0.0,23.58,0.0,True,False
2026-09-23 06:42:45,CAT-320-EXC-014,848,6.54,68.47,520.7,67.8,85.7,366.5,0.0,25.18,0.0,True,False
2026-09-23 06:42:45,CAT-745-ART-002,865,6.63,68.47,512.4,67.4,86.2,344.7,0.0,22.72,0.0,True,False
2026-09-23 06:42:45,CAT-D6-DOZ-008,860,6.65,68.47,445.9,66.5,85.7,374.7,0.0,21.8,0.0,True,False
2026-09-23 06:42:45,CAT-980-WLD-005,842,6.43,68.47,464.9,68.7,87.1,364.5,0.0,24.06,0.0,True,False
2026-09-23 06:42:50,CAT-320-EXC-014,837,6.6,68.43,408.6,67.0,87.0,395.7,0.0,22.69,0.0,True,False
2026-09-23 06:42:50,CAT-745-ART-002,850,7.31,68.43,376.6,66.4,87.0,387.9,0.0,24.25,0.0,True,False
2026-09-23 06:42:50,CAT-D6-DOZ-008,857,7.13,68.43,400.5,69.3,85.7,364.0,0.0,24.72,0.0,True,False
2026-09-23 06:42:50,CAT-980-WLD-005,834,6.87,68.43,426.2,68.3,86.9,364.7,0.0,23.78,0.0,True,False
2026-09-23 06:42:55,CAT-320-EXC-014,871,5.45,68.38,427.1,67.9,86.6,371.1,0.0,24.24,0.0,True,False
2026-09-23 06:42:55,CAT-745-ART-002,867,5.75,68.38,448.9,69.2,86.8,403.8,0.0,23.34,0.0,True,False
2026-09-23 06:42:55,CAT-D6-DOZ-008,859,5.87,68.38,362.1,69.3,87.7,355.9,0.0,23.31,0.0,True,False
2026-09-23 06:42:55,CAT-980-WLD-005,853,7.01,68.38,497.6,69.8,86.2,394.5,0.0,24.87,0.0,True,False
2026-09-23 06:43:00,CAT-320-EXC-014,829,7.27,68.33,414.9,67.9,87.5,361.8,0.0,24.52,0.0,True,False
2026-09-23 06:43:00,CAT-745-ART-002,849,6.38,68.33,462.2,66.7,86.7,357.1,0.0,25.09,0.0,True,False
2026-09-23 06:43:00,CAT-D6-DOZ-008,859,6.25,68.33,435.8,68.0,85.3,407.7,0.0,24.91,0.0,True,False
2026-09-23 06:43:00,CAT-980-WLD-005,853,6.82,68.33,484.6,67.7,86.8,410.7,0.0,26.69,0.0,True,False
2026-09-23 06:43:05,CAT-320-EXC-014,847,6.59,68.29,490.0,69.2,84.0,364.7,0.0,25.24,0.0,True,False
2026-09-23 06:43:05,CAT-745-ART-002,848,5.96,68.29,426.1,67.8,86.6,396.8,0.0,23.93,0.0,True,False
2026-09-23 06:43:05,CAT-D6-DOZ-008,855,6.02,68.29,492.7,67.8,85.0,370.1,0.0,25.92,0.0,True,False
2026-09-23 06:43:05,CAT-980-WLD-005,877,6.91,68.29,459.9,69.2,86.1,382.1,0.0,23.38,0.0,True,False
2026-09-23 06:43:10,CAT-320-EXC-014,843,6.35,68.24,397.9,67.1,86.4,365.0,0.0,24.75,0.0,True,False
2026-09-23 06:43:10,CAT-745-ART-002,864,5.95,68.24,523.1,68.2,84.8,365.0,0.0,24.52,0.0,True,False
2026-09-23 06:43:10,CAT-D6-DOZ-008,853,6.29,68.24,440.3,66.4,86.7,372.8,0.0,25.88,0.0,True,False
2026-09-23 06:43:10,CAT-980-WLD-005,873,6.9,68.24,400.1,67.5,86.5,360.6,0.0,24.02,0.0,True,False
2026-09-23 06:43:15,CAT-320-EXC-014,865,6.13,68.2,374.9,69.4,85.4,397.1,0.0,24.99,0.0,True,False
2026-09-23 06:43:15,CAT-745-ART-002,869,5.32,68.2,348.0,68.9,86.0,378.1,0.0,24.95,0.0,True,False
2026-09-23 06:43:15,CAT-D6-DOZ-008,854,6.07,68.2,447.7,67.0,85.9,413.1,0.0,24.39,0.0,True,False
2026-09-23 06:43:15,CAT-980-WLD-005,853,6.42,68.2,449.1,67.9,85.4,404.2,0.0,22.53,0.0,True,False
2026-09-23 06:43:20,CAT-320-EXC-014,861,6.54,68.15,510.2,70.0,85.7,380.0,0.0,26.47,0.0,True,False
2026-09-23 06:43:20,CAT-745-ART-002,872,7.0,68.15,464.8,68.6,85.0,384.0,0.0,23.65,0.0,True,False
2026-09-23 06:43:20,CAT-D6-DOZ-008,852,6.88,68.15,373.2,69.6,86.5,379.2,0.0,23.68,0.0,True,False
2026-09-23 06:43:20,CAT-980-WLD-005,847,6.65,68.15,389.8,66.7,84.4,414.0,0.0,24.67,0.0,True,False
2026-09-23 06:43:25,CAT-320-EXC-014,840,6.22,68.1,454.1,69.4,86.6,361.6,0.0,24.16,0.0,True,False
2026-09-23 06:43:25,CAT-745-ART-002,864,6.98,68.1,458.1,66.2,85.8,373.2,0.0,22.64,0.0,True,False
2026-09-23 06:43:25,CAT-D6-DOZ-008,866,5.8,68.1,420.9,68.2,86.3,370.2,0.0,25.67,0.0,True,False
2026-09-23 06:43:25,CAT-980-WLD-005,871,6.37,68.1,408.7,68.4,85.4,373.4,0.0,23.05,0.0,True,False
2026-09-23 06:43:30,CAT-320-EXC-014,844,5.68,68.06,369.6,66.5,86.0,400.3,0.0,26.61,0.0,True,False
2026-09-23 06:43:30,CAT-745-ART-002,858,6.82,68.06,426.6,69.5,86.4,383.0,0.0,24.1,0.0,True,False
2026-09-23 06:43:30,CAT-D6-DOZ-008,863,6.78,68.06,369.6,69.5,86.3,403.0,0.0,21.63,0.0,True,False
2026-09-23 06:43:30,CAT-980-WLD-005,859,6.3,68.06,443.4,68.4,86.8,371.0,0.0,23.17,0.0,True,False
2026-09-23 06:43:35,CAT-320-EXC-014,856,7.0,68.01,418.2,70.1,86.4,369.0,0.0,23.06,0.0,True,False
2026-09-23 06:43:35,CAT-745-ART-002,866,6.19,68.01,425.2,66.7,86.0,367.3,0.0,23.62,0.0,True,False
2026-09-23 06:43:35,CAT-D6-DOZ-008,868,6.0,68.01,396.8,68.8,86.6,362.8,0.0,23.59,0.0,True,False
2026-09-23 06:43:35,CAT-980-WLD-005,884,6.17,68.01,456.8,69.4,86.0,401.5,0.0,24.05,0.0,True,False
2026-09-23 06:43:40,CAT-320-EXC-014,854,6.32,67.97,461.8,70.0,86.2,384.9,0.0,25.18,0.0,True,False
2026-09-23 06:43:40,CAT-745-ART-002,878,5.76,67.97,486.7,69.2,86.6,383.4,0.0,24.33,0.0,True,False
2026-09-23 06:43:40,CAT-D6-DOZ-008,857,7.11,67.97,486.1,69.7,87.3,346.7,0.0,24.81,0.0,True,False
2026-09-23 06:43:40,CAT-980-WLD-005,885,7.33,67.97,478.0,68.8,84.5,406.1,0.0,25.93,0.0,True,False
2026-09-23 06:43:45,CAT-320-EXC-014,864,6.51,67.92,421.8,68.5,85.9,391.6,0.0,23.57,0.0,True,False
2026-09-23 06:43:45,CAT-745-ART-002,880,5.68,67.92,419.5,68.9,85.9,379.5,0.0,24.62,0.0,True,False
2026-09-23 06:43:45,CAT-D6-DOZ-008,852,6.7,67.92,438.2,69.1,85.8,356.2,0.0,23.7,0.0,True,False
2026-09-23 06:43:45,CAT-980-WLD-005,862,7.58,67.92,362.4,69.6,86.7,364.6,0.0,24.61,0.0,True,False
2026-09-23 06:43:50,CAT-320-EXC-014,852,6.31,67.87,385.1,71.3,86.3,378.7,0.0,25.35,0.0,True,False
2026-09-23 06:43:50,CAT-745-ART-002,856,7.06,67.87,447.3,66.1,85.8,398.6,0.0,20.1,0.0,True,False
2026-09-23 06:43:50,CAT-D6-DOZ-008,852,5.66,67.87,425.3,67.1,85.8,404.0,0.0,25.46,0.0,True,False
2026-09-23 06:43:50,CAT-980-WLD-005,846,5.38,67.87,530.1,70.7,86.4,416.0,0.0,22.98,0.0,True,False
2026-09-23 06:43:55,CAT-320-EXC-014,856,6.63,67.83,521.5,68.6,84.5,414.4,0.0,23.87,0.0,True,False
2026-09-23 06:43:55,CAT-745-ART-002,869,7.14,67.83,454.9,68.5,85.2,354.9,0.0,23.41,0.0,True,False
2026-09-23 06:43:55,CAT-D6-DOZ-008,864,6.01,67.83,373.4,67.4,83.8,384.7,0.0,22.76,0.0,True,False
2026-09-23 06:43:55,CAT-980-WLD-005,872,6.61,67.83,478.4,67.7,86.5,395.0,0.0,23.19,0.0,True,False
2026-09-23 06:44:00,CAT-320-EXC-014,856,6.55,67.78,499.5,69.3,86.3,367.8,0.0,24.7,0.0,True,False
2026-09-23 06:44:00,CAT-745-ART-002,861,6.61,67.78,384.5,69.6,88.0,366.5,0.0,23.55,0.0,True,False
2026-09-23 06:44:00,CAT-D6-DOZ-008,831,6.86,67.78,369.6,69.2,85.2,386.9,0.0,23.9,0.0,True,False
2026-09-23 06:44:00,CAT-980-WLD-005,875,5.71,67.78,451.7,69.2,86.9,379.9,0.0,24.0,0.0,True,False
2026-09-23 06:44:05,CAT-320-EXC-014,857,6.39,67.74,459.9,68.2,86.1,374.7,0.0,24.83,0.0,True,False
2026-09-23 06:44:05,CAT-745-ART-002,869,7.12,67.74,351.9,69.5,85.5,354.2,0.0,23.59,0.0,True,False
2026-09-23 06:44:05,CAT-D6-DOZ-008,864,6.3,67.74,453.0,67.9,84.4,382.0,0.0,23.03,0.0,True,False
2026-09-23 06:44:05,CAT-980-WLD-005,863,6.5,67.74,469.1,68.4,85.6,382.7,0.0,22.88,0.0,True,False
2026-09-23 06:44:10,CAT-320-EXC-014,846,6.35,67.69,383.4,68.0,86.5,196.3,0.0,25.58,0.0,True,False
2026-09-23 06:44:10,CAT-745-ART-002,850,6.79,67.69,517.9,67.2,85.2,228.4,0.0,23.71,0.0,True,False
2026-09-23 06:44:10,CAT-D6-DOZ-008,882,6.58,67.69,359.9,69.0,87.3,225.0,0.0,25.35,0.0,True,False
2026-09-23 06:44:10,CAT-980-WLD-005,865,6.36,67.69,407.6,69.2,84.6,217.8,0.0,23.99,0.0,True,False
2026-09-23 06:44:15,CAT-320-EXC-014,865,6.14,67.65,448.0,67.5,87.4,225.7,0.0,25.03,0.0,True,False
2026-09-23 06:44:15,CAT-745-ART-002,851,6.33,67.65,469.6,68.5,85.4,227.1,0.0,24.87,0.0,True,False
2026-09-23 06:44:15,CAT-D6-DOZ-008,857,6.36,67.65,460.3,67.1,85.8,189.2,0.0,21.63,0.0,True,False
2026-09-23 06:44:15,CAT-980-WLD-005,871,6.48,67.65,419.5,67.1,85.7,199.4,0.0,24.94,0.0,True,False
2026-09-23 06:44:20,CAT-320-EXC-014,873,5.91,67.6,430.7,70.0,86.3,212.6,0.0,24.74,0.0,True,False
2026-09-23 06:44:20,CAT-745-ART-002,870,6.61,67.6,414.1,68.6,87.5,214.2,0.0,24.28,0.0,True,False
2026-09-23 06:44:20,CAT-D6-DOZ-008,856,6.37,67.6,414.4,69.9,85.4,234.6,0.0,23.78,0.0,True,False
2026-09-23 06:44:20,CAT-980-WLD-005,852,5.95,67.6,396.4,69.5,85.8,208.2,0.0,23.6,0.0,True,False
2026-09-23 06:44:25,CAT-320-EXC-014,871,5.94,67.55,358.6,68.5,85.6,247.7,0.0,26.1,0.0,True,False
2026-09-23 06:44:25,CAT-745-ART-002,867,6.25,67.55,384.6,70.8,87.1,232.1,0.0,25.18,0.0,True,False
2026-09-23 06:44:25,CAT-D6-DOZ-008,855,6.34,67.55,461.8,68.0,86.1,231.4,0.0,24.42,0.0,True,False
2026-09-23 06:44:25,CAT-980-WLD-005,858,7.01,67.55,391.6,67.9,87.8,232.4,0.0,23.48,0.0,True,False
2026-09-23 06:44:30,CAT-320-EXC-014,868,7.31,67.51,308.9,68.2,86.8,241.1,0.0,24.47,0.0,True,False
2026-09-23 06:44:30,CAT-745-ART-002,856,6.27,67.51,424.6,68.3,86.1,245.9,0.0,23.62,0.0,True,False
2026-09-23 06:44:30,CAT-D6-DOZ-008,863,6.6,67.51,523.2,70.5,86.9,235.5,0.0,24.54,0.0,True,False
2026-09-23 06:44:30,CAT-980-WLD-005,860,6.45,67.51,270.9,69.0,86.2,224.3,0.0,22.49,0.0,True,False
2026-09-23 06:44:35,CAT-320-EXC-014,850,5.93,67.46,504.1,67.5,86.0,377.1,0.0,24.7,0.0,True,False
2026-09-23 06:44:35,CAT-745-ART-002,887,6.52,67.46,463.1,68.3,84.9,363.8,0.0,25.94,0.0,True,False
2026-09-23 06:44:35,CAT-D6-DOZ-008,847,6.45,67.46,477.7,69.2,86.1,418.0,0.0,24.19,0.0,True,False
2026-09-23 06:44:35,CAT-980-WLD-005,861,6.15,67.46,336.7,67.2,85.3,348.8,0.0,22.56,0.0,True,False
2026-09-23 06:44:40,CAT-320-EXC-014,884,6.54,67.42,402.0,69.3,86.2,349.0,0.0,25.2,0.0,True,False
2026-09-23 06:44:40,CAT-745-ART-002,862,6.41,67.42,518.0,67.7,87.0,380.8,0.0,23.51,0.0,True,False
2026-09-23 06:44:40,CAT-D6-DOZ-008,857,6.57,67.42,337.5,69.7,84.9,378.0,0.0,22.4,0.0,True,False
2026-09-23 06:44:40,CAT-980-WLD-005,848,5.89,67.42,418.2,67.5,84.4,374.0,0.0,25.46,0.0,True,False
2026-09-23 06:44:45,CAT-320-EXC-014,881,6.26,67.37,523.9,68.5,87.6,394.0,0.0,25.43,0.0,True,False
2026-09-23 06:44:45,CAT-745-ART-002,874,5.93,67.37,476.9,69.6,87.9,379.0,0.0,22.53,0.0,True,False
2026-09-23 06:44:45,CAT-D6-DOZ-008,862,6.73,67.37,457.6,68.0,84.9,348.8,0.0,24.05,0.0,True,False
2026-09-23 06:44:45,CAT-980-WLD-005,851,6.0,67.37,382.7,66.8,84.6,406.7,0.0,25.57,0.0,True,False
2026-09-23 06:44:50,CAT-320-EXC-014,869,5.89,67.32,312.7,69.5,87.9,242.7,0.0,23.77,0.0,True,False
2026-09-23 06:44:50,CAT-745-ART-002,854,7.65,67.32,357.9,68.5,84.7,228.5,0.0,24.1,0.0,True,False
2026-09-23 06:44:50,CAT-D6-DOZ-008,846,6.4,67.32,510.1,68.8,86.0,234.9,0.0,23.64,0.0,True,False
2026-09-23 06:44:50,CAT-980-WLD-005,856,6.13,67.32,445.1,69.9,84.9,198.2,0.0,24.62,0.0,True,False
2026-09-23 06:44:55,CAT-320-EXC-014,869,6.34,67.28,554.5,69.7,86.8,240.5,0.0,24.09,0.0,True,False
2026-09-23 06:44:55,CAT-745-ART-002,873,6.08,67.28,455.7,70.1,85.6,212.3,0.0,25.49,0.0,True,False
2026-09-23 06:44:55,CAT-D6-DOZ-008,846,6.51,67.28,466.6,67.2,87.9,194.0,0.0,24.57,0.0,True,False
2026-09-23 06:44:55,CAT-980-WLD-005,872,7.01,67.28,441.3,70.7,84.0,258.9,0.0,25.37,0.0,True,False
2026-09-23 06:45:00,CAT-320-EXC-014,874,6.75,67.23,363.2,68.8,86.6,203.2,0.0,22.28,0.0,True,False
2026-09-23 06:45:00,CAT-745-ART-002,850,6.95,67.23,474.1,66.9,87.4,206.7,0.0,23.58,0.0,True,False
2026-09-23 06:45:00,CAT-D6-DOZ-008,862,5.77,67.23,334.5,69.4,85.7,218.0,0.0,24.14,0.0,True,False
2026-09-23 06:45:00,CAT-980-WLD-005,865,7.13,67.23,462.0,69.8,85.9,226.1,0.0,25.06,0.0,True,False
2026-09-23 06:45:05,CAT-320-EXC-014,862,7.07,67.19,368.3,70.2,86.8,374.0,0.0,24.57,0.0,True,False
2026-09-23 06:45:05,CAT-745-ART-002,854,6.01,67.19,470.5,68.7,86.4,394.3,0.0,22.41,0.0,True,False
2026-09-23 06:45:05,CAT-D6-DOZ-008,864,6.14,67.19,483.0,70.0,85.8,334.0,0.0,23.85,0.0,True,False
2026-09-23 06:45:05,CAT-980-WLD-005,868,6.62,67.19,608.4,68.2,85.4,422.1,0.0,23.52,0.0,True,False
2026-09-23 06:45:10,CAT-320-EXC-014,850,6.25,67.14,456.3,67.4,87.3,375.7,0.0,24.82,0.0,True,False
2026-09-23 06:45:10,CAT-745-ART-002,858,6.71,67.14,372.5,68.6,87.3,386.2,0.0,21.28,0.0,True,False
2026-09-23 06:45:10,CAT-D6-DOZ-008,852,6.01,67.14,500.3,67.9,86.4,393.9,0.0,23.32,0.0,True,False
2026-09-23 06:45:10,CAT-980-WLD-005,866,6.69,67.14,405.7,68.2,87.2,398.0,0.0,25.1,0.0,True,False
2026-09-23 06:45:15,CAT-320-EXC-014,860,6.57,67.1,515.0,68.2,87.0,378.5,0.0,23.42,0.0,True,False
2026-09-23 06:45:15,CAT-745-ART-002,866,6.67,67.1,447.9,67.8,86.4,366.0,0.0,22.27,0.0,True,False
2026-09-23 06:45:15,CAT-D6-DOZ-008,874,5.91,67.1,330.8,69.1,85.7,364.6,0.0,22.81,0.0,True,False
2026-09-23 06:45:15,CAT-980-WLD-005,855,7.11,67.1,400.2,70.0,86.6,387.0,0.0,21.33,0.0,True,False
2026-09-23 06:45:20,CAT-320-EXC-014,875,6.01,67.05,327.4,69.5,83.8,415.4,0.0,24.17,0.0,True,False
2026-09-23 06:45:20,CAT-745-ART-002,860,6.57,67.05,409.8,68.2,85.9,364.8,0.0,23.72,0.0,True,False
2026-09-23 06:45:20,CAT-D6-DOZ-008,856,6.26,67.05,497.4,66.5,86.6,393.0,0.0,26.71,0.0,True,False
2026-09-23 06:45:20,CAT-980-WLD-005,864,7.13,67.05,443.0,69.7,85.7,374.1,0.0,24.19,0.0,True,False
2026-09-23 06:45:25,CAT-320-EXC-014,841,6.69,67.0,416.8,66.3,86.7,371.5,0.0,23.83,0.0,True,False
2026-09-23 06:45:25,CAT-745-ART-002,878,6.63,67.0,401.0,70.2,86.2,348.2,0.0,23.67,0.0,True,False
2026-09-23 06:45:25,CAT-D6-DOZ-008,869,6.34,67.0,524.1,68.3,88.6,375.4,0.0,23.11,0.0,True,False
2026-09-23 06:45:25,CAT-980-WLD-005,872,7.32,67.0,475.7,67.4,86.9,354.4,0.0,24.39,0.0,True,False
2026-09-23 06:45:30,CAT-320-EXC-014,873,6.54,66.96,365.4,68.9,84.4,367.0,0.0,23.03,0.0,True,False
2026-09-23 06:45:30,CAT-745-ART-002,854,6.62,66.96,424.3,71.6,85.9,391.3,0.0,24.82,0.0,True,False
2026-09-23 06:45:30,CAT-D6-DOZ-008,856,6.17,66.96,473.7,69.4,84.3,397.8,0.0,25.75,0.0,True,False
2026-09-23 06:45:30,CAT-980-WLD-005,872,6.53,66.96,448.9,68.4,85.2,376.0,0.0,26.25,0.0,True,False
2026-09-23 06:45:35,CAT-320-EXC-014,872,6.49,66.91,372.1,65.9,85.5,373.3,0.0,25.35,0.0,True,False
2026-09-23 06:45:35,CAT-745-ART-002,844,6.86,66.91,490.3,68.5,87.1,390.2,0.0,25.43,0.0,True,False
2026-09-23 06:45:35,CAT-D6-DOZ-008,834,6.72,66.91,315.9,69.2,86.8,372.9,0.0,23.64,0.0,True,False
2026-09-23 06:45:35,CAT-980-WLD-005,874,5.88,66.91,389.0,68.0,87.0,384.0,0.0,21.72,0.0,True,False
2026-09-23 06:45:40,CAT-320-EXC-014,869,6.62,66.87,323.5,69.2,87.0,410.6,0.0,26.17,0.0,True,False
2026-09-23 06:45:40,CAT-745-ART-002,866,6.46,66.87,429.7,68.3,86.4,383.9,0.0,25.99,0.0,True,False
2026-09-23 06:45:40,CAT-D6-DOZ-008,889,6.74,66.87,403.5,68.4,86.7,405.1,0.0,23.83,0.0,True,False
2026-09-23 06:45:40,CAT-980-WLD-005,853,6.39,66.87,550.0,68.7,86.0,374.5,0.0,25.4,0.0,True,False
2026-09-23 06:45:45,CAT-320-EXC-014,872,6.36,66.82,396.4,71.2,87.3,379.4,0.0,24.43,0.0,True,False
2026-09-23 06:45:45,CAT-745-ART-002,850,6.14,66.82,462.0,69.2,88.5,366.4,0.0,22.88,0.0,True,False
2026-09-23 06:45:45,CAT-D6-DOZ-008,865,6.4,66.82,516.2,67.2,85.5,382.6,0.0,23.87,0.0,True,False
2026-09-23 06:45:45,CAT-980-WLD-005,872,6.19,66.82,573.9,69.4,85.1,375.1,0.0,21.83,0.0,True,False
2026-09-23 06:45:50,CAT-320-EXC-014,881,6.08,66.77,405.3,68.0,86.2,341.5,0.0,23.89,0.0,True,False
2026-09-23 06:45:50,CAT-745-ART-002,875,6.66,66.77,395.3,68.6,87.9,411.8,0.0,25.99,0.0,True,False
2026-09-23 06:45:50,CAT-D6-DOZ-008,872,6.36,66.77,415.6,68.7,86.6,367.3,0.0,22.84,0.0,True,False
2026-09-23 06:45:50,CAT-980-WLD-005,870,6.94,66.77,382.1,70.6,89.1,400.9,0.0,25.09,0.0,True,False
2026-09-23 06:45:55,CAT-320-EXC-014,866,6.95,66.73,457.3,66.9,86.1,398.0,0.0,24.44,0.0,True,False
2026-09-23 06:45:55,CAT-745-ART-002,848,6.57,66.73,466.0,68.8,85.3,386.6,0.0,23.64,0.0,True,False
2026-09-23 06:45:55,CAT-D6-DOZ-008,853,6.72,66.73,494.3,69.2,85.8,401.1,0.0,25.51,0.0,True,False
2026-09-23 06:45:55,CAT-980-WLD-005,843,6.57,66.73,435.7,69.7,86.4,390.1,0.0,22.03,0.0,True,False
2026-09-23 06:46:00,CAT-320-EXC-014,1799,29.12,66.68,4060.7,68.6,85.9,406.9,1.7,21.02,6.38,True,False
2026-09-23 06:46:00,CAT-745-ART-002,1794,30.95,66.68,4074.5,66.6,86.7,378.9,2.35,20.8,6.05,True,False
2026-09-23 06:46:00,CAT-D6-DOZ-008,1787,33.9,66.68,4293.2,68.4,87.8,354.4,2.14,25.44,6.28,True,False
2026-09-23 06:46:00,CAT-980-WLD-005,1760,32.78,66.68,4284.7,68.9,85.1,367.1,2.16,25.05,6.03,True,False
2026-09-23 06:46:05,CAT-320-EXC-014,1759,31.87,66.64,4591.4,71.8,87.2,380.3,1.78,22.09,9.15,True,False
2026-09-23 06:46:05,CAT-745-ART-002,1741,31.71,66.64,4235.4,68.9,87.0,395.0,1.65,23.68,9.32,True,False
2026-09-23 06:46:05,CAT-D6-DOZ-008,1759,31.38,66.64,4399.9,70.7,86.5,375.4,2.42,23.03,8.68,True,False
2026-09-23 06:46:05,CAT-980-WLD-005,1721,33.35,66.64,4444.8,67.6,86.1,390.6,1.98,22.13,9.39,True,False
2026-09-23 06:46:10,CAT-320-EXC-014,1754,32.9,66.59,3960.6,68.1,86.9,366.2,1.95,24.55,8.35,True,False
2026-09-23 06:46:10,CAT-745-ART-002,1789,33.0,66.59,4552.8,67.0,88.0,391.6,1.87,22.6,8.36,True,False
2026-09-23 06:46:10,CAT-D6-DOZ-008,1770,33.55,66.59,4245.7,70.2,87.8,362.0,2.39,21.81,8.92,True,False
2026-09-23 06:46:10,CAT-980-WLD-005,1786,33.29,66.59,4694.3,67.9,86.1,389.2,1.69,23.42,9.2,True,False
2026-09-23 06:46:15,CAT-320-EXC-014,1752,30.14,66.54,4087.3,69.5,86.6,381.7,2.21,24.33,9.25,True,False
2026-09-23 06:46:15,CAT-745-ART-002,1767,31.12,66.54,4204.9,68.4,87.2,376.3,1.92,24.7,9.2,True,False
2026-09-23 06:46:15,CAT-D6-DOZ-008,1733,33.17,66.54,4158.2,67.6,87.4,343.4,1.78,24.92,8.91,True,False
2026-09-23 06:46:15,CAT-980-WLD-005,1711,31.24,66.54,3859.7,70.1,87.5,397.0,1.65,25.3,8.61,True,False
2026-09-23 06:46:20,CAT-320-EXC-014,1738,32.28,66.5,3969.2,69.8,86.3,358.0,1.79,23.11,9.02,True,False
2026-09-23 06:46:20,CAT-745-ART-002,1766,33.08,66.5,4179.9,70.9,87.1,373.8,1.78,22.71,8.59,True,False
2026-09-23 06:46:20,CAT-D6-DOZ-008,1754,32.19,66.5,4537.9,68.1,86.3,369.4,1.65,23.12,9.59,True,False
2026-09-23 06:46:20,CAT-980-WLD-005,1719,30.25,66.5,3973.9,67.7,87.3,414.5,2.1,24.01,9.33,True,False
2026-09-23 06:46:25,CAT-320-EXC-014,1770,32.1,66.45,4203.7,67.4,86.2,355.8,2.02,23.42,9.41,True,False
2026-09-23 06:46:25,CAT-745-ART-002,1749,31.82,66.45,4162.1,71.2,86.2,385.1,1.69,21.62,9.32,True,False
2026-09-23 06:46:25,CAT-D6-DOZ-008,1759,30.51,66.45,4194.9,67.9,87.2,394.4,1.62,23.07,8.7,True,False
2026-09-23 06:46:25,CAT-980-WLD-005,1779,31.81,66.45,4063.8,69.8,85.8,368.9,1.93,23.05,9.04,True,False
2026-09-23 06:46:30,CAT-320-EXC-014,1730,32.81,66.41,4334.6,67.6,85.9,384.2,1.76,23.25,8.5,True,False
2026-09-23 06:46:30,CAT-745-ART-002,1729,33.16,66.41,4302.2,68.7,84.7,381.2,1.71,24.67,8.34,True,False
2026-09-23 06:46:30,CAT-D6-DOZ-008,1745,32.45,66.41,4229.3,68.2,86.5,382.9,1.81,24.33,8.48,True,False
2026-09-23 06:46:30,CAT-980-WLD-005,1739,31.39,66.41,4325.9,67.6,85.2,394.8,1.76,23.92,9.14,True,False
2026-09-23 06:46:35,CAT-320-EXC-014,1745,32.86,66.36,4308.0,67.6,84.5,395.5,2.13,24.25,8.65,True,False
2026-09-23 06:46:35,CAT-745-ART-002,1768,31.91,66.36,4386.5,69.1,87.1,414.5,1.94,23.88,8.82,True,False
2026-09-23 06:46:35,CAT-D6-DOZ-008,1766,30.83,66.36,4276.9,69.7,86.6,397.7,1.6,23.96,8.64,True,False
2026-09-23 06:46:35,CAT-980-WLD-005,1779,32.17,66.36,4204.6,69.1,85.2,394.7,1.84,25.49,9.37,True,False
2026-09-23 06:46:40,CAT-320-EXC-014,1760,34.15,66.32,4108.6,69.0,86.1,394.4,2.38,23.66,8.81,True,False
2026-09-23 06:46:40,CAT-745-ART-002,1742,32.83,66.32,3936.2,69.6,86.9,369.3,2.02,24.66,8.67,True,False
2026-09-23 06:46:40,CAT-D6-DOZ-008,1724,30.5,66.32,4367.0,70.5,86.7,416.8,1.7,23.71,8.67,True,False
2026-09-23 06:46:40,CAT-980-WLD-005,1810,33.23,66.32,4387.2,69.2,86.8,386.0,2.02,23.91,8.84,True,False
2026-09-23 06:46:45,CAT-320-EXC-014,1748,30.83,66.27,4447.7,68.9,85.7,367.0,1.87,21.83,9.11,True,False
2026-09-23 06:46:45,CAT-745-ART-002,1817,31.24,66.27,4248.4,68.7,84.9,401.7,1.78,22.96,8.22,True,False
2026-09-23 06:46:45,CAT-D6-DOZ-008,1764,31.32,66.27,4438.5,69.6,86.7,415.3,1.66,25.5,9.07,True,False
2026-09-23 06:46:45,CAT-980-WLD-005,1772,33.66,66.27,4089.7,69.6,85.1,383.5,2.14,23.37,9.09,True,False
2026-09-23 06:46:50,CAT-320-EXC-014,1791,30.47,66.22,4402.4,68.9,87.7,401.1,1.83,24.54,8.85,True,False
2026-09-23 06:46:50,CAT-745-ART-002,1759,32.69,66.22,4396.8,68.5,85.6,397.8,1.95,26.08,9.18,True,False
2026-09-23 06:46:50,CAT-D6-DOZ-008,1777,31.36,66.22,4441.2,70.4,85.0,380.0,1.83,24.47,8.47,True,False
2026-09-23 06:46:50,CAT-980-WLD-005,1771,31.73,66.22,4000.2,68.9,87.4,358.3,1.85,23.64,9.71,True,False
2026-09-23 06:46:55,CAT-320-EXC-014,876,6.59,66.18,597.7,68.7,85.1,229.1,0.06,24.66,0.08,True,False
2026-09-23 06:46:55,CAT-745-ART-002,880,5.68,66.18,873.3,68.3,84.8,226.9,0.17,25.49,0.38,True,False
2026-09-23 06:46:55,CAT-D6-DOZ-008,914,6.7,66.18,523.0,69.3,85.2,200.6,0.0,24.23,0.05,True,False
2026-09-23 06:46:55,CAT-980-WLD-005,907,7.3,66.18,264.4,65.9,86.0,212.6,0.08,23.03,0.07,True,False
2026-09-23 06:47:00,CAT-320-EXC-014,866,7.36,66.13,608.8,68.7,86.0,208.1,0.75,26.17,0.0,True,False
2026-09-23 06:47:00,CAT-745-ART-002,901,5.63,66.13,485.5,68.4,87.6,212.0,0.34,23.29,0.0,True,False
2026-09-23 06:47:00,CAT-D6-DOZ-008,909,4.11,66.13,514.2,68.0,85.6,253.5,0.43,25.68,0.0,True,False
2026-09-23 06:47:00,CAT-980-WLD-005,879,5.04,66.13,573.0,71.2,85.6,231.4,0.57,25.71,0.0,True,False
2026-09-23 06:47:05,CAT-320-EXC-014,897,5.99,66.09,666.7,69.9,88.1,195.9,0.34,24.01,0.09,True,False
2026-09-23 06:47:05,CAT-745-ART-002,902,6.11,66.09,642.7,68.6,87.1,199.4,0.48,22.91,0.0,True,False
2026-09-23 06:47:05,CAT-D6-DOZ-008,870,6.02,66.09,521.1,69.8,85.5,216.1,0.34,23.6,0.21,True,False
2026-09-23 06:47:05,CAT-980-WLD-005,865,5.54,66.09,803.1,69.2,85.1,213.4,0.23,26.11,0.0,True,False
2026-09-23 06:47:10,CAT-320-EXC-014,874,6.6,66.04,624.7,69.2,85.9,240.8,0.02,23.4,0.33,True,False
2026-09-23 06:47:10,CAT-745-ART-002,878,6.62,66.04,472.0,70.4,85.0,216.0,0.11,22.58,0.0,True,False
2026-09-23 06:47:10,CAT-D6-DOZ-008,894,5.03,66.04,509.4,69.4,88.4,230.3,0.51,22.99,0.21,True,False
2026-09-23 06:47:10,CAT-980-WLD-005,846,6.53,66.04,369.4,69.0,87.4,209.4,0.14,24.38,0.04,True,False
2026-09-23 06:47:15,CAT-320-EXC-014,859,7.37,65.99,739.7,66.9,86.6,218.2,0.25,23.74,0.0,True,False
2026-09-23 06:47:15,CAT-745-ART-002,876,7.27,65.99,518.7,71.4,87.2,222.3,0.29,24.75,0.16,True,False
2026-09-23 06:47:15,CAT-D6-DOZ-008,837,6.37,65.99,315.4,69.7,88.5,244.6,0.52,23.32,0.0,True,False
2026-09-23 06:47:15,CAT-980-WLD-005,881,6.04,65.99,639.0,71.4,85.2,220.9,0.09,23.75,0.07,True,False
2026-09-23 06:47:20,CAT-320-EXC-014,1230,7.07,65.95,639.3,67.9,88.3,389.7,7.97,22.82,0.0,True,False
2026-09-23 06:47:20,CAT-745-ART-002,1231,7.84,65.95,682.5,68.1,87.8,390.6,7.7,23.15,0.0,True,False
2026-09-23 06:47:20,CAT-D6-DOZ-008,1220,6.39,65.95,681.2,70.0,85.9,367.1,7.84,25.18,0.23,True,False
2026-09-23 06:47:20,CAT-980-WLD-005,1205,5.54,65.95,624.7,68.0,85.5,359.0,7.69,25.18,0.0,True,False
2026-09-23 06:47:25,CAT-320-EXC-014,1232,6.11,65.9,974.4,67.7,87.4,352.6,7.74,24.25,0.0,True,False
2026-09-23 06:47:25,CAT-745-ART-002,1261,7.26,65.9,647.4,68.9,86.1,373.5,7.85,25.87,0.0,True,False
2026-09-23 06:47:25,CAT-D6-DOZ-008,1241,6.96,65.9,681.8,69.5,86.9,399.2,7.96,24.25,0.0,True,False
2026-09-23 06:47:25,CAT-980-WLD-005,1231,8.3,65.9,888.6,68.9,86.4,382.0,7.73,22.8,0.4,True,False
2026-09-23 06:47:30,CAT-320-EXC-014,1263,6.65,65.86,548.7,70.2,86.9,372.7,7.73,24.39,0.15,True,False
2026-09-23 06:47:30,CAT-745-ART-002,1246,5.26,65.86,728.0,71.1,85.5,326.7,7.72,25.74,0.0,True,False
2026-09-23 06:47:30,CAT-D6-DOZ-008,1254,6.15,65.86,519.8,69.6,87.5,366.3,7.92,24.39,0.0,True,False
2026-09-23 06:47:30,CAT-980-WLD-005,1234,6.13,65.86,747.4,69.7,87.0,350.5,7.56,24.49,0.0,True,False
2026-09-23 06:47:35,CAT-320-EXC-014,1260,7.59,65.81,513.8,70.1,87.2,390.6,7.76,23.49,0.0,True,False
2026-09-23 06:47:35,CAT-745-ART-002,1235,6.75,65.81,508.6,69.3,86.9,369.7,7.72,22.49,0.35,True,False
2026-09-23 06:47:35,CAT-D6-DOZ-008,1242,7.74,65.81,859.1,70.0,87.0,363.8,7.76,23.11,0.25,True,False
2026-09-23 06:47:35,CAT-980-WLD-005,1256,7.01,65.81,702.1,69.4,84.6,384.4,8.3,20.71,0.0,True,False
2026-09-23 06:47:40,CAT-320-EXC-014,935,6.93,65.77,593.9,69.3,86.7,240.5,0.36,23.07,0.4,True,False
2026-09-23 06:47:40,CAT-745-ART-002,909,6.45,65.77,471.7,69.5,85.4,227.8,0.12,25.08,0.0,True,False
2026-09-23 06:47:40,CAT-D6-DOZ-008,890,6.83,65.77,688.1,68.1,86.4,227.8,0.37,24.26,0.4,True,False
2026-09-23 06:47:40,CAT-980-WLD-005,930,8.1,65.77,418.4,67.7,87.1,244.8,0.41,24.76,0.0,True,False
2026-09-23 06:47:45,CAT-320-EXC-014,872,5.86,65.72,217.6,69.1,86.3,236.9,0.26,23.55,0.4,True,False
2026-09-23 06:47:45,CAT-745-ART-002,857,5.75,65.72,802.4,69.5,87.5,181.7,0.03,24.11,0.0,True,False
2026-09-23 06:47:45,CAT-D6-DOZ-008,851,5.64,65.72,690.9,67.9,86.7,203.9,0.2,22.18,0.0,True,False
2026-09-23 06:47:45,CAT-980-WLD-005,870,6.57,65.72,774.3,67.8,86.0,243.2,0.12,24.65,0.22,True,False
2026-09-23 06:47:50,CAT-320-EXC-014,881,7.48,65.67,838.0,69.6,87.0,218.7,0.21,22.69,0.0,True,False
2026-09-23 06:47:50,CAT-745-ART-002,849,6.13,65.67,592.5,67.8,89.1,249.9,0.16,23.22,0.31,True,False
2026-09-23 06:47:50,CAT-D6-DOZ-008,868,4.81,65.67,654.0,70.6,85.1,219.5,0.76,21.65,0.03,True,False
2026-09-23 06:47:50,CAT-980-WLD-005,898,8.74,65.67,524.0,66.5,85.0,223.2,0.01,24.85,0.03,True,False
2026-09-23 06:47:55,CAT-320-EXC-014,1760,32.69,65.63,4287.4,71.3,87.7,391.9,2.14,23.49,5.7,True,False
2026-09-23 06:47:55,CAT-745-ART-002,1775,31.81,65.63,4344.1,68.3,85.5,374.5,2.14,23.23,5.67,True,False
2026-09-23 06:47:55,CAT-D6-DOZ-008,1773,29.54,65.63,4101.8,70.6,87.4,344.3,2.37,23.77,5.76,True,False
2026-09-23 06:47:55,CAT-980-WLD-005,1793,29.41,65.63,4065.0,65.8,87.6,396.4,1.64,22.14,6.07,True,False
2026-09-23 06:48:00,CAT-320-EXC-014,1756,32.24,65.58,4313.5,69.5,86.2,371.9,1.93,24.26,6.81,True,False
2026-09-23 06:48:00,CAT-745-ART-002,1764,32.85,65.58,4486.6,69.1,85.7,341.7,2.28,26.33,6.58,True,False
2026-09-23 06:48:00,CAT-D6-DOZ-008,1769,32.13,65.58,4328.4,70.6,87.9,351.6,2.26,23.72,6.74,True,False
2026-09-23 06:48:00,CAT-980-WLD-005,1786,32.22,65.58,4189.9,68.0,86.2,347.5,1.88,24.97,6.47,True,False
2026-09-23 06:48:05,CAT-320-EXC-014,1729,31.93,65.54,3895.2,68.6,85.5,383.1,2.07,23.61,7.41,True,False
2026-09-23 06:48:05,CAT-745-ART-002,1704,31.48,65.54,4260.8,70.2,84.8,374.7,2.54,24.33,7.72,True,False
2026-09-23 06:48:05,CAT-D6-DOZ-008,1791,30.92,65.54,4213.2,69.3,87.7,406.0,1.95,24.36,7.88,True,False
2026-09-23 06:48:05,CAT-980-WLD-005,1768,31.49,65.54,4045.5,70.2,86.9,402.2,2.03,25.16,7.66,True,False
2026-09-23 06:48:10,CAT-320-EXC-014,1751,31.6,65.49,4379.8,69.3,84.3,391.7,1.79,23.33,8.53,True,False
2026-09-23 06:48:10,CAT-745-ART-002,1767,32.43,65.49,4373.1,68.5,85.8,387.7,1.63,22.68,8.13,True,False
2026-09-23 06:48:10,CAT-D6-DOZ-008,1734,32.89,65.49,3846.5,67.1,86.4,353.1,1.9,22.29,8.42,True,False
2026-09-23 06:48:10,CAT-980-WLD-005,1742,30.26,65.49,4386.5,70.6,86.9,402.8,2.15,22.7,8.49,True,False
2026-09-23 06:48:15,CAT-320-EXC-014,1767,32.91,65.44,4223.8,68.6,87.1,398.0,2.32,23.64,9.42,True,False
2026-09-23 06:48:15,CAT-745-ART-002,1774,30.91,65.44,4329.6,70.4,86.9,351.3,2.14,23.68,8.81,True,False
2026-09-23 06:48:15,CAT-D6-DOZ-008,1758,33.74,65.44,4385.5,71.1,85.1,386.9,2.07,25.41,9.1,True,False
2026-09-23 06:48:15,CAT-980-WLD-005,1763,32.44,65.44,3935.1,68.8,86.9,381.3,2.14,23.92,8.97,True,False
2026-09-23 06:48:20,CAT-320-EXC-014,1724,30.71,65.4,4369.1,70.4,87.7,365.3,1.95,22.93,9.06,True,False
2026-09-23 06:48:20,CAT-745-ART-002,1752,31.52,65.4,4146.6,67.6,86.5,379.0,1.82,24.66,9.3,True,False
2026-09-23 06:48:20,CAT-D6-DOZ-008,1785,33.62,65.4,4117.5,70.6,86.2,363.4,1.91,24.6,9.23,True,False
2026-09-23 06:48:20,CAT-980-WLD-005,1781,31.78,65.4,4206.2,67.6,84.9,360.7,2.32,23.49,9.77,True,False
2026-09-23 06:48:25,CAT-320-EXC-014,1749,32.41,65.35,4104.1,69.1,87.4,391.4,1.86,24.38,9.36,True,False
2026-09-23 06:48:25,CAT-745-ART-002,1748,32.25,65.35,4500.6,69.1,84.8,397.0,2.06,22.59,8.95,True,False
2026-09-23 06:48:25,CAT-D6-DOZ-008,1762,31.11,65.35,4331.6,70.1,87.0,405.7,1.96,24.67,9.54,True,False
2026-09-23 06:48:25,CAT-980-WLD-005,1750,31.44,65.35,4240.8,67.7,86.7,376.0,1.71,24.02,9.75,True,False
2026-09-23 06:48:30,CAT-320-EXC-014,1749,33.09,65.31,4527.0,71.7,84.7,364.9,2.21,26.45,9.04,True,False
2026-09-23 06:48:30,CAT-745-ART-002,1746,33.59,65.31,4000.2,69.5,86.8,354.4,1.81,22.42,8.89,True,False
2026-09-23 06:48:30,CAT-D6-DOZ-008,1731,33.71,65.31,4322.2,70.1,85.0,378.6,2.15,24.44,9.23,True,False
2026-09-23 06:48:30,CAT-980-WLD-005,1785,31.0,65.31,4257.7,69.6,86.8,425.3,1.94,27.4,9.0,True,False
2026-09-23 06:48:35,CAT-320-EXC-014,1735,31.69,65.26,4156.3,67.3,86.7,358.8,1.93,22.85,8.37,True,False
2026-09-23 06:48:35,CAT-745-ART-002,1756,31.4,65.26,3834.6,70.1,86.9,357.1,1.89,23.37,8.73,True,False
2026-09-23 06:48:35,CAT-D6-DOZ-008,1733,32.39,65.26,4314.3,69.8,86.8,373.2,1.72,22.13,8.62,True,False
2026-09-23 06:48:35,CAT-980-WLD-005,1775,31.45,65.26,4349.1,70.8,87.7,373.5,1.94,22.77,8.08,True,False
2026-09-23 06:48:40,CAT-320-EXC-014,1780,32.34,65.21,4197.8,68.7,87.8,392.0,1.98,23.84,7.81,True,False
2026-09-23 06:48:40,CAT-745-ART-002,1768,31.65,65.21,4519.0,70.3,85.5,344.1,1.64,24.16,8.03,True,False
2026-09-23 06:48:40,CAT-D6-DOZ-008,1754,31.77,65.21,3824.2,69.3,87.1,382.7,2.13,22.99,7.81,True,False
2026-09-23 06:48:40,CAT-980-WLD-005,1787,30.9,65.21,4229.8,68.0,85.7,370.8,1.78,23.53,7.34,True,False
2026-09-23 06:48:45,CAT-320-EXC-014,1761,31.66,65.17,4345.3,69.7,88.0,411.9,1.75,23.46,6.44,True,False
2026-09-23 06:48:45,CAT-745-ART-002,1784,31.48,65.17,4264.3,69.6,85.2,382.0,1.8,24.05,6.44,True,False
2026-09-23 06:48:45,CAT-D6-DOZ-008,1735,31.82,65.17,4248.6,70.8,85.9,364.6,1.92,23.59,6.51,True,False
2026-09-23 06:48:45,CAT-980-WLD-005,1740,31.08,65.17,4016.9,71.1,87.7,385.6,1.71,24.83,6.41,True,False
2026-09-23 06:48:50,CAT-320-EXC-014,1737,31.47,65.12,4161.9,69.7,86.8,368.0,1.76,23.83,5.13,True,False
2026-09-23 06:48:50,CAT-745-ART-002,1771,30.73,65.12,4215.8,69.6,86.1,388.3,2.02,21.73,5.35,True,False
2026-09-23 06:48:50,CAT-D6-DOZ-008,1722,31.29,65.12,4201.4,68.9,86.8,351.8,2.39,24.68,5.93,True,False
2026-09-23 06:48:50,CAT-980-WLD-005,1842,31.72,65.12,4110.4,68.8,88.0,389.0,1.78,23.81,5.79,True,False
2026-09-23 06:48:55,CAT-320-EXC-014,1786,32.04,65.08,4325.1,71.9,86.0,390.7,2.04,23.86,9.13,True,False
2026-09-23 06:48:55,CAT-745-ART-002,1769,31.97,65.08,4219.6,68.6,86.9,380.5,1.7,26.49,9.16,True,False
2026-09-23 06:48:55,CAT-D6-DOZ-008,1746,31.18,65.08,4120.0,69.9,87.7,378.7,2.02,24.29,8.55,True,False
2026-09-23 06:48:55,CAT-980-WLD-005,1747,32.53,65.08,4274.3,69.1,88.7,369.6,2.42,23.88,9.26,True,False
2026-09-23 06:49:00,CAT-320-EXC-014,1766,30.39,65.03,4176.0,67.5,84.2,370.8,1.61,24.73,8.76,True,False
2026-09-23 06:49:00,CAT-745-ART-002,1743,34.25,65.03,4254.0,69.1,86.5,385.0,1.83,24.11,8.94,True,False
2026-09-23 06:49:00,CAT-D6-DOZ-008,1757,30.8,65.03,4205.0,71.2,86.7,412.3,2.31,24.46,9.02,True,False
2026-09-23 06:49:00,CAT-980-WLD-005,1747,31.3,65.03,4035.1,68.1,86.3,365.4,2.15,23.8,8.77,True,False
2026-09-23 06:49:05,CAT-320-EXC-014,1804,30.8,64.99,4239.6,69.6,86.4,373.3,2.72,21.45,9.2,True,False
2026-09-23 06:49:05,CAT-745-ART-002,1775,32.6,64.99,4586.4,70.1,84.5,381.4,1.92,23.6,8.87,True,False
2026-09-23 06:49:05,CAT-D6-DOZ-008,1749,31.13,64.99,4298.8,70.3,86.2,381.2,2.04,26.06,9.27,True,False
2026-09-23 06:49:05,CAT-980-WLD-005,1742,33.09,64.99,4393.4,69.9,86.6,385.4,2.1,26.52,8.58,True,False
2026-09-23 06:49:10,CAT-320-EXC-014,1811,31.01,64.94,4151.4,69.9,87.1,367.8,2.09,25.21,9.04,True,False
2026-09-23 06:49:10,CAT-745-ART-002,1783,32.53,64.94,3981.5,68.3,87.7,399.6,1.81,22.74,9.31,True,False
2026-09-23 06:49:10,CAT-D6-DOZ-008,1758,32.74,64.94,4160.1,70.4,85.2,372.1,2.05,25.65,9.12,True,False
2026-09-23 06:49:10,CAT-980-WLD-005,1776,32.04,64.94,4560.9,68.7,86.4,366.9,1.9,25.21,8.65,True,False
2026-09-23 06:49:15,CAT-320-EXC-014,1743,33.66,64.89,4241.5,67.8,85.9,352.1,2.05,24.03,9.08,True,False
2026-09-23 06:49:15,CAT-745-ART-002,1753,30.67,64.89,4365.2,69.5,85.4,394.2,1.72,21.8,8.89,True,False
2026-09-23 06:49:15,CAT-D6-DOZ-008,1773,32.07,64.89,4169.6,69.8,85.5,376.7,1.83,19.6,9.32,True,False
2026-09-23 06:49:15,CAT-980-WLD-005,1762,32.08,64.89,4350.1,70.9,84.4,357.3,2.47,23.99,8.7,True,False
2026-09-23 06:49:20,CAT-320-EXC-014,1777,31.8,64.85,4249.6,69.5,87.4,378.4,2.77,24.53,8.63,True,False
2026-09-23 06:49:20,CAT-745-ART-002,1764,31.02,64.85,4116.9,68.1,85.4,392.4,1.6,24.48,9.23,True,False
2026-09-23 06:49:20,CAT-D6-DOZ-008,1721,31.19,64.85,4229.8,69.5,85.7,366.3,1.74,24.33,8.13,True,False
2026-09-23 06:49:20,CAT-980-WLD-005,1783,32.41,64.85,4518.6,71.9,85.2,366.7,2.03,23.55,8.23,True,False
2026-09-23 06:49:25,CAT-320-EXC-014,1738,34.13,64.8,4510.0,68.9,86.4,376.9,1.76,25.14,9.32,True,False
2026-09-23 06:49:25,CAT-745-ART-002,1699,30.14,64.8,4388.2,67.7,88.1,377.7,1.68,24.74,9.3,True,False
2026-09-23 06:49:25,CAT-D6-DOZ-008,1762,33.42,64.8,4212.8,69.1,84.9,378.5,1.73,23.87,9.31,True,False
2026-09-23 06:49:25,CAT-980-WLD-005,1735,34.13,64.8,4298.6,69.4,85.7,402.3,1.62,22.68,8.16,True,False
2026-09-23 06:49:30,CAT-320-EXC-014,1778,31.99,64.76,4304.9,67.3,86.2,360.6,2.49,23.7,8.37,True,False
2026-09-23 06:49:30,CAT-745-ART-002,1745,32.43,64.76,4278.4,70.4,85.5,368.9,2.36,23.82,9.6,True,False
2026-09-23 06:49:30,CAT-D6-DOZ-008,1771,31.98,64.76,4600.8,69.5,84.9,362.2,2.54,23.31,9.21,True,False
2026-09-23 06:49:30,CAT-980-WLD-005,1750,31.0,64.76,4109.6,70.6,87.6,390.3,1.72,23.7,8.56,True,False
2026-09-23 06:49:35,CAT-320-EXC-014,1805,32.45,64.71,4359.4,68.8,87.2,373.2,1.81,24.4,8.81,True,False
2026-09-23 06:49:35,CAT-745-ART-002,1753,31.85,64.71,4158.6,68.2,86.9,402.7,1.67,25.32,8.95,True,False
2026-09-23 06:49:35,CAT-D6-DOZ-008,1773,32.87,64.71,3969.3,69.4,85.2,380.5,1.6,25.23,8.95,True,False
2026-09-23 06:49:35,CAT-980-WLD-005,1776,33.18,64.71,4332.6,69.2,87.9,367.1,2.1,25.27,9.5,True,False
2026-09-23 06:49:40,CAT-320-EXC-014,1772,33.03,64.66,3821.0,70.7,87.5,379.5,1.91,21.91,9.35,True,False
2026-09-23 06:49:40,CAT-745-ART-002,1749,33.2,64.66,4244.7,70.9,87.8,365.3,2.12,24.01,8.8,True,False
2026-09-23 06:49:40,CAT-D6-DOZ-008,1775,31.81,64.66,4299.4,69.7,85.9,399.1,2.87,24.74,8.49,True,False
2026-09-23 06:49:40,CAT-980-WLD-005,1778,30.45,64.66,4417.7,70.0,86.7,367.2,1.71,24.97,9.22,True,False
2026-09-23 06:49:45,CAT-320-EXC-014,859,6.26,64.62,315.7,69.3,85.8,239.2,0.68,24.19,0.13,True,False
2026-09-23 06:49:45,CAT-745-ART-002,855,4.79,64.62,1035.6,70.2,85.6,189.3,0.28,23.19,0.0,True,False
2026-09-23 06:49:45,CAT-D6-DOZ-008,866,7.18,64.62,384.4,69.2,86.2,213.0,0.24,25.5,0.0,True,False
2026-09-23 06:49:45,CAT-980-WLD-005,873,6.17,64.62,530.2,70.5,87.1,229.3,0.13,25.06,0.0,True,False
2026-09-23 06:49:50,CAT-320-EXC-014,887,6.06,64.57,399.5,66.8,87.7,193.3,0.36,24.27,0.12,True,False
2026-09-23 06:49:50,CAT-745-ART-002,854,6.48,64.57,463.0,70.7,86.3,239.2,0.03,23.57,0.02,True,False
2026-09-23 06:49:50,CAT-D6-DOZ-008,881,5.85,64.57,757.6,67.8,86.3,213.0,0.47,22.86,0.0,True,False
2026-09-23 06:49:50,CAT-980-WLD-005,886,7.09,64.57,418.2,69.4,87.3,238.8,0.27,23.69,0.17,True,False
2026-09-23 06:49:55,CAT-320-EXC-014,896,6.81,64.53,674.0,70.8,86.8,216.3,0.16,24.07,0.29,True,False
2026-09-23 06:49:55,CAT-745-ART-002,867,4.23,64.53,340.2,71.2,87.0,265.2,0.27,23.93,0.03,True,False
2026-09-23 06:49:55,CAT-D6-DOZ-008,876,5.86,64.53,455.1,69.0,87.2,241.3,0.2,23.79,0.0,True,False
2026-09-23 06:49:55,CAT-980-WLD-005,853,6.75,64.53,668.8,68.2,87.3,236.3,0.29,23.97,0.0,True,False
2026-09-23 06:50:00,CAT-320-EXC-014,910,6.27,64.48,883.4,67.2,86.7,192.2,0.02,26.45,0.0,True,False
2026-09-23 06:50:00,CAT-745-ART-002,907,4.55,64.48,569.6,69.3,85.6,201.1,0.41,23.48,0.05,True,False
2026-09-23 06:50:00,CAT-D6-DOZ-008,893,6.4,64.48,933.1,67.8,85.4,245.5,0.91,25.58,0.0,True,False
2026-09-23 06:50:00,CAT-980-WLD-005,884,6.58,64.48,884.2,69.0,87.4,212.1,0.24,24.16,0.0,True,False
2026-09-23 06:50:05,CAT-320-EXC-014,847,5.11,64.44,516.5,70.2,85.6,212.2,0.84,22.65,0.0,True,False
2026-09-23 06:50:05,CAT-745-ART-002,889,5.5,64.44,655.7,69.1,86.8,220.5,0.7,23.15,0.16,True,False
2026-09-23 06:50:05,CAT-D6-DOZ-008,884,6.49,64.44,600.0,69.2,87.1,244.3,0.29,25.12,0.0,True,False
2026-09-23 06:50:05,CAT-980-WLD-005,887,5.19,64.44,810.6,69.3,85.6,209.0,0.15,21.37,0.04,True,False
2026-09-23 06:50:10,CAT-320-EXC-014,1277,5.84,64.39,397.0,68.7,87.1,403.6,7.93,23.46,0.16,True,False
2026-09-23 06:50:10,CAT-745-ART-002,1275,6.88,64.39,877.3,70.1,85.8,420.2,7.59,26.83,0.31,True,False
2026-09-23 06:50:10,CAT-D6-DOZ-008,1291,9.29,64.39,1043.1,68.9,86.4,377.0,7.64,26.3,0.23,True,False
2026-09-23 06:50:10,CAT-980-WLD-005,1248,5.83,64.39,947.1,69.4,86.2,384.4,7.72,26.04,0.0,True,False
2026-09-23 06:50:15,CAT-320-EXC-014,1240,7.9,64.34,611.2,69.3,87.9,380.3,7.74,24.73,0.01,True,False
2026-09-23 06:50:15,CAT-745-ART-002,1248,9.05,64.34,621.2,71.5,85.6,374.4,7.65,25.52,0.25,True,False
2026-09-23 06:50:15,CAT-D6-DOZ-008,1264,6.95,64.34,443.9,68.6,86.9,367.5,7.88,20.67,0.14,True,False
2026-09-23 06:50:15,CAT-980-WLD-005,1226,7.07,64.34,802.5,68.3,86.7,369.3,7.96,22.73,0.0,True,False
2026-09-23 06:50:20,CAT-320-EXC-014,1250,6.61,64.3,614.8,70.3,87.6,385.2,8.22,22.54,0.0,True,False
2026-09-23 06:50:20,CAT-745-ART-002,1260,7.39,64.3,662.9,69.0,86.7,385.5,7.69,22.35,0.0,True,False
2026-09-23 06:50:20,CAT-D6-DOZ-008,1208,6.78,64.3,448.6,70.0,86.4,371.2,7.81,22.81,0.0,True,False
2026-09-23 06:50:20,CAT-980-WLD-005,1261,7.02,64.3,444.0,70.0,86.5,368.1,7.53,23.39,0.0,True,False
2026-09-23 06:50:25,CAT-320-EXC-014,841,8.01,64.25,518.6,66.9,87.0,229.4,0.41,23.85,0.0,True,False
2026-09-23 06:50:25,CAT-745-ART-002,862,5.24,64.25,615.9,69.7,86.0,232.0,0.19,23.11,0.12,True,False
2026-09-23 06:50:25,CAT-D6-DOZ-008,860,7.07,64.25,745.8,70.6,85.2,213.5,0.27,24.32,0.0,True,False
2026-09-23 06:50:25,CAT-980-WLD-005,895,5.8,64.25,619.8,67.5,85.5,172.3,0.04,24.27,0.0,True,False
2026-09-23 06:50:30,CAT-320-EXC-014,851,6.87,64.21,269.9,69.2,85.0,215.2,0.73,22.68,0.29,True,False
2026-09-23 06:50:30,CAT-745-ART-002,880,5.96,64.21,880.9,70.2,86.9,210.1,0.16,23.68,0.12,True,False
2026-09-23 06:50:30,CAT-D6-DOZ-008,894,5.45,64.21,582.4,70.7,87.4,224.5,0.31,23.83,0.36,True,False
2026-09-23 06:50:30,CAT-980-WLD-005,859,7.61,64.21,1070.1,68.7,85.9,219.5,0.23,23.31,0.22,True,False
2026-09-23 06:50:35,CAT-320-EXC-014,857,6.83,64.16,586.2,67.8,85.4,231.6,0.61,24.5,0.0,True,False
2026-09-23 06:50:35,CAT-745-ART-002,882,6.61,64.16,1037.4,70.4,87.6,212.8,0.46,25.17,0.0,True,False
2026-09-23 06:50:35,CAT-D6-DOZ-008,912,6.88,64.16,704.0,70.2,87.2,226.3,0.17,23.95,0.21,True,False
2026-09-23 06:50:35,CAT-980-WLD-005,882,6.64,64.16,407.8,70.6,86.9,220.8,0.15,23.16,0.11,True,False
2026-09-23 06:50:40,CAT-320-EXC-014,876,6.94,64.11,729.7,70.7,84.7,214.3,0.05,25.23,0.09,True,False
2026-09-23 06:50:40,CAT-745-ART-002,888,5.68,64.11,294.6,69.2,86.5,203.6,0.33,25.37,0.0,True,False
2026-09-23 06:50:40,CAT-D6-DOZ-008,861,6.79,64.11,787.8,69.2,86.7,206.0,0.38,22.96,0.25,True,False
2026-09-23 06:50:40,CAT-980-WLD-005,861,4.81,64.11,402.0,67.4,87.9,185.4,0.09,22.48,0.0,True,False
2026-09-23 06:50:45,CAT-320-EXC-014,1769,32.51,64.07,4055.0,70.5,85.0,337.2,1.94,24.64,5.84,True,False
2026-09-23 06:50:45,CAT-745-ART-002,1752,31.24,64.07,4682.8,69.3,86.6,372.0,1.66,26.64,6.13,True,False
2026-09-23 06:50:45,CAT-D6-DOZ-008,1742,30.97,64.07,4210.7,68.7,88.2,390.5,2.18,22.73,5.96,True,False
2026-09-23 06:50:45,CAT-980-WLD-005,1731,30.59,64.07,4330.8,69.8,87.2,389.0,1.76,24.56,6.51,True,False
2026-09-23 06:50:50,CAT-320-EXC-014,1805,30.46,64.02,3926.9,70.2,85.0,358.1,1.89,22.94,7.29,True,False
2026-09-23 06:50:50,CAT-745-ART-002,1760,32.98,64.02,3947.1,71.5,86.5,379.9,1.73,25.57,6.97,True,False
2026-09-23 06:50:50,CAT-D6-DOZ-008,1727,33.46,64.02,3964.7,68.9,86.2,360.4,1.7,23.38,7.18,True,False
2026-09-23 06:50:50,CAT-980-WLD-005,1732,32.27,64.02,4275.1,69.9,85.2,379.1,2.12,25.07,6.77,True,False
2026-09-23 06:50:55,CAT-320-EXC-014,1731,34.05,63.98,4208.5,69.4,87.6,375.6,2.19,22.54,8.36,True,False
2026-09-23 06:50:55,CAT-745-ART-002,1733,32.22,63.98,4067.6,68.9,86.8,364.8,2.14,22.69,7.82,True,False
2026-09-23 06:50:55,CAT-D6-DOZ-008,1757,30.8,63.98,4424.1,68.9,85.5,380.1,1.8,23.84,8.0,True,False
2026-09-23 06:50:55,CAT-980-WLD-005,1754,32.27,63.98,4236.1,67.9,86.4,428.2,1.85,24.63,7.68,True,False
2026-09-23 06:51:00,CAT-320-EXC-014,1767,33.39,63.93,4434.3,69.3,86.8,395.6,1.75,23.73,8.72,True,False
2026-09-23 06:51:00,CAT-745-ART-002,1762,31.42,63.93,4022.7,70.4,86.1,419.2,1.78,24.83,8.94,True,False
2026-09-23 06:51:00,CAT-D6-DOZ-008,1765,32.39,63.93,4249.0,70.5,86.9,370.1,2.3,24.94,8.97,True,False
2026-09-23 06:51:00,CAT-980-WLD-005,1784,32.44,63.93,4281.8,69.6,88.9,413.1,1.74,25.89,8.85,True,False
2026-09-23 06:51:05,CAT-320-EXC-014,1745,30.47,63.88,4635.2,68.5,86.1,370.3,1.7,26.3,9.59,True,False
2026-09-23 06:51:05,CAT-745-ART-002,1802,33.76,63.88,4141.5,71.6,87.8,398.2,2.54,22.51,9.28,True,False
2026-09-23 06:51:05,CAT-D6-DOZ-008,1761,31.6,63.88,4017.9,69.5,85.1,372.0,1.73,26.11,9.18,True,False
2026-09-23 06:51:05,CAT-980-WLD-005,1774,32.93,63.88,4436.0,69.4,85.7,395.1,1.83,22.88,9.64,True,False
2026-09-23 06:51:10,CAT-320-EXC-014,1768,31.1,63.84,4608.2,69.0,84.9,417.5,1.95,24.37,9.62,True,False
2026-09-23 06:51:10,CAT-745-ART-002,1770,30.56,63.84,4371.4,69.6,86.4,392.4,1.65,25.42,9.59,True,False
2026-09-23 06:51:10,CAT-D6-DOZ-008,1733,30.89,63.84,4271.9,70.6,84.8,379.5,1.74,22.99,9.51,True,False
2026-09-23 06:51:10,CAT-980-WLD-005,1780,32.88,63.84,4301.7,68.8,86.1,375.0,2.29,23.4,9.8,True,False
2026-09-23 06:51:15,CAT-320-EXC-014,1804,30.99,63.79,4033.7,68.5,88.1,374.7,1.77,23.88,9.29,True,False
2026-09-23 06:51:15,CAT-745-ART-002,1777,29.93,63.79,4290.5,70.9,87.1,376.1,1.7,22.63,9.14,True,False
2026-09-23 06:51:15,CAT-D6-DOZ-008,1709,31.21,63.79,4265.8,70.3,87.4,381.7,1.92,23.91,8.86,True,False
2026-09-23 06:51:15,CAT-980-WLD-005,1742,33.32,63.79,4252.1,71.4,86.0,371.3,1.69,23.0,9.66,True,False
2026-09-23 06:51:20,CAT-320-EXC-014,1738,33.05,63.75,4054.7,69.4,86.5,364.4,1.77,23.54,9.19,True,False
2026-09-23 06:51:20,CAT-745-ART-002,1754,32.51,63.75,4163.8,71.3,86.3,365.4,2.11,25.71,8.97,True,False
2026-09-23 06:51:20,CAT-D6-DOZ-008,1728,31.39,63.75,4201.1,70.1,86.1,376.3,1.69,25.63,8.81,True,False
2026-09-23 06:51:20,CAT-980-WLD-005,1760,30.96,63.75,4400.6,68.7,87.1,365.7,1.73,24.19,8.85,True,False
2026-09-23 06:51:25,CAT-320-EXC-014,1787,32.27,63.7,3870.9,71.4,87.4,346.9,1.98,25.34,8.06,True,False
2026-09-23 06:51:25,CAT-745-ART-002,1774,30.81,63.7,4370.7,69.4,88.1,370.9,1.84,25.99,7.91,True,False
2026-09-23 06:51:25,CAT-D6-DOZ-008,1777,30.65,63.7,4314.5,69.6,87.1,389.8,2.01,24.57,8.55,True,False
2026-09-23 06:51:25,CAT-980-WLD-005,1790,31.84,63.7,4129.3,70.1,86.5,368.6,1.87,23.1,8.09,True,False
2026-09-23 06:51:30,CAT-320-EXC-014,1744,32.42,63.66,4464.2,68.7,85.5,386.2,2.4,24.82,7.27,True,False
2026-09-23 06:51:30,CAT-745-ART-002,1787,30.47,63.66,4472.9,69.3,85.6,405.0,2.17,24.01,7.19,True,False
2026-09-23 06:51:30,CAT-D6-DOZ-008,1741,32.0,63.66,4484.0,68.2,87.0,408.8,1.95,23.94,6.85,True,False
2026-09-23 06:51:30,CAT-980-WLD-005,1771,33.33,63.66,4054.6,69.1,87.5,373.6,2.39,21.9,7.09,True,False
2026-09-23 06:51:35,CAT-320-EXC-014,1791,31.53,63.61,4136.1,68.9,85.6,365.8,1.66,22.06,5.93,True,False
2026-09-23 06:51:35,CAT-745-ART-002,1809,32.44,63.61,4286.8,70.1,86.5,366.3,1.81,23.17,6.08,True,False
2026-09-23 06:51:35,CAT-D6-DOZ-008,1719,33.47,63.61,4665.1,70.1,85.3,360.2,2.27,24.33,6.21,True,False
2026-09-23 06:51:35,CAT-980-WLD-005,1795,32.71,63.61,4136.2,70.2,85.8,396.4,1.76,23.17,6.6,True,False
2026-09-23 06:51:40,CAT-320-EXC-014,1779,32.83,63.56,4483.8,71.4,87.2,370.0,2.09,23.7,8.44,True,False
2026-09-23 06:51:40,CAT-745-ART-002,1778,32.99,63.56,4436.3,69.2,86.2,401.9,1.87,23.87,9.1,True,False
2026-09-23 06:51:40,CAT-D6-DOZ-008,1745,31.13,63.56,4302.6,68.0,88.5,380.2,1.79,24.75,9.43,True,False
2026-09-23 06:51:40,CAT-980-WLD-005,1751,33.21,63.56,4332.5,70.1,85.4,395.2,2.31,23.37,8.83,True,False
2026-09-23 06:51:45,CAT-320-EXC-014,1759,31.84,63.52,4263.0,68.3,86.7,373.0,1.63,23.97,9.58,True,False
2026-09-23 06:51:45,CAT-745-ART-002,1763,32.19,63.52,4175.9,70.2,87.5,364.7,2.07,23.21,9.19,True,False
2026-09-23 06:51:45,CAT-D6-DOZ-008,1793,34.61,63.52,4462.0,71.5,85.0,361.7,1.83,23.42,8.54,True,False
2026-09-23 06:51:45,CAT-980-WLD-005,1773,30.47,63.52,4391.8,70.3,87.2,392.3,1.67,23.54,9.42,True,False
2026-09-23 06:51:50,CAT-320-EXC-014,1750,31.07,63.47,4059.0,68.0,87.3,391.0,2.1,23.43,9.18,True,False
2026-09-23 06:51:50,CAT-745-ART-002,1781,31.31,63.47,4370.4,69.2,86.6,353.6,1.63,23.27,9.42,True,False
2026-09-23 06:51:50,CAT-D6-DOZ-008,1769,32.38,63.47,3857.1,70.1,87.0,372.2,1.67,23.8,9.34,True,False
2026-09-23 06:51:50,CAT-980-WLD-005,1743,33.88,63.47,4328.3,69.9,88.2,393.1,2.36,22.92,9.36,True,False
2026-09-23 06:51:55,CAT-320-EXC-014,1763,31.61,63.43,4140.4,69.2,85.9,388.7,2.16,22.13,8.47,True,False
2026-09-23 06:51:55,CAT-745-ART-002,1748,28.63,63.43,4307.3,70.1,88.0,381.8,1.77,22.58,8.61,True,False
2026-09-23 06:51:55,CAT-D6-DOZ-008,1706,32.13,63.43,4097.4,69.9,88.3,420.8,1.65,23.98,8.86,True,False
2026-09-23 06:51:55,CAT-980-WLD-005,1763,33.36,63.43,4245.7,70.2,87.9,391.9,1.88,24.79,9.52,True,False
2026-09-23 06:52:00,CAT-320-EXC-014,1805,31.4,63.38,3923.1,66.7,86.8,371.1,1.79,24.86,8.92,True,False
2026-09-23 06:52:00,CAT-745-ART-002,1769,34.05,63.38,3972.7,69.4,85.8,383.6,1.69,22.49,8.99,True,False
2026-09-23 06:52:00,CAT-D6-DOZ-008,1756,30.99,63.38,4008.6,70.8,86.3,345.2,1.97,25.26,9.32,True,False
2026-09-23 06:52:00,CAT-980-WLD-005,1768,31.79,63.38,4069.5,69.1,86.7,382.0,1.67,24.82,8.08,True,False
2026-09-23 06:52:05,CAT-320-EXC-014,1757,30.96,63.33,3827.0,71.0,86.0,378.4,1.87,22.92,9.08,True,False
2026-09-23 06:52:05,CAT-745-ART-002,1762,33.78,63.33,4807.5,68.9,85.3,398.1,2.0,25.74,8.77,True,False
2026-09-23 06:52:05,CAT-D6-DOZ-008,1755,32.41,63.33,4139.4,67.6,87.1,386.8,1.97,23.35,8.68,True,False
2026-09-23 06:52:05,CAT-980-WLD-005,1817,33.81,63.33,4375.2,69.8,88.6,387.8,1.85,23.35,8.13,True,False
2026-09-23 06:52:10,CAT-320-EXC-014,1745,31.75,63.29,4206.5,69.8,85.7,397.0,2.65,23.75,8.83,True,False
2026-09-23 06:52:10,CAT-745-ART-002,1796,34.3,63.29,4151.4,67.3,87.9,383.3,2.1,24.35,9.35,True,False
2026-09-23 06:52:10,CAT-D6-DOZ-008,1716,31.85,63.29,4498.5,70.2,86.0,399.2,2.34,23.24,8.56,True,False
2026-09-23 06:52:10,CAT-980-WLD-005,1735,31.5,63.29,4321.3,69.7,87.5,367.8,2.05,23.11,8.88,True,False
2026-09-23 06:52:15,CAT-320-EXC-014,1786,31.17,63.24,4526.1,69.3,86.9,369.6,1.83,22.62,8.52,True,False
2026-09-23 06:52:15,CAT-745-ART-002,1775,31.54,63.24,4241.9,70.8,87.4,379.0,1.85,24.93,8.63,True,False
2026-09-23 06:52:15,CAT-D6-DOZ-008,1780,30.87,63.24,4273.6,69.3,86.8,376.1,1.62,24.98,8.8,True,False
2026-09-23 06:52:15,CAT-980-WLD-005,1776,32.13,63.24,3873.0,68.3,84.6,385.9,2.6,22.27,9.42,True,False
2026-09-23 06:52:20,CAT-320-EXC-014,1749,31.39,63.2,4288.1,69.5,86.0,385.5,1.7,23.05,8.75,True,False
2026-09-23 06:52:20,CAT-745-ART-002,1749,30.35,63.2,4477.1,69.2,85.9,370.1,1.64,26.12,8.66,True,False
2026-09-23 06:52:20,CAT-D6-DOZ-008,1753,32.54,63.2,4383.3,69.6,85.8,374.7,1.95,24.84,8.74,True,False
2026-09-23 06:52:20,CAT-980-WLD-005,1787,32.35,63.2,4379.3,69.0,85.6,387.3,1.7,23.64,8.86,True,False
2026-09-23 06:52:25,CAT-320-EXC-014,1746,30.84,63.15,4084.8,69.4,86.9,366.7,1.92,25.03,8.3,True,False
2026-09-23 06:52:25,CAT-745-ART-002,1751,31.26,63.15,4061.9,69.0,87.9,398.4,1.91,25.61,9.44,True,False
2026-09-23 06:52:25,CAT-D6-DOZ-008,1765,31.35,63.15,3926.0,70.1,88.0,400.5,1.66,21.19,9.58,True,False
2026-09-23 06:52:25,CAT-980-WLD-005,1744,33.63,63.15,4195.4,70.2,84.5,394.9,1.81,22.53,9.57,True,False
2026-09-23 06:52:30,CAT-320-EXC-014,853,6.2,63.1,654.9,69.3,87.8,228.7,0.24,24.78,0.33,True,False
2026-09-23 06:52:30,CAT-745-ART-002,880,6.54,63.1,887.9,69.8,86.8,238.7,0.33,24.23,0.28,True,False
2026-09-23 06:52:30,CAT-D6-DOZ-008,900,6.96,63.1,497.6,71.3,87.8,235.9,0.53,23.0,0.0,True,False
2026-09-23 06:52:30,CAT-980-WLD-005,880,5.97,63.1,621.5,71.1,85.8,244.8,0.62,22.28,0.11,True,False
2026-09-23 06:52:35,CAT-320-EXC-014,882,7.19,63.06,719.0,70.7,85.9,210.3,0.05,23.63,0.0,True,False
2026-09-23 06:52:35,CAT-745-ART-002,893,7.42,63.06,866.8,69.8,88.8,213.1,0.57,21.47,0.0,True,False
2026-09-23 06:52:35,CAT-D6-DOZ-008,863,6.3,63.06,444.0,69.0,86.6,230.4,0.09,25.01,0.0,True,False
2026-09-23 06:52:35,CAT-980-WLD-005,857,5.86,63.06,632.6,69.1,88.5,191.4,0.02,22.65,0.37,True,False
2026-09-23 06:52:40,CAT-320-EXC-014,857,4.16,63.01,894.3,69.8,87.9,196.6,0.43,25.68,0.21,True,False
2026-09-23 06:52:40,CAT-745-ART-002,869,6.63,63.01,497.7,70.2,85.0,222.4,0.94,22.9,0.0,True,False
2026-09-23 06:52:40,CAT-D6-DOZ-008,883,4.46,63.01,432.3,70.4,86.3,151.1,0.13,23.79,0.0,True,False
2026-09-23 06:52:40,CAT-980-WLD-005,897,8.01,63.01,488.7,70.8,86.5,258.0,0.33,23.02,0.0,True,False
2026-09-23 06:52:45,CAT-320-EXC-014,862,8.28,62.97,834.4,70.6,87.4,232.8,0.06,24.42,0.15,True,False
2026-09-23 06:52:45,CAT-745-ART-002,866,6.44,62.97,768.0,69.5,87.0,222.4,0.95,26.28,0.0,True,False
2026-09-23 06:52:45,CAT-D6-DOZ-008,881,3.33,62.97,576.0,70.7,86.8,202.4,0.13,26.41,0.0,True,False
2026-09-23 06:52:45,CAT-980-WLD-005,910,6.49,62.97,469.6,69.3,87.3,219.9,0.24,25.45,0.25,True,False
2026-09-23 06:52:50,CAT-320-EXC-014,892,6.17,62.92,843.8,69.5,84.6,219.2,0.22,23.31,0.0,True,False
2026-09-23 06:52:50,CAT-745-ART-002,859,3.16,62.92,454.7,71.8,86.0,220.8,0.13,23.64,0.0,True,False
2026-09-23 06:52:50,CAT-D6-DOZ-008,879,4.58,62.92,638.7,70.3,87.4,219.8,0.74,24.39,0.0,True,False
2026-09-23 06:52:50,CAT-980-WLD-005,856,8.0,62.92,691.5,70.7,87.4,226.0,0.2,26.05,0.22,True,False
2026-09-23 06:52:55,CAT-320-EXC-014,891,6.11,62.88,464.9,70.2,86.4,269.5,0.06,23.71,0.24,True,False
2026-09-23 06:52:55,CAT-745-ART-002,870,5.95,62.88,662.8,70.0,86.4,224.5,1.4,22.73,0.16,True,False
2026-09-23 06:52:55,CAT-D6-DOZ-008,906,6.11,62.88,717.5,69.8,86.8,198.2,0.34,23.48,0.0,True,False
2026-09-23 06:52:55,CAT-980-WLD-005,859,5.75,62.88,753.4,70.5,88.0,216.4,0.54,23.33,0.16,True,False
2026-09-23 06:53:00,CAT-320-EXC-014,1208,6.4,62.83,700.2,68.8,88.6,379.9,7.56,25.25,0.0,True,False
2026-09-23 06:53:00,CAT-745-ART-002,1259,6.47,62.83,602.9,71.6,86.3,387.1,7.85,25.25,0.0,True,False
2026-09-23 06:53:00,CAT-D6-DOZ-008,1294,8.5,62.83,645.7,70.9,86.0,380.7,7.85,24.22,0.27,True,False
2026-09-23 06:53:00,CAT-980-WLD-005,1239,6.43,62.83,610.8,69.6,88.4,370.2,7.5,24.15,0.19,True,False
2026-09-23 06:53:05,CAT-320-EXC-014,1258,7.55,62.78,729.9,69.6,87.9,386.3,8.38,24.84,0.0,True,False
2026-09-23 06:53:05,CAT-745-ART-002,1289,6.97,62.78,568.7,67.8,84.6,396.0,7.63,26.51,0.4,True,False
2026-09-23 06:53:05,CAT-D6-DOZ-008,1253,7.91,62.78,401.7,70.1,88.2,363.6,7.65,24.79,0.0,True,False
2026-09-23 06:53:05,CAT-980-WLD-005,1278,6.5,62.78,615.8,71.6,84.9,360.4,7.56,23.82,0.03,True,False
2026-09-23 06:53:10,CAT-320-EXC-014,1252,7.92,62.74,431.3,70.7,87.5,400.3,7.75,23.13,0.0,True,False
2026-09-23 06:53:10,CAT-745-ART-002,1291,5.14,62.74,658.3,69.4,84.9,375.1,7.56,25.35,0.0,True,False
2026-09-23 06:53:10,CAT-D6-DOZ-008,1260,7.16,62.74,680.9,67.5,86.5,380.8,7.78,22.32,0.0,True,False
2026-09-23 06:53:10,CAT-980-WLD-005,1248,7.22,62.74,875.4,70.4,85.6,385.7,7.6,22.4,0.0,True,False
2026-09-23 06:53:15,CAT-320-EXC-014,885,6.33,62.69,850.0,67.9,87.0,222.0,0.12,22.44,0.34,True,False
2026-09-23 06:53:15,CAT-745-ART-002,874,4.47,62.69,377.1,70.2,86.6,218.1,0.42,22.42,0.11,True,False
2026-09-23 06:53:15,CAT-D6-DOZ-008,827,6.51,62.69,859.2,69.8,86.9,225.7,0.4,25.8,0.0,True,False
2026-09-23 06:53:15,CAT-980-WLD-005,863,8.76,62.69,339.9,69.7,85.7,240.1,0.43,24.53,0.0,True,False
2026-09-23 06:53:20,CAT-320-EXC-014,878,4.85,62.65,507.8,70.5,84.3,204.3,0.2,22.67,0.1,True,False
2026-09-23 06:53:20,CAT-745-ART-002,872,6.66,62.65,422.5,69.3,85.8,247.6,0.16,22.37,0.0,True,False
2026-09-23 06:53:20,CAT-D6-DOZ-008,861,6.33,62.65,580.6,69.6,85.5,180.9,0.07,22.23,0.14,True,False
2026-09-23 06:53:20,CAT-980-WLD-005,893,7.5,62.65,297.9,70.6,85.7,234.8,0.6,22.73,0.14,True,False
2026-09-23 06:53:25,CAT-320-EXC-014,938,4.68,62.6,694.6,73.9,85.8,206.9,0.42,25.69,0.0,True,False
2026-09-23 06:53:25,CAT-745-ART-002,899,5.74,62.6,895.8,70.7,87.0,224.6,0.58,25.21,0.0,True,False
2026-09-23 06:53:25,CAT-D6-DOZ-008,836,7.25,62.6,628.4,70.5,87.5,214.5,0.29,25.21,0.27,True,False
2026-09-23 06:53:25,CAT-980-WLD-005,855,6.91,62.6,793.7,70.8,86.2,187.3,0.1,24.26,0.0,True,False
2026-09-23 06:53:30,CAT-320-EXC-014,1710,29.82,62.55,4313.2,69.7,88.1,431.9,1.9,23.69,5.15,True,False
2026-09-23 06:53:30,CAT-745-ART-002,1740,31.23,62.55,3988.4,70.3,84.9,398.9,2.09,23.79,5.29,True,False
2026-09-23 06:53:30,CAT-D6-DOZ-008,1761,32.38,62.55,4219.2,70.7,85.6,411.5,1.9,23.16,5.61,True,False
2026-09-23 06:53:30,CAT-980-WLD-005,1724,30.45,62.55,4435.1,69.8,85.4,378.5,1.86,22.68,5.84,True,False
2026-09-23 06:53:35,CAT-320-EXC-014,1754,30.89,62.51,4380.4,69.1,88.0,392.3,1.75,25.34,6.45,True,False
2026-09-23 06:53:35,CAT-745-ART-002,1791,31.92,62.51,4270.3,69.6,86.9,367.1,1.65,24.47,6.15,True,False
2026-09-23 06:53:35,CAT-D6-DOZ-008,1756,31.34,62.51,4326.5,69.6,87.0,383.3,1.75,23.25,6.5,True,False
2026-09-23 06:53:35,CAT-980-WLD-005,1731,33.12,62.51,4515.3,70.7,85.7,394.0,1.66,22.51,6.2,True,False
2026-09-23 06:53:40,CAT-320-EXC-014,1723,32.74,62.46,4061.3,69.8,86.6,397.1,1.67,23.38,7.53,True,False
2026-09-23 06:53:40,CAT-745-ART-002,1785,33.33,62.46,4232.6,68.0,87.2,367.2,2.23,22.43,7.95,True,False
2026-09-23 06:53:40,CAT-D6-DOZ-008,1729,32.95,62.46,4260.9,69.4,84.8,366.1,1.6,25.64,7.15,True,False
2026-09-23 06:53:40,CAT-980-WLD-005,1771,31.84,62.46,4313.3,69.2,86.9,376.7,1.62,23.77,7.78,True,False
2026-09-23 06:53:45,CAT-320-EXC-014,1723,33.1,62.42,4727.3,67.0,86.6,378.5,1.85,25.07,8.73,True,False
2026-09-23 06:53:45,CAT-745-ART-002,1752,32.23,62.42,4235.9,69.9,87.9,412.1,1.73,21.74,8.47,True,False
2026-09-23 06:53:45,CAT-D6-DOZ-008,1761,32.85,62.42,4082.7,71.6,85.6,356.5,1.74,24.26,8.25,True,False
2026-09-23 06:53:45,CAT-980-WLD-005,1769,30.12,62.42,4099.3,70.9,88.4,398.7,1.69,25.21,8.16,True,False
2026-09-23 06:53:50,CAT-320-EXC-014,1757,32.22,62.37,4446.8,70.6,87.7,363.6,1.66,23.23,9.26,True,False
2026-09-23 06:53:50,CAT-745-ART-002,1766,33.33,62.37,4245.2,69.9,88.8,420.4,1.88,22.11,9.3,True,False
2026-09-23 06:53:50,CAT-D6-DOZ-008,1749,30.49,62.37,4333.8,70.4,87.1,406.8,2.16,22.71,8.98,True,False
2026-09-23 06:53:50,CAT-980-WLD-005,1761,30.64,62.37,4139.7,68.1,86.3,378.4,1.74,25.32,9.13,True,False
2026-09-23 06:53:55,CAT-320-EXC-014,1743,31.57,62.33,4305.0,70.3,86.2,373.9,2.31,23.31,9.08,True,False
2026-09-23 06:53:55,CAT-745-ART-002,1722,33.83,62.33,4316.2,70.9,85.0,364.4,1.81,24.88,9.73,True,False
2026-09-23 06:53:55,CAT-D6-DOZ-008,1782,32.77,62.33,4111.8,70.0,86.0,363.0,1.61,22.77,9.74,True,False
2026-09-23 06:53:55,CAT-980-WLD-005,1768,33.8,62.33,4451.7,70.6,85.9,384.6,1.89,22.39,9.67,True,False
2026-09-23 06:54:00,CAT-320-EXC-014,1743,32.96,62.28,3914.6,70.3,83.4,353.5,1.94,22.79,9.15,True,False
2026-09-23 06:54:00,CAT-745-ART-002,1784,32.46,62.28,4295.5,70.9,88.0,365.5,1.71,23.27,9.54,True,False
2026-09-23 06:54:00,CAT-D6-DOZ-008,1759,31.79,62.28,4264.1,69.8,88.6,391.5,2.02,22.89,9.24,True,False
2026-09-23 06:54:00,CAT-980-WLD-005,1740,31.51,62.28,4186.6,69.5,86.2,395.2,1.62,24.2,9.65,True,False
2026-09-23 06:54:05,CAT-320-EXC-014,1801,31.12,62.23,4378.0,70.8,85.8,360.1,1.91,22.07,9.04,True,False
2026-09-23 06:54:05,CAT-745-ART-002,1784,31.74,62.23,4340.0,69.9,88.3,378.2,1.88,23.47,8.81,True,False
2026-09-23 06:54:05,CAT-D6-DOZ-008,1738,30.12,62.23,4076.3,69.2,84.9,365.3,1.82,24.03,9.04,True,False
2026-09-23 06:54:05,CAT-980-WLD-005,1758,34.61,62.23,4346.3,69.9,85.5,368.7,1.65,24.51,9.21,True,False
2026-09-23 06:54:10,CAT-320-EXC-014,1743,32.26,62.19,4264.3,70.2,85.1,382.1,2.04,23.09,8.84,True,False
2026-09-23 06:54:10,CAT-745-ART-002,1804,31.91,62.19,4105.0,69.7,84.8,366.3,1.66,24.19,8.81,True,False
2026-09-23 06:54:10,CAT-D6-DOZ-008,1780,31.37,62.19,4108.2,70.9,86.0,383.2,1.72,22.47,8.46,True,False
2026-09-23 06:54:10,CAT-980-WLD-005,1765,32.55,62.19,4612.7,69.1,85.2,368.9,1.85,23.47,8.9,True,False
2026-09-23 06:54:15,CAT-320-EXC-014,1746,32.58,62.14,4250.4,71.0,88.0,362.9,1.95,23.41,8.09,True,False
2026-09-23 06:54:15,CAT-745-ART-002,1745,32.17,62.14,4628.2,70.4,85.8,373.0,2.31,24.05,8.11,True,False
2026-09-23 06:54:15,CAT-D6-DOZ-008,1791,32.3,62.14,4354.8,69.0,86.8,405.3,2.18,23.78,7.66,True,False
2026-09-23 06:54:15,CAT-980-WLD-005,1772,31.03,62.14,4536.6,70.3,85.7,414.2,2.12,22.63,7.43,True,False
2026-09-23 06:54:20,CAT-320-EXC-014,1762,33.19,62.1,4535.4,69.4,85.2,404.0,1.84,24.94,6.87,True,False
2026-09-23 06:54:20,CAT-745-ART-002,1778,33.0,62.1,4184.5,69.5,87.7,364.9,2.58,25.5,6.95,True,False
2026-09-23 06:54:20,CAT-D6-DOZ-008,1764,33.57,62.1,4336.1,68.0,85.4,378.8,2.1,22.25,7.24,True,False
2026-09-23 06:54:20,CAT-980-WLD-005,1753,33.2,62.1,3896.4,73.1,85.4,385.7,2.24,24.58,7.03,True,False
2026-09-23 06:54:25,CAT-320-EXC-014,1738,31.05,62.05,4314.9,69.2,88.3,399.3,2.25,23.38,5.36,True,False
2026-09-23 06:54:25,CAT-745-ART-002,1751,31.68,62.05,4176.6,69.5,86.1,400.5,1.61,22.59,5.86,True,False
2026-09-23 06:54:25,CAT-D6-DOZ-008,1796,31.19,62.05,4094.3,69.6,87.5,393.3,2.03,23.67,5.99,True,False
2026-09-23 06:54:25,CAT-980-WLD-005,1739,32.19,62.05,4175.3,69.4,86.2,374.9,2.36,24.41,5.9,True,False
2026-09-23 06:54:30,CAT-320-EXC-014,1752,30.76,62.0,4217.5,69.0,85.6,382.3,1.87,23.25,8.5,True,False
2026-09-23 06:54:30,CAT-745-ART-002,1791,31.07,62.0,4318.0,71.3,88.2,351.2,1.93,23.37,9.12,True,False
2026-09-23 06:54:30,CAT-D6-DOZ-008,1771,32.37,62.0,4336.6,71.2,87.8,385.1,1.8,23.8,9.25,True,False
2026-09-23 06:54:30,CAT-980-WLD-005,1776,29.45,62.0,4468.3,70.4,86.6,373.7,1.93,23.93,8.55,True,False
2026-09-23 06:54:35,CAT-320-EXC-014,1784,31.76,61.96,4348.8,71.1,88.5,384.1,1.92,22.81,8.76,True,False
2026-09-23 06:54:35,CAT-745-ART-002,1752,31.5,61.96,4428.2,70.9,87.1,374.6,1.62,23.63,8.71,True,False
2026-09-23 06:54:35,CAT-D6-DOZ-008,1771,33.62,61.96,4181.4,70.6,86.4,395.2,1.85,22.84,8.85,True,False
2026-09-23 06:54:35,CAT-980-WLD-005,1782,32.0,61.96,4272.7,70.4,87.2,380.7,2.08,25.1,8.93,True,False
2026-09-23 06:54:40,CAT-320-EXC-014,1755,32.94,61.91,4489.5,69.7,88.2,369.6,1.63,25.89,8.37,True,False
2026-09-23 06:54:40,CAT-745-ART-002,1736,31.03,61.91,4236.5,70.8,85.3,369.8,2.35,23.45,8.62,True,False
2026-09-23 06:54:40,CAT-D6-DOZ-008,1747,31.8,61.91,4088.4,69.9,87.4,376.7,2.01,23.73,8.61,True,False
2026-09-23 06:54:40,CAT-980-WLD-005,1783,33.52,61.91,4160.2,69.3,86.9,363.6,1.61,24.55,8.46,True,False
2026-09-23 06:54:45,CAT-320-EXC-014,1723,31.44,61.87,4237.8,69.9,87.0,365.3,1.72,23.23,8.76,True,False
2026-09-23 06:54:45,CAT-745-ART-002,1760,30.29,61.87,4122.5,69.9,85.0,390.8,2.11,25.4,8.47,True,False
2026-09-23 06:54:45,CAT-D6-DOZ-008,1780,31.62,61.87,4149.4,69.3,86.2,351.4,1.98,25.27,8.62,True,False
2026-09-23 06:54:45,CAT-980-WLD-005,1763,32.59,61.87,4484.2,71.5,87.0,378.7,1.76,22.08,8.67,True,False
2026-09-23 06:54:50,CAT-320-EXC-014,1779,30.44,61.82,4468.5,70.1,86.5,400.6,2.08,25.51,9.15,True,False
2026-09-23 06:54:50,CAT-745-ART-002,1741,30.24,61.82,4176.6,69.9,84.8,356.0,1.67,24.63,8.38,True,False
2026-09-23 06:54:50,CAT-D6-DOZ-008,1780,32.37,61.82,4109.5,69.0,86.6,374.2,2.32,25.68,8.79,True,False
2026-09-23 06:54:50,CAT-980-WLD-005,1719,34.64,61.82,4108.0,70.7,86.1,377.4,1.88,24.24,9.19,True,False
2026-09-23 06:54:55,CAT-320-EXC-014,1767,30.44,61.77,4503.5,71.1,87.7,364.1,1.92,24.15,8.38,True,False
2026-09-23 06:54:55,CAT-745-ART-002,1707,31.14,61.77,4263.8,73.1,87.6,351.7,1.67,24.7,9.11,True,False
2026-09-23 06:54:55,CAT-D6-DOZ-008,1752,30.79,61.77,4517.2,71.5,86.9,395.7,1.78,23.31,8.89,True,False
2026-09-23 06:54:55,CAT-980-WLD-005,1750,31.1,61.77,4030.1,69.2,87.2,393.6,2.32,24.93,9.53,True,False
2026-09-23 06:55:00,CAT-320-EXC-014,1771,30.93,61.73,4200.9,69.2,85.8,403.4,2.2,23.4,8.62,True,False
2026-09-23 06:55:00,CAT-745-ART-002,1744,33.57,61.73,4211.0,70.0,87.1,393.3,1.76,23.1,9.3,True,False
2026-09-23 06:55:00,CAT-D6-DOZ-008,1709,32.23,61.73,4610.3,70.2,86.9,358.7,1.83,24.74,9.11,True,False
2026-09-23 06:55:00,CAT-980-WLD-005,1754,31.61,61.73,4334.3,70.1,85.6,356.6,1.62,24.51,8.63,True,False
2026-09-23 06:55:05,CAT-320-EXC-014,1830,30.34,61.68,4400.7,70.1,89.2,387.7,2.04,25.12,8.92,True,False
2026-09-23 06:55:05,CAT-745-ART-002,1792,33.16,61.68,4173.0,69.7,85.8,356.4,1.6,25.38,8.27,True,False
2026-09-23 06:55:05,CAT-D6-DOZ-008,1796,33.48,61.68,4222.4,71.0,88.2,393.3,2.68,26.72,8.42,True,False
2026-09-23 06:55:05,CAT-980-WLD-005,1715,29.53,61.68,4128.0,70.9,86.7,414.4,1.77,24.17,9.04,True,False
2026-09-23 06:55:10,CAT-320-EXC-014,1766,32.42,61.64,4194.5,71.3,86.2,398.6,2.02,21.06,8.78,True,False
2026-09-23 06:55:10,CAT-745-ART-002,1739,31.87,61.64,4351.8,70.1,86.4,368.4,1.87,25.92,9.16,True,False
2026-09-23 06:55:10,CAT-D6-DOZ-008,1764,32.0,61.64,4072.5,70.8,86.0,390.0,1.72,24.98,9.22,True,False
2026-09-23 06:55:10,CAT-980-WLD-005,1783,32.15,61.64,4365.0,71.1,87.4,378.9,1.79,24.96,9.29,True,False
2026-09-23 06:55:15,CAT-320-EXC-014,1753,33.67,61.59,4269.8,69.2,85.0,390.9,2.41,22.86,9.04,True,False
2026-09-23 06:55:15,CAT-745-ART-002,1771,31.78,61.59,4268.1,69.4,88.0,367.8,1.77,24.13,8.63,True,False
2026-09-23 06:55:15,CAT-D6-DOZ-008,1771,30.57,61.59,4344.5,69.7,85.0,357.1,1.8,23.57,9.5,True,False
2026-09-23 06:55:15,CAT-980-WLD-005,1744,32.06,61.59,4326.8,69.0,88.4,387.5,2.0,24.23,8.45,True,False
2026-09-23 06:55:20,CAT-320-EXC-014,874,7.05,61.55,694.1,69.8,86.9,234.4,0.34,23.76,0.0,True,False
2026-09-23 06:55:20,CAT-745-ART-002,931,4.54,61.55,601.0,70.8,85.9,211.1,0.2,25.55,0.0,True,False
2026-09-23 06:55:20,CAT-D6-DOZ-008,898,6.46,61.55,743.7,69.9,86.7,234.2,0.06,23.44,0.09,True,False
2026-09-23 06:55:20,CAT-980-WLD-005,870,3.67,61.55,695.9,69.3,88.6,219.9,0.26,24.7,0.0,True,False
2026-09-23 06:55:25,CAT-320-EXC-014,904,6.15,61.5,642.0,70.8,86.7,226.5,0.13,25.11,0.0,True,False
2026-09-23 06:55:25,CAT-745-ART-002,890,7.63,61.5,370.1,70.0,88.4,209.5,0.44,25.47,0.22,True,False
2026-09-23 06:55:25,CAT-D6-DOZ-008,884,3.71,61.5,869.4,69.8,85.9,215.4,0.12,25.12,0.14,True,False
2026-09-23 06:55:25,CAT-980-WLD-005,884,5.93,61.5,720.5,72.1,86.4,232.6,0.58,22.83,0.0,True,False
2026-09-23 06:55:30,CAT-320-EXC-014,858,7.69,61.45,724.9,68.7,87.5,234.2,0.38,24.48,0.0,True,False
2026-09-23 06:55:30,CAT-745-ART-002,856,6.34,61.45,541.5,70.0,85.4,212.3,0.15,23.84,0.28,True,False
2026-09-23 06:55:30,CAT-D6-DOZ-008,871,7.08,61.45,531.5,68.7,86.9,203.2,0.71,25.18,0.0,True,False
2026-09-23 06:55:30,CAT-980-WLD-005,863,6.7,61.45,742.7,70.6,87.2,220.1,0.55,23.19,0.2,True,False
2026-09-23 06:55:35,CAT-320-EXC-014,910,7.39,61.41,605.2,70.5,85.9,221.6,0.83,22.33,0.0,True,False
2026-09-23 06:55:35,CAT-745-ART-002,898,4.7,61.41,888.1,71.2,87.0,220.8,0.65,25.01,0.15,True,False
2026-09-23 06:55:35,CAT-D6-DOZ-008,869,6.51,61.41,478.8,71.5,87.9,222.0,0.13,23.06,0.0,True,False
2026-09-23 06:55:35,CAT-980-WLD-005,889,8.05,61.41,621.4,71.4,85.9,221.8,0.24,25.14,0.0,True,False
2026-09-23 06:55:40,CAT-320-EXC-014,897,7.32,61.36,346.5,70.1,87.6,222.9,0.66,21.58,0.4,True,False
2026-09-23 06:55:40,CAT-745-ART-002,822,6.38,61.36,658.5,71.0,86.7,196.5,0.28,24.81,0.0,True,False
2026-09-23 06:55:40,CAT-D6-DOZ-008,872,6.97,61.36,446.1,70.7,86.0,191.4,0.54,24.27,0.4,True,False
2026-09-23 06:55:40,CAT-980-WLD-005,849,5.72,61.36,779.3,72.5,87.6,221.7,0.91,24.3,0.0,True,False
2026-09-23 06:55:45,CAT-320-EXC-014,1217,5.85,61.32,525.1,69.7,86.3,375.9,7.81,24.94,0.4,True,False
2026-09-23 06:55:45,CAT-745-ART-002,1246,6.24,61.32,553.4,71.0,87.1,402.8,7.84,24.38,0.14,True,False
2026-09-23 06:55:45,CAT-D6-DOZ-008,1230,4.56,61.32,781.8,70.8,87.2,355.1,7.78,24.98,0.26,True,False
2026-09-23 06:55:45,CAT-980-WLD-005,1251,5.55,61.32,575.3,70.5,86.0,362.7,7.98,25.03,0.2,True,False
2026-09-23 06:55:50,CAT-320-EXC-014,1237,8.15,61.27,406.3,69.2,87.8,383.4,7.62,22.43,0.05,True,False
2026-09-23 06:55:50,CAT-745-ART-002,1251,6.4,61.27,623.5,70.4,87.1,369.0,8.2,22.74,0.0,True,False
2026-09-23 06:55:50,CAT-D6-DOZ-008,1250,8.42,61.27,486.6,70.0,88.4,378.3,7.63,24.52,0.1,True,False
2026-09-23 06:55:50,CAT-980-WLD-005,1278,7.95,61.27,375.3,70.1,86.7,363.8,7.67,24.13,0.19,True,False
2026-09-23 06:55:55,CAT-320-EXC-014,1243,6.63,61.22,826.6,69.4,86.1,346.5,7.64,25.14,0.0,True,False
2026-09-23 06:55:55,CAT-745-ART-002,1273,6.14,61.22,786.9,69.6,87.4,371.0,7.73,24.65,0.18,True,False
2026-09-23 06:55:55,CAT-D6-DOZ-008,1252,7.93,61.22,810.0,70.1,85.5,385.7,7.53,24.44,0.13,True,False
2026-09-23 06:55:55,CAT-980-WLD-005,1270,6.82,61.22,895.2,72.0,87.2,393.5,7.99,22.48,0.0,True,False
2026-09-23 06:56:00,CAT-320-EXC-014,869,5.35,61.18,866.9,69.9,87.7,207.6,0.38,24.14,0.32,True,False
2026-09-23 06:56:00,CAT-745-ART-002,872,6.1,61.18,641.9,69.6,88.6,222.3,0.43,23.89,0.0,True,False
2026-09-23 06:56:00,CAT-D6-DOZ-008,860,7.73,61.18,291.0,70.2,87.7,218.9,0.64,22.74,0.0,True,False
2026-09-23 06:56:00,CAT-980-WLD-005,876,7.68,61.18,407.6,70.8,86.6,230.0,0.25,21.73,0.0,True,False
2026-09-23 06:56:05,CAT-320-EXC-014,888,6.21,61.13,546.0,70.9,87.1,207.0,0.24,22.31,0.0,True,False
2026-09-23 06:56:05,CAT-745-ART-002,886,6.61,61.13,664.9,69.5,87.3,228.7,0.38,23.83,0.0,True,False
2026-09-23 06:56:05,CAT-D6-DOZ-008,859,7.02,61.13,345.7,70.1,87.2,183.4,0.18,25.17,0.09,True,False
2026-09-23 06:56:05,CAT-980-WLD-005,865,7.1,61.13,685.0,70.2,88.0,235.2,0.71,24.37,0.24,True,False
2026-09-23 06:56:10,CAT-320-EXC-014,897,4.43,61.09,504.5,73.3,87.2,228.2,0.24,25.0,0.12,True,False
2026-09-23 06:56:10,CAT-745-ART-002,909,7.94,61.09,693.8,72.5,87.6,224.1,0.25,24.55,0.12,True,False
2026-09-23 06:56:10,CAT-D6-DOZ-008,900,6.01,61.09,309.8,71.4,87.2,206.6,0.59,23.48,0.0,True,False
2026-09-23 06:56:10,CAT-980-WLD-005,900,5.44,61.09,567.7,70.8,86.7,236.5,0.34,24.83,0.0,True,False
2026-09-23 06:56:15,CAT-320-EXC-014,885,8.44,61.04,794.1,72.2,87.3,217.4,0.36,25.36,0.03,True,False
2026-09-23 06:56:15,CAT-745-ART-002,877,6.57,61.04,873.5,70.7,87.0,196.2,0.12,24.14,0.0,True,False
2026-09-23 06:56:15,CAT-D6-DOZ-008,872,6.29,61.04,469.0,71.0,88.2,234.2,0.26,22.88,0.4,True,False
2026-09-23 06:56:15,CAT-980-WLD-005,885,5.78,61.04,468.0,71.6,86.6,213.8,0.25,23.05,0.05,True,False
2026-09-23 06:56:20,CAT-320-EXC-014,1764,32.05,61.0,4264.0,68.9,86.3,379.9,2.22,23.08,5.89,True,False
2026-09-23 06:56:20,CAT-745-ART-002,1759,30.28,61.0,4372.7,70.4,87.6,377.1,1.6,22.66,5.92,True,False
2026-09-23 06:56:20,CAT-D6-DOZ-008,1783,31.43,61.0,4236.4,70.9,87.4,361.1,1.98,24.34,5.79,True,False
2026-09-23 06:56:20,CAT-980-WLD-005,1776,30.98,61.0,4234.9,72.2,88.6,375.0,2.21,25.22,6.26,True,False
2026-09-23 06:56:25,CAT-320-EXC-014,1750,32.9,60.95,4672.8,70.4,85.8,389.9,1.82,24.61,6.97,True,False
2026-09-23 06:56:25,CAT-745-ART-002,1744,32.44,60.95,4313.6,70.5,88.0,364.3,1.73,21.63,6.92,True,False
2026-09-23 06:56:25,CAT-D6-DOZ-008,1733,30.97,60.95,4287.7,69.9,87.5,384.8,1.84,25.17,6.78,True,False
2026-09-23 06:56:25,CAT-980-WLD-005,1728,32.53,60.95,4223.7,70.1,87.8,408.8,1.89,24.55,6.81,True,False
2026-09-23 06:56:30,CAT-320-EXC-014,1771,34.19,60.9,4161.5,68.8,88.4,356.6,1.72,24.05,7.87,True,False
2026-09-23 06:56:30,CAT-745-ART-002,1748,31.79,60.9,4048.4,69.8,87.1,402.8,1.79,23.59,8.24,True,False
2026-09-23 06:56:30,CAT-D6-DOZ-008,1713,31.56,60.9,4180.2,70.6,85.3,394.0,1.69,25.97,7.94,True,False
2026-09-23 06:56:30,CAT-980-WLD-005,1738,30.16,60.9,4365.9,71.3,87.5,392.1,2.25,23.76,7.78,True,False
2026-09-23 06:56:35,CAT-320-EXC-014,1759,30.62,60.86,4095.1,69.8,85.6,419.1,1.76,22.51,8.87,True,False
2026-09-23 06:56:35,CAT-745-ART-002,1758,31.22,60.86,4110.5,71.4,87.0,382.0,2.01,25.08,8.5,True,False
2026-09-23 06:56:35,CAT-D6-DOZ-008,1751,31.87,60.86,4143.2,69.6,86.8,387.9,1.76,22.87,8.94,True,False
2026-09-23 06:56:35,CAT-980-WLD-005,1737,34.41,60.86,4352.8,69.1,86.7,374.1,1.69,23.31,8.84,True,False
2026-09-23 06:56:40,CAT-320-EXC-014,1732,32.87,60.81,4595.4,69.2,86.6,378.4,1.8,25.28,8.96,True,False
2026-09-23 06:56:40,CAT-745-ART-002,1760,32.11,60.81,4286.7,70.9,86.4,344.4,2.01,24.18,9.02,True,False
2026-09-23 06:56:40,CAT-D6-DOZ-008,1734,31.77,60.81,4270.7,68.0,86.6,423.0,2.09,24.65,9.14,True,False
2026-09-23 06:56:40,CAT-980-WLD-005,1777,33.7,60.81,4424.5,69.7,87.4,379.2,1.97,23.09,8.77,True,False
2026-09-23 06:56:45,CAT-320-EXC-014,1778,32.72,60.77,4182.6,70.1,87.4,398.1,1.71,26.35,8.99,True,False
2026-09-23 06:56:45,CAT-745-ART-002,1783,33.42,60.77,4210.9,68.8,87.3,394.0,2.14,25.34,9.35,True,False
2026-09-23 06:56:45,CAT-D6-DOZ-008,1760,31.97,60.77,4125.5,70.6,87.5,362.5,1.92,23.83,9.52,True,False
2026-09-23 06:56:45,CAT-980-WLD-005,1753,31.76,60.77,4416.9,71.9,88.3,377.9,1.85,22.91,9.59,True,False
2026-09-23 06:56:50,CAT-320-EXC-014,1766,30.79,60.72,4263.2,71.0,86.1,377.2,1.85,22.13,9.42,True,False
2026-09-23 06:56:50,CAT-745-ART-002,1757,31.0,60.72,4326.9,68.8,87.3,372.9,2.02,24.57,9.45,True,False
2026-09-23 06:56:50,CAT-D6-DOZ-008,1772,31.43,60.72,4291.0,72.4,87.2,380.4,2.05,24.08,9.34,True,False
2026-09-23 06:56:50,CAT-980-WLD-005,1757,32.7,60.72,4481.5,70.0,87.5,339.4,1.88,24.55,9.53,True,False
2026-09-23 06:56:55,CAT-320-EXC-014,1806,32.01,60.67,4278.2,70.6,89.0,405.2,1.77,23.99,8.54,True,False
2026-09-23 06:56:55,CAT-745-ART-002,1786,30.8,60.67,4283.7,71.3,87.4,383.3,1.84,27.16,8.79,True,False
2026-09-23 06:56:55,CAT-D6-DOZ-008,1761,33.77,60.67,4180.5,72.1,87.3,363.0,2.11,24.9,9.23,True,False
2026-09-23 06:56:55,CAT-980-WLD-005,1754,31.86,60.67,4242.2,71.2,86.2,374.8,1.63,24.14,9.29,True,False
2026-09-23 06:57:00,CAT-320-EXC-014,1782,29.78,60.63,4078.8,71.5,88.6,381.4,1.82,23.96,8.34,True,False
2026-09-23 06:57:00,CAT-745-ART-002,1764,32.81,60.63,4257.1,69.7,88.5,373.3,1.66,23.14,8.64,True,False
2026-09-23 06:57:00,CAT-D6-DOZ-008,1741,31.68,60.63,4345.2,69.9,87.6,393.0,2.1,22.2,8.2,True,False
2026-09-23 06:57:00,CAT-980-WLD-005,1764,30.16,60.63,4310.2,72.3,87.8,356.8,1.8,24.17,8.01,True,False
2026-09-23 06:57:05,CAT-320-EXC-014,1795,33.78,60.58,4597.3,70.3,87.2,380.8,2.23,22.31,7.6,True,False
2026-09-23 06:57:05,CAT-745-ART-002,1749,33.46,60.58,4387.8,68.2,88.5,408.6,1.86,22.95,7.45,True,False
2026-09-23 06:57:05,CAT-D6-DOZ-008,1756,32.77,60.58,4206.3,71.5,85.7,369.8,1.75,23.5,7.48,True,False
2026-09-23 06:57:05,CAT-980-WLD-005,1788,33.28,60.58,4335.8,70.4,86.3,387.3,1.93,24.73,7.18,True,False
2026-09-23 06:57:10,CAT-320-EXC-014,1742,33.33,60.54,4081.3,71.8,87.4,391.6,2.16,23.75,6.27,True,False
2026-09-23 06:57:10,CAT-745-ART-002,1727,32.32,60.54,4032.4,69.5,86.7,377.7,1.9,25.27,6.57,True,False
2026-09-23 06:57:10,CAT-D6-DOZ-008,1714,30.65,60.54,4218.2,70.4,86.8,380.2,1.85,23.15,6.02,True,False
2026-09-23 06:57:10,CAT-980-WLD-005,1776,31.24,60.54,4396.5,70.3,84.6,380.5,1.99,23.88,6.74,True,False
2026-09-23 06:57:15,CAT-320-EXC-014,1759,30.14,60.49,4493.1,71.6,87.4,390.4,2.56,23.16,5.19,True,False
2026-09-23 06:57:15,CAT-745-ART-002,1737,32.63,60.49,4393.7,70.8,86.4,395.7,1.62,25.04,5.04,True,False
2026-09-23 06:57:15,CAT-D6-DOZ-008,1753,34.63,60.49,4459.4,71.1,87.5,355.6,1.71,24.04,5.3,True,False
2026-09-23 06:57:15,CAT-980-WLD-005,1767,29.97,60.49,4169.5,68.4,86.8,356.2,1.78,23.65,5.56,True,False
2026-09-23 06:57:20,CAT-320-EXC-014,1755,32.57,60.44,4096.0,70.2,86.1,388.9,2.02,23.93,8.9,True,False
2026-09-23 06:57:20,CAT-745-ART-002,1780,29.94,60.44,4349.1,69.2,86.9,389.1,1.77,25.0,8.88,True,False
2026-09-23 06:57:20,CAT-D6-DOZ-008,1799,33.9,60.44,4544.4,72.6,88.1,390.8,1.73,22.66,8.81,True,False
2026-09-23 06:57:20,CAT-980-WLD-005,1727,30.81,60.44,4158.6,69.2,87.8,391.6,1.97,24.36,8.62,True,False
2026-09-23 06:57:25,CAT-320-EXC-014,1735,32.75,60.4,4314.9,70.2,86.5,396.3,1.97,21.42,8.56,True,False
2026-09-23 06:57:25,CAT-745-ART-002,1734,32.49,60.4,4120.6,70.0,85.6,415.3,1.83,24.52,8.87,True,False
2026-09-23 06:57:25,CAT-D6-DOZ-008,1724,31.53,60.4,4102.4,69.6,85.8,374.5,1.66,22.03,8.75,True,False
2026-09-23 06:57:25,CAT-980-WLD-005,1759,31.72,60.4,4379.2,72.1,85.0,389.7,1.9,23.85,8.38,True,False
2026-09-23 06:57:30,CAT-320-EXC-014,1744,32.58,60.35,4490.4,69.8,86.9,366.4,1.65,26.39,8.85,True,False
2026-09-23 06:57:30,CAT-745-ART-002,1745,31.57,60.35,4538.6,71.3,85.3,388.4,1.96,25.21,8.9,True,False
2026-09-23 06:57:30,CAT-D6-DOZ-008,1783,33.49,60.35,4234.8,70.6,88.0,377.5,1.91,26.29,8.89,True,False
2026-09-23 06:57:30,CAT-980-WLD-005,1778,31.26,60.35,4303.9,71.8,87.1,356.1,1.77,22.07,9.61,True,False
2026-09-23 06:57:35,CAT-320-EXC-014,1757,31.99,60.31,4382.7,69.9,85.9,371.0,1.77,24.92,8.55,True,False
2026-09-23 06:57:35,CAT-745-ART-002,1763,31.3,60.31,4249.7,67.7,87.5,369.9,1.73,23.41,9.57,True,False
2026-09-23 06:57:35,CAT-D6-DOZ-008,1762,34.17,60.31,4101.2,69.5,85.5,412.1,1.72,24.78,8.85,True,False
2026-09-23 06:57:35,CAT-980-WLD-005,1792,30.56,60.31,4476.4,72.4,86.4,383.7,1.66,26.69,9.44,True,False
2026-09-23 06:57:40,CAT-320-EXC-014,1768,31.62,60.26,4539.4,70.5,86.1,363.6,2.04,24.56,8.65,True,False
2026-09-23 06:57:40,CAT-745-ART-002,1751,31.7,60.26,4208.9,72.0,85.8,351.5,1.62,22.79,8.92,True,False
2026-09-23 06:57:40,CAT-D6-DOZ-008,1755,32.06,60.26,4032.9,69.5,87.3,380.1,1.83,24.44,8.76,True,False
2026-09-23 06:57:40,CAT-980-WLD-005,1766,32.72,60.26,4115.9,71.7,86.1,392.4,1.82,24.26,9.32,True,False
2026-09-23 06:57:45,CAT-320-EXC-014,1762,31.38,60.22,4244.3,72.3,86.5,373.3,2.21,24.84,8.7,True,False
2026-09-23 06:57:45,CAT-745-ART-002,1757,33.6,60.22,4103.3,72.4,88.6,410.3,1.63,24.19,8.95,True,False
2026-09-23 06:57:45,CAT-D6-DOZ-008,1737,33.0,60.22,4357.4,69.6,86.0,396.3,1.65,23.73,9.0,True,False
2026-09-23 06:57:45,CAT-980-WLD-005,1761,32.61,60.22,4312.5,70.4,84.6,366.7,1.73,25.36,8.99,True,False
2026-09-23 06:57:50,CAT-320-EXC-014,1725,32.17,60.17,4233.1,70.8,86.8,391.8,2.06,25.83,9.14,True,False
2026-09-23 06:57:50,CAT-745-ART-002,1744,33.2,60.17,4303.7,71.4,86.7,387.5,1.98,20.12,9.31,True,False
2026-09-23 06:57:50,CAT-D6-DOZ-008,1777,31.06,60.17,4115.4,71.4,87.1,419.4,1.89,23.58,9.01,True,False
2026-09-23 06:57:50,CAT-980-WLD-005,1763,31.0,60.17,4081.9,70.3,86.2,416.3,2.13,24.96,9.09,True,False
2026-09-23 06:57:55,CAT-320-EXC-014,1739,33.52,60.12,4424.9,69.6,86.8,397.1,2.2,24.92,8.76,True,False
2026-09-23 06:57:55,CAT-745-ART-002,1774,31.28,60.12,4338.5,72.7,85.5,411.8,1.85,23.93,9.12,True,False
2026-09-23 06:57:55,CAT-D6-DOZ-008,1707,31.37,60.12,4138.4,70.4,88.5,398.2,2.35,23.57,8.8,True,False
2026-09-23 06:57:55,CAT-980-WLD-005,1755,32.58,60.12,4355.4,70.2,85.8,375.0,1.8,25.07,8.13,True,False
2026-09-23 06:58:00,CAT-320-EXC-014,1772,32.06,60.08,4081.5,69.6,87.8,363.1,1.68,24.26,8.64,True,False
2026-09-23 06:58:00,CAT-745-ART-002,1796,32.57,60.08,4483.1,71.4,87.3,396.7,2.11,24.46,8.11,True,False
2026-09-23 06:58:00,CAT-D6-DOZ-008,1776,31.87,60.08,4173.8,70.5,86.9,367.6,1.97,24.63,9.43,True,False
2026-09-23 06:58:00,CAT-980-WLD-005,1761,30.49,60.08,4482.2,69.3,86.7,363.0,1.64,24.1,8.95,True,False
2026-09-23 06:58:05,CAT-320-EXC-014,1766,31.47,60.03,4319.1,71.0,87.8,362.5,1.93,24.11,9.37,True,False
2026-09-23 06:58:05,CAT-745-ART-002,1729,33.33,60.03,3725.5,74.1,86.7,369.8,2.24,22.49,8.98,True,False
2026-09-23 06:58:05,CAT-D6-DOZ-008,1779,31.55,60.03,4319.5,69.2,86.8,383.1,2.24,22.31,8.44,True,False
2026-09-23 06:58:05,CAT-980-WLD-005,1786,33.33,60.03,4012.4,70.7,84.9,380.2,1.76,24.09,9.35,True,False
2026-09-23 06:58:10,CAT-320-EXC-014,892,6.15,59.99,600.3,70.0,88.7,211.9,0.47,23.95,0.21,True,False
2026-09-23 06:58:10,CAT-745-ART-002,888,9.39,59.99,461.5,71.7,87.7,211.7,0.06,23.02,0.16,True,False
2026-09-23 06:58:10,CAT-D6-DOZ-008,918,6.93,59.99,594.4,71.6,87.6,199.6,0.75,25.69,0.0,True,False
2026-09-23 06:58:10,CAT-980-WLD-005,868,8.11,59.99,200.0,70.2,86.8,212.5,0.63,21.73,0.0,True,False
2026-09-23 06:58:15,CAT-320-EXC-014,838,6.24,59.94,579.8,68.9,87.6,203.9,0.85,24.59,0.0,True,False
2026-09-23 06:58:15,CAT-745-ART-002,869,8.35,59.94,590.3,70.4,86.6,213.7,0.16,25.12,0.0,True,False
2026-09-23 06:58:15,CAT-D6-DOZ-008,881,5.83,59.94,461.8,69.8,86.7,214.6,0.13,21.37,0.0,True,False
2026-09-23 06:58:15,CAT-980-WLD-005,903,7.56,59.94,687.6,69.3,87.1,229.0,0.37,22.86,0.0,True,False
2026-09-23 06:58:20,CAT-320-EXC-014,915,6.46,59.89,762.6,71.0,86.7,202.7,0.6,22.61,0.4,True,False
2026-09-23 06:58:20,CAT-745-ART-002,882,5.43,59.89,726.9,71.5,87.0,228.1,0.02,24.7,0.37,True,False
2026-09-23 06:58:20,CAT-D6-DOZ-008,855,6.75,59.89,443.9,72.0,85.0,222.1,0.27,23.36,0.23,True,False
2026-09-23 06:58:20,CAT-980-WLD-005,879,7.61,59.89,722.3,68.4,86.7,240.6,0.23,23.61,0.4,True,False
2026-09-23 06:58:25,CAT-320-EXC-014,874,5.91,59.85,538.5,69.2,85.5,237.8,0.48,25.13,0.07,True,False
2026-09-23 06:58:25,CAT-745-ART-002,905,5.44,59.85,473.1,71.1,86.4,214.6,0.26,24.11,0.27,True,False
2026-09-23 06:58:25,CAT-D6-DOZ-008,895,5.06,59.85,521.9,70.3,85.6,211.9,0.08,23.42,0.0,True,False
2026-09-23 06:58:25,CAT-980-WLD-005,893,6.08,59.85,299.2,69.2,85.0,196.7,0.47,24.08,0.01,True,False
2026-09-23 06:58:30,CAT-320-EXC-014,872,7.78,59.8,717.1,69.7,86.7,187.2,1.25,25.3,0.0,True,False
2026-09-23 06:58:30,CAT-745-ART-002,835,5.25,59.8,486.9,71.4,87.7,207.8,0.11,26.8,0.4,True,False
2026-09-23 06:58:30,CAT-D6-DOZ-008,882,5.96,59.8,824.8,68.3,87.3,204.7,0.2,22.74,0.22,True,False
2026-09-23 06:58:30,CAT-980-WLD-005,877,6.06,59.8,577.5,69.6,88.3,233.4,0.24,24.05,0.07,True,False
2026-09-23 06:58:35,CAT-320-EXC-014,1271,8.86,59.76,933.5,69.4,86.8,398.2,8.26,21.77,0.0,True,False
2026-09-23 06:58:35,CAT-745-ART-002,1256,9.46,59.76,559.2,70.2,87.7,372.4,7.9,24.07,0.31,True,False
2026-09-23 06:58:35,CAT-D6-DOZ-008,1262,6.7,59.76,596.0,70.3,86.0,349.6,7.94,23.81,0.05,True,False
2026-09-23 06:58:35,CAT-980-WLD-005,1252,7.02,59.76,571.2,70.6,88.4,371.0,7.69,24.36,0.0,True,False
2026-09-23 06:58:40,CAT-320-EXC-014,1272,6.32,59.71,966.0,71.4,84.9,359.7,8.03,25.82,0.0,True,False
2026-09-23 06:58:40,CAT-745-ART-002,1228,7.27,59.71,672.8,70.0,84.7,367.1,7.51,24.44,0.03,True,False
2026-09-23 06:58:40,CAT-D6-DOZ-008,1212,6.88,59.71,680.4,73.7,87.2,343.5,8.0,22.63,0.0,True,False
2026-09-23 06:58:40,CAT-980-WLD-005,1214,6.93,59.71,671.2,70.6,89.2,335.2,7.55,26.64,0.05,True,False
2026-09-23 06:58:45,CAT-320-EXC-014,1246,4.48,59.67,902.7,72.2,88.3,381.1,7.54,25.17,0.4,True,False
2026-09-23 06:58:45,CAT-745-ART-002,1258,5.34,59.67,388.9,70.0,87.1,364.9,7.54,25.29,0.0,True,False
2026-09-23 06:58:45,CAT-D6-DOZ-008,1214,5.76,59.67,200.0,68.5,86.8,403.8,8.09,25.52,0.15,True,False
2026-09-23 06:58:45,CAT-980-WLD-005,1248,6.07,59.67,650.2,70.5,86.5,363.8,7.63,22.89,0.39,True,False
2026-09-23 06:58:50,CAT-320-EXC-014,890,7.87,59.62,595.6,70.8,86.6,227.9,1.01,23.59,0.17,True,False
2026-09-23 06:58:50,CAT-745-ART-002,855,6.35,59.62,584.6,70.2,86.4,201.0,0.41,25.34,0.21,True,False
2026-09-23 06:58:50,CAT-D6-DOZ-008,872,4.61,59.62,752.7,68.9,87.6,223.4,0.12,23.43,0.22,True,False
2026-09-23 06:58:50,CAT-980-WLD-005,849,6.22,59.62,246.8,73.9,88.5,226.2,0.11,23.2,0.0,True,False
2026-09-23 06:58:55,CAT-320-EXC-014,889,5.5,59.57,1045.6,70.7,87.5,219.0,0.8,23.47,0.16,True,False
2026-09-23 06:58:55,CAT-745-ART-002,901,6.85,59.57,734.0,72.3,86.7,210.1,0.65,25.09,0.0,True,False
2026-09-23 06:58:55,CAT-D6-DOZ-008,888,6.68,59.57,418.1,69.7,87.1,224.5,0.15,26.9,0.0,True,False
2026-09-23 06:58:55,CAT-980-WLD-005,826,7.95,59.57,492.4,72.2,86.8,205.2,0.25,23.59,0.0,True,False
2026-09-23 06:59:00,CAT-320-EXC-014,898,6.92,59.53,657.9,69.0,85.6,203.9,0.25,24.37,0.0,True,False
2026-09-23 06:59:00,CAT-745-ART-002,865,5.73,59.53,811.8,72.4,86.9,182.4,0.51,24.51,0.0,True,False
2026-09-23 06:59:00,CAT-D6-DOZ-008,859,7.79,59.53,494.2,71.7,86.2,210.7,0.48,22.7,0.15,True,False
2026-09-23 06:59:00,CAT-980-WLD-005,870,6.81,59.53,879.3,71.3,87.3,201.3,0.14,22.77,0.23,True,False
2026-09-23 06:59:05,CAT-320-EXC-014,1768,32.13,59.48,4266.9,72.0,87.4,384.1,1.76,24.48,5.31,True,False
2026-09-23 06:59:05,CAT-745-ART-002,1787,30.54,59.48,4436.5,70.4,86.2,400.2,1.69,23.65,5.4,True,False
2026-09-23 06:59:05,CAT-D6-DOZ-008,1775,32.26,59.48,4087.3,71.3,86.9,392.6,1.67,23.61,5.37,True,False
2026-09-23 06:59:05,CAT-980-WLD-005,1793,30.87,59.48,4150.1,71.1,86.8,359.0,1.69,24.08,5.0,True,False
2026-09-23 06:59:10,CAT-320-EXC-014,1736,32.94,59.44,4166.4,71.2,88.7,368.7,2.25,21.8,6.24,True,False
2026-09-23 06:59:10,CAT-745-ART-002,1779,32.63,59.44,4406.7,71.3,87.0,387.4,1.64,24.77,6.63,True,False
2026-09-23 06:59:10,CAT-D6-DOZ-008,1761,33.67,59.44,4228.7,70.6,88.4,378.5,1.99,23.53,6.44,True,False
2026-09-23 06:59:10,CAT-980-WLD-005,1751,34.03,59.44,3990.3,70.2,86.3,400.4,2.01,24.08,6.1,True,False
2026-09-23 06:59:15,CAT-320-EXC-014,1792,34.11,59.39,4046.6,70.6,87.9,374.0,1.65,23.78,6.96,True,False
2026-09-23 06:59:15,CAT-745-ART-002,1781,32.32,59.39,4279.6,70.0,87.5,363.3,1.92,23.65,7.33,True,False
2026-09-23 06:59:15,CAT-D6-DOZ-008,1757,30.37,59.39,4358.1,72.3,85.2,373.0,1.63,24.49,7.31,True,False
2026-09-23 06:59:15,CAT-980-WLD-005,1777,31.47,59.39,4108.6,73.1,87.8,380.3,1.74,24.09,6.96,True,False
2026-09-23 06:59:20,CAT-320-EXC-014,1756,30.39,59.34,4532.1,69.2,87.2,353.3,1.7,24.91,8.64,True,False
2026-09-23 06:59:20,CAT-745-ART-002,1762,31.13,59.34,4468.8,72.9,87.9,422.6,1.94,21.91,7.84,True,False
2026-09-23 06:59:20,CAT-D6-DOZ-008,1801,32.51,59.34,4063.5,72.1,86.2,373.3,1.84,23.29,7.84,True,False
2026-09-23 06:59:20,CAT-980-WLD-005,1772,30.68,59.34,4271.6,71.0,84.4,378.0,2.0,25.3,8.21,True,False
2026-09-23 06:59:25,CAT-320-EXC-014,1729,31.75,59.3,3748.4,70.7,86.4,392.5,1.79,23.7,8.5,True,False
2026-09-23 06:59:25,CAT-745-ART-002,1773,31.4,59.3,4247.0,70.7,88.2,339.1,1.67,23.01,9.3,True,False
2026-09-23 06:59:25,CAT-D6-DOZ-008,1749,31.22,59.3,4254.5,70.4,85.5,375.0,1.62,23.62,8.5,True,False
2026-09-23 06:59:25,CAT-980-WLD-005,1752,32.18,59.3,4426.1,71.1,85.3,364.4,1.82,23.96,8.57,True,False
2026-09-23 06:59:30,CAT-320-EXC-014,1783,32.86,59.25,4429.4,71.7,88.2,393.6,2.56,24.06,9.69,True,False
2026-09-23 06:59:30,CAT-745-ART-002,1783,31.68,59.25,4333.4,72.3,86.8,397.4,1.6,23.49,9.01,True,False
2026-09-23 06:59:30,CAT-D6-DOZ-008,1769,28.66,59.25,4043.3,72.8,85.8,347.8,1.7,23.86,9.17,True,False
2026-09-23 06:59:30,CAT-980-WLD-005,1761,32.59,59.25,4117.3,71.4,87.5,314.7,1.92,25.47,9.27,True,False
2026-09-23 06:59:35,CAT-320-EXC-014,1780,32.2,59.21,4262.9,71.4,87.0,355.7,2.37,22.65,9.25,True,False
2026-09-23 06:59:35,CAT-745-ART-002,1790,31.22,59.21,3962.8,71.5,86.8,393.2,1.87,25.34,9.0,True,False
2026-09-23 06:59:35,CAT-D6-DOZ-008,1764,32.26,59.21,4401.1,69.6,87.3,414.7,1.65,23.48,9.68,True,False
2026-09-23 06:59:35,CAT-980-WLD-005,1750,33.87,59.21,4129.6,68.7,87.0,404.2,1.92,25.2,9.69,True,False
2026-09-23 06:59:40,CAT-320-EXC-014,1743,33.26,59.16,4274.4,70.3,87.4,380.5,2.17,23.84,9.49,True,False
2026-09-23 06:59:40,CAT-745-ART-002,1786,34.56,59.16,4237.9,71.7,88.9,380.2,2.3,25.06,9.07,True,False
2026-09-23 06:59:40,CAT-D6-DOZ-008,1778,32.39,59.16,3835.9,70.8,86.7,400.6,2.6,24.42,9.32,True,False
2026-09-23 06:59:40,CAT-980-WLD-005,1779,31.33,59.16,4165.7,70.0,87.0,396.0,1.62,26.02,9.14,True,False
2026-09-23 06:59:45,CAT-320-EXC-014,1818,30.9,59.11,4271.6,70.3,85.9,367.1,1.82,23.5,8.32,True,False
2026-09-23 06:59:45,CAT-745-ART-002,1737,32.33,59.11,4495.8,70.7,87.4,368.2,1.92,24.52,8.96,True,False
2026-09-23 06:59:45,CAT-D6-DOZ-008,1774,32.74,59.11,4381.1,70.9,85.4,405.7,2.15,21.58,8.79,True,False
2026-09-23 06:59:45,CAT-980-WLD-005,1739,32.8,59.11,4295.4,71.6,87.3,413.3,1.64,21.36,8.75,True,False
2026-09-23 06:59:50,CAT-320-EXC-014,1759,33.07,59.07,4322.0,68.7,87.6,357.5,1.82,26.5,8.1,True,False
2026-09-23 06:59:50,CAT-745-ART-002,1766,31.13,59.07,4034.2,70.2,85.3,356.7,1.98,23.19,7.73,True,False
2026-09-23 06:59:50,CAT-D6-DOZ-008,1795,30.01,59.07,3768.3,71.1,84.7,384.5,2.27,21.9,7.94,True,False
2026-09-23 06:59:50,CAT-980-WLD-005,1766,33.63,59.07,4286.8,72.3,86.0,364.3,2.2,23.79,7.77,True,False
2026-09-23 06:59:55,CAT-320-EXC-014,1754,31.09,59.02,4345.6,70.0,87.0,387.4,1.94,23.6,6.65,True,False
2026-09-23 06:59:55,CAT-745-ART-002,1743,31.93,59.02,4039.8,71.9,87.2,382.2,1.69,24.05,7.14,True,False
2026-09-23 06:59:55,CAT-D6-DOZ-008,1730,31.58,59.02,4191.3,71.9,86.1,389.9,2.1,25.53,7.03,True,False
2026-09-23 06:59:55,CAT-980-WLD-005,1752,32.76,59.02,4101.4,70.3,88.0,395.5,2.05,25.29,6.96,True,False
2026-09-23 07:00:00,CAT-320-EXC-014,1789,33.56,58.98,4357.9,70.4,87.6,382.1,2.59,21.8,5.58,True,False
2026-09-23 07:00:00,CAT-745-ART-002,1784,30.76,58.98,4109.7,71.2,85.7,376.6,2.17,22.74,6.37,True,False
2026-09-23 07:00:00,CAT-D6-DOZ-008,1735,31.52,58.98,4155.7,71.2,88.1,392.2,2.47,26.35,5.79,True,False
2026-09-23 07:00:00,CAT-980-WLD-005,1813,32.27,58.98,4568.4,72.2,85.7,406.6,1.81,22.86,6.1,True,False
2026-09-23 07:00:05,CAT-320-EXC-014,1763,32.86,58.93,4429.9,71.9,88.0,399.7,1.84,22.21,8.8,True,False
2026-09-23 07:00:05,CAT-745-ART-002,1785,33.06,58.93,4347.0,70.7,88.0,379.4,1.87,23.53,9.51,True,False
2026-09-23 07:00:05,CAT-D6-DOZ-008,1751,34.14,58.93,4431.4,71.9,87.3,379.2,1.74,23.19,9.39,True,False
2026-09-23 07:00:05,CAT-980-WLD-005,1830,31.76,58.93,4337.5,70.1,86.8,382.8,1.87,24.04,9.14,True,False
2026-09-23 07:00:10,CAT-320-EXC-014,1778,32.52,58.89,4396.4,71.1,86.8,373.8,2.04,25.62,8.97,True,False
2026-09-23 07:00:10,CAT-745-ART-002,1756,31.56,58.89,4218.9,70.3,86.1,379.2,1.66,24.01,8.62,True,False
2026-09-23 07:00:10,CAT-D6-DOZ-008,1755,32.39,58.89,4226.6,69.8,86.6,404.6,1.61,25.42,8.83,True,False
2026-09-23 07:00:10,CAT-980-WLD-005,1751,30.65,58.89,4242.5,70.0,86.3,364.8,2.08,25.41,8.87,True,False
2026-09-23 07:00:15,CAT-320-EXC-014,1758,31.74,58.84,4214.4,71.8,88.2,358.5,1.88,23.98,9.05,True,False
2026-09-23 07:00:15,CAT-745-ART-002,1745,32.26,58.84,4229.5,69.3,87.7,385.5,1.93,23.17,8.52,True,False
2026-09-23 07:00:15,CAT-D6-DOZ-008,1780,31.7,58.84,4384.2,71.8,87.1,381.9,2.26,24.17,8.79,True,False
2026-09-23 07:00:15,CAT-980-WLD-005,1754,31.98,58.84,3981.5,71.5,87.5,408.8,2.48,24.39,8.96,True,False
2026-09-23 07:00:20,CAT-320-EXC-014,1755,33.68,58.79,4421.1,70.8,86.0,381.2,1.91,24.44,9.04,True,False
2026-09-23 07:00:20,CAT-745-ART-002,1758,33.35,58.79,4253.1,69.4,87.1,362.6,1.68,25.49,8.92,True,False
2026-09-23 07:00:20,CAT-D6-DOZ-008,1775,32.79,58.79,4149.7,73.2,85.6,377.2,1.77,22.65,9.27,True,False
2026-09-23 07:00:20,CAT-980-WLD-005,1736,31.16,58.79,4322.7,71.4,86.8,365.3,2.02,24.23,8.93,True,False
2026-09-23 07:00:25,CAT-320-EXC-014,1787,32.15,58.75,4067.3,71.4,87.1,388.4,1.96,23.73,8.7,True,False
2026-09-23 07:00:25,CAT-745-ART-002,1775,31.38,58.75,4288.1,69.5,88.1,359.4,2.07,23.64,8.21,True,False
2026-09-23 07:00:25,CAT-D6-DOZ-008,1765,32.35,58.75,4619.3,71.6,86.5,373.1,1.97,26.15,8.55,True,False
2026-09-23 07:00:25,CAT-980-WLD-005,1764,32.64,58.75,4303.1,71.2,86.6,371.8,2.03,24.48,8.88,True,False
2026-09-23 07:00:30,CAT-320-EXC-014,1791,31.22,58.7,4356.8,72.0,85.0,354.3,1.95,25.75,8.76,True,False
2026-09-23 07:00:30,CAT-745-ART-002,1777,32.66,58.7,4082.2,71.2,87.4,365.1,1.88,24.49,9.21,True,False
2026-09-23 07:00:30,CAT-D6-DOZ-008,1771,31.89,58.7,4211.5,71.6,87.0,377.9,2.1,24.91,8.98,True,False
2026-09-23 07:00:30,CAT-980-WLD-005,1769,32.35,58.7,4263.4,70.8,87.7,385.2,1.91,24.53,9.12,True,False
2026-09-23 07:00:35,CAT-320-EXC-014,1761,31.67,58.66,4051.0,72.9,86.8,413.4,1.61,23.32,9.35,True,False
2026-09-23 07:00:35,CAT-745-ART-002,1716,30.92,58.66,4022.5,70.5,87.0,394.8,1.81,25.09,9.16,True,False
2026-09-23 07:00:35,CAT-D6-DOZ-008,1750,31.55,58.66,4329.9,72.3,85.2,412.5,1.79,23.22,8.67,True,False
2026-09-23 07:00:35,CAT-980-WLD-005,1787,30.72,58.66,3913.4,69.9,86.2,349.4,1.87,23.76,8.42,True,False
2026-09-23 07:00:40,CAT-320-EXC-014,1746,32.61,58.61,4490.9,69.1,87.8,384.4,1.74,26.39,8.83,True,False
2026-09-23 07:00:40,CAT-745-ART-002,1765,30.96,58.61,4511.3,71.4,88.5,393.0,1.76,21.85,8.79,True,False
2026-09-23 07:00:40,CAT-D6-DOZ-008,1791,32.68,58.61,3880.2,70.1,86.0,402.3,1.73,23.02,9.0,True,False
2026-09-23 07:00:40,CAT-980-WLD-005,1730,32.95,58.61,4442.1,71.7,86.4,411.2,1.78,23.63,8.47,True,False
2026-09-23 07:00:45,CAT-320-EXC-014,1752,31.24,58.56,4285.5,71.1,87.5,378.7,1.76,24.59,9.47,True,False
2026-09-23 07:00:45,CAT-745-ART-002,1729,33.83,58.56,4315.0,70.2,88.5,392.7,2.09,23.8,9.05,True,False
2026-09-23 07:00:45,CAT-D6-DOZ-008,1788,31.9,58.56,4308.0,71.2,87.4,401.9,2.05,26.86,8.64,True,False
2026-09-23 07:00:45,CAT-980-WLD-005,1728,29.8,58.56,4242.4,70.7,88.0,385.1,1.76,24.25,8.56,True,False
2026-09-23 07:00:50,CAT-320-EXC-014,1744,32.54,58.52,4152.4,71.8,88.0,352.4,1.96,23.0,8.66,True,False
2026-09-23 07:00:50,CAT-745-ART-002,1743,32.55,58.52,4423.8,70.5,86.7,362.1,1.81,24.46,9.63,True,False
2026-09-23 07:00:50,CAT-D6-DOZ-008,1790,32.57,58.52,4351.1,70.4,87.1,379.0,1.73,25.11,9.08,True,False
2026-09-23 07:00:50,CAT-980-WLD-005,1804,34.47,58.52,4138.1,71.2,84.9,382.3,1.96,24.14,8.84,True,False
2026-09-23 07:00:55,CAT-320-EXC-014,870,5.41,58.47,437.7,71.8,87.7,229.1,0.31,23.96,0.24,True,False
2026-09-23 07:00:55,CAT-745-ART-002,867,5.3,58.47,841.6,71.7,88.8,211.8,0.59,25.29,0.0,True,False
2026-09-23 07:00:55,CAT-D6-DOZ-008,853,5.5,58.47,1063.1,70.3,88.8,189.8,0.14,25.99,0.0,True,False
2026-09-23 07:00:55,CAT-980-WLD-005,921,6.62,58.47,302.4,70.4,84.6,205.0,0.16,24.34,0.39,True,False
2026-09-23 07:01:00,CAT-320-EXC-014,892,5.86,58.43,896.3,71.4,87.6,240.7,0.08,23.93,0.0,True,False
2026-09-23 07:01:00,CAT-745-ART-002,898,6.43,58.43,441.8,69.4,86.4,232.6,0.44,24.39,0.0,True,False
2026-09-23 07:01:00,CAT-D6-DOZ-008,894,7.29,58.43,280.4,71.5,86.0,219.2,0.0,23.75,0.22,True,False
2026-09-23 07:01:00,CAT-980-WLD-005,881,6.36,58.43,539.2,70.2,86.2,214.0,0.16,23.57,0.2,True,False
2026-09-23 07:01:05,CAT-320-EXC-014,911,5.05,58.38,539.5,70.8,89.1,189.2,0.11,24.08,0.0,True,False
2026-09-23 07:01:05,CAT-745-ART-002,875,6.54,58.38,577.7,71.1,87.2,213.4,0.23,23.92,0.0,True,False
2026-09-23 07:01:05,CAT-D6-DOZ-008,873,6.18,58.38,597.0,72.0,88.4,207.0,0.14,23.99,0.0,True,False
2026-09-23 07:01:05,CAT-980-WLD-005,870,8.22,58.38,489.2,70.3,86.6,220.5,0.38,24.36,0.0,True,False
2026-09-23 07:01:10,CAT-320-EXC-014,899,4.22,58.33,883.5,71.1,88.6,200.3,0.74,24.03,0.0,True,False
2026-09-23 07:01:10,CAT-745-ART-002,861,5.75,58.33,699.3,72.3,85.3,214.8,0.09,24.31,0.24,True,False
2026-09-23 07:01:10,CAT-D6-DOZ-008,866,4.6,58.33,748.2,69.1,85.6,198.5,0.38,23.77,0.28,True,False
2026-09-23 07:01:10,CAT-980-WLD-005,886,5.01,58.33,571.7,69.7,88.2,207.2,0.09,25.22,0.0,True,False
2026-09-23 07:01:15,CAT-320-EXC-014,919,5.06,58.29,424.7,72.2,88.9,235.5,0.22,23.21,0.16,True,False
2026-09-23 07:01:15,CAT-745-ART-002,863,5.09,58.29,311.0,71.6,87.5,210.2,0.31,24.51,0.0,True,False
2026-09-23 07:01:15,CAT-D6-DOZ-008,838,5.82,58.29,704.1,71.8,86.6,212.2,0.23,24.82,0.26,True,False
2026-09-23 07:01:15,CAT-980-WLD-005,856,6.91,58.29,591.3,72.4,88.0,227.5,0.4,23.84,0.0,True,False
2026-09-23 07:01:20,CAT-320-EXC-014,1260,6.24,58.24,567.0,71.4,87.5,343.0,7.58,23.31,0.0,True,False
2026-09-23 07:01:20,CAT-745-ART-002,1252,7.39,58.24,649.6,70.9,86.2,378.5,7.54,24.3,0.0,True,False
2026-09-23 07:01:20,CAT-D6-DOZ-008,1289,5.82,58.24,916.4,70.6,85.8,383.0,7.55,24.1,0.0,True,False
2026-09-23 07:01:20,CAT-980-WLD-005,1266,6.83,58.24,260.3,71.1,87.3,425.6,7.63,24.36,0.05,True,False
2026-09-23 07:01:25,CAT-320-EXC-014,1250,6.07,58.2,838.6,72.5,87.6,374.5,7.85,23.3,0.11,True,False
2026-09-23 07:01:25,CAT-745-ART-002,1223,7.13,58.2,373.5,71.2,86.3,395.7,7.72,23.14,0.0,True,False
2026-09-23 07:01:25,CAT-D6-DOZ-008,1251,7.54,58.2,651.1,69.7,87.5,397.0,8.24,24.21,0.0,True,False
2026-09-23 07:01:25,CAT-980-WLD-005,1265,8.01,58.2,598.9,71.0,87.9,391.1,8.0,24.9,0.12,True,False
2026-09-23 07:01:30,CAT-320-EXC-014,1214,6.76,58.15,322.7,68.1,88.7,377.1,7.52,24.7,0.0,True,False
2026-09-23 07:01:30,CAT-745-ART-002,1211,7.65,58.15,629.2,69.3,86.4,367.4,8.39,23.95,0.0,True,False
2026-09-23 07:01:30,CAT-D6-DOZ-008,1244,6.58,58.15,582.7,71.1,86.6,381.2,7.77,23.93,0.0,True,False
2026-09-23 07:01:30,CAT-980-WLD-005,1234,5.42,58.15,471.7,69.1,88.1,386.5,8.0,25.49,0.26,True,False
2026-09-23 07:01:35,CAT-320-EXC-014,1257,6.69,58.11,275.3,71.6,88.0,378.0,8.17,21.4,0.0,True,False
2026-09-23 07:01:35,CAT-745-ART-002,1246,5.31,58.11,555.3,71.0,87.6,381.6,8.59,23.84,0.25,True,False
2026-09-23 07:01:35,CAT-D6-DOZ-008,1269,7.37,58.11,311.5,71.0,87.2,370.2,7.57,23.3,0.0,True,False
2026-09-23 07:01:35,CAT-980-WLD-005,1259,5.77,58.11,498.2,70.9,87.0,376.4,8.29,25.46,0.0,True,False
2026-09-23 07:01:40,CAT-320-EXC-014,858,7.93,58.06,447.8,71.8,86.6,228.3,0.46,25.4,0.28,True,False
2026-09-23 07:01:40,CAT-745-ART-002,910,6.57,58.06,730.9,69.7,87.4,211.8,0.08,22.78,0.0,True,False
2026-09-23 07:01:40,CAT-D6-DOZ-008,913,7.46,58.06,598.7,69.8,85.6,231.2,0.51,24.27,0.0,True,False
2026-09-23 07:01:40,CAT-980-WLD-005,875,4.77,58.06,733.3,71.5,87.5,228.7,0.04,24.17,0.0,True,False
2026-09-23 07:01:45,CAT-320-EXC-014,872,5.44,58.01,319.4,72.0,87.2,248.7,0.28,23.11,0.0,True,False
2026-09-23 07:01:45,CAT-745-ART-002,877,5.98,58.01,719.7,71.4,85.6,233.5,0.3,26.5,0.0,True,False
2026-09-23 07:01:45,CAT-D6-DOZ-008,890,7.04,58.01,785.7,71.0,86.1,235.6,0.15,24.57,0.1,True,False
2026-09-23 07:01:45,CAT-980-WLD-005,874,6.78,58.01,797.8,71.4,89.0,226.8,0.37,22.98,0.0,True,False
2026-09-23 07:01:50,CAT-320-EXC-014,864,6.33,57.97,824.4,71.8,88.0,200.4,0.21,25.41,0.0,True,False
2026-09-23 07:01:50,CAT-745-ART-002,852,6.91,57.97,691.1,72.5,88.4,222.8,0.18,22.96,0.0,True,False
2026-09-23 07:01:50,CAT-D6-DOZ-008,876,7.38,57.97,596.4,70.2,86.6,213.2,0.35,24.91,0.0,True,False
2026-09-23 07:01:50,CAT-980-WLD-005,856,8.36,57.97,431.3,72.6,87.0,220.9,0.44,24.88,0.05,True,False
2026-09-23 07:01:55,CAT-320-EXC-014,1783,33.43,57.92,4468.3,74.6,86.3,387.6,1.72,24.82,5.51,True,False
2026-09-23 07:01:55,CAT-745-ART-002,1757,33.91,57.92,4248.1,71.5,86.5,361.7,1.71,23.49,6.07,True,False
2026-09-23 07:01:55,CAT-D6-DOZ-008,1786,31.48,57.92,4265.3,71.8,86.2,374.1,1.77,23.35,5.69,True,False
2026-09-23 07:01:55,CAT-980-WLD-005,1797,33.09,57.92,4329.0,73.1,86.7,361.9,1.71,25.52,5.72,True,False
2026-09-23 07:02:00,CAT-320-EXC-014,1761,31.71,57.88,4358.5,71.2,88.7,376.6,1.89,23.25,6.9,True,False
2026-09-23 07:02:00,CAT-745-ART-002,1759,32.57,57.88,4318.1,71.6,85.7,353.8,2.14,25.46,6.75,True,False
2026-09-23 07:02:00,CAT-D6-DOZ-008,1773,32.08,57.88,4097.0,72.0,88.4,363.9,2.66,25.26,6.52,True,False
2026-09-23 07:02:00,CAT-980-WLD-005,1747,34.33,57.88,4365.7,70.3,87.2,380.5,1.72,22.9,6.59,True,False
2026-09-23 07:02:05,CAT-320-EXC-014,1780,31.36,57.83,4603.0,72.7,86.1,382.1,1.71,24.71,7.56,True,False
2026-09-23 07:02:05,CAT-745-ART-002,1743,32.47,57.83,4526.9,72.0,87.0,377.1,1.99,27.88,8.04,True,False
2026-09-23 07:02:05,CAT-D6-DOZ-008,1771,32.17,57.83,4260.4,69.0,86.5,388.2,1.82,24.92,7.57,True,False
2026-09-23 07:02:05,CAT-980-WLD-005,1737,32.77,57.83,3972.1,71.0,89.2,376.1,2.28,24.38,7.47,True,False
2026-09-23 07:02:10,CAT-320-EXC-014,1761,34.19,57.78,4182.0,72.6,85.8,365.1,1.74,25.74,8.83,True,False
2026-09-23 07:02:10,CAT-745-ART-002,1751,31.61,57.78,4287.2,70.4,85.2,387.0,2.08,22.42,8.13,True,False
2026-09-23 07:02:10,CAT-D6-DOZ-008,1764,30.39,57.78,4557.5,70.9,88.5,374.1,2.09,24.43,8.13,True,False
2026-09-23 07:02:10,CAT-980-WLD-005,1764,31.23,57.78,4180.2,70.4,87.7,353.6,1.95,24.13,8.61,True,False
2026-09-23 07:02:15,CAT-320-EXC-014,1773,31.38,57.74,4163.0,71.5,88.2,374.3,1.98,25.39,9.37,True,False
2026-09-23 07:02:15,CAT-745-ART-002,1765,32.0,57.74,4364.3,72.2,87.4,375.1,1.87,23.81,9.0,True,False
2026-09-23 07:02:15,CAT-D6-DOZ-008,1732,33.98,57.74,4089.8,71.9,88.4,365.3,1.62,23.52,9.16,True,False
2026-09-23 07:02:15,CAT-980-WLD-005,1790,30.69,57.74,4237.1,72.0,88.1,348.8,1.79,23.85,9.01,True,False
2026-09-23 07:02:20,CAT-320-EXC-014,1756,33.05,57.69,4181.4,70.4,87.2,379.7,1.82,25.82,9.37,True,False
2026-09-23 07:02:20,CAT-745-ART-002,1764,31.63,57.69,4336.6,71.9,86.8,368.2,1.89,24.87,9.12,True,False
2026-09-23 07:02:20,CAT-D6-DOZ-008,1697,31.4,57.69,4173.5,72.1,86.2,361.5,1.61,24.48,9.47,True,False
2026-09-23 07:02:20,CAT-980-WLD-005,1723,30.38,57.69,4234.2,71.8,86.4,385.4,1.61,23.09,9.36,True,False
2026-09-23 07:02:25,CAT-320-EXC-014,1754,33.78,57.65,4218.9,72.3,86.8,399.1,1.73,22.59,8.95,True,False
2026-09-23 07:02:25,CAT-745-ART-002,1735,31.06,57.65,4419.3,69.5,86.9,392.2,1.77,23.13,8.95,True,False
2026-09-23 07:02:25,CAT-D6-DOZ-008,1755,31.29,57.65,4049.2,70.8,86.0,385.1,1.82,25.33,9.75,True,False
2026-09-23 07:02:25,CAT-980-WLD-005,1768,31.33,57.65,4227.8,70.0,88.4,383.1,1.83,23.53,8.95,True,False
2026-09-23 07:02:30,CAT-320-EXC-014,1784,34.46,57.6,4371.0,72.9,88.1,381.0,1.78,24.22,9.0,True,False
2026-09-23 07:02:30,CAT-745-ART-002,1762,33.57,57.6,4575.4,71.0,86.3,362.7,2.66,24.63,8.7,True,False
2026-09-23 07:02:30,CAT-D6-DOZ-008,1751,31.78,57.6,4355.3,73.7,85.0,392.4,1.62,23.11,9.44,True,False
2026-09-23 07:02:30,CAT-980-WLD-005,1783,31.84,57.6,4199.9,71.5,85.9,385.5,2.48,24.04,9.44,True,False
2026-09-23 07:02:35,CAT-320-EXC-014,1729,29.85,57.56,4341.9,69.8,87.5,382.0,2.07,23.15,8.6,True,False
2026-09-23 07:02:35,CAT-745-ART-002,1833,34.6,57.56,4406.6,71.5,86.5,374.2,1.88,24.55,8.09,True,False
2026-09-23 07:02:35,CAT-D6-DOZ-008,1764,30.97,57.56,4328.5,70.9,85.6,385.8,2.34,25.95,8.25,True,False
2026-09-23 07:02:35,CAT-980-WLD-005,1767,31.8,57.56,4313.4,69.6,88.7,366.1,1.97,23.59,8.51,True,False
2026-09-23 07:02:40,CAT-320-EXC-014,1731,32.77,57.51,3833.8,69.8,87.9,344.5,1.76,23.04,7.93,True,False
2026-09-23 07:02:40,CAT-745-ART-002,1732,31.33,57.51,4468.8,70.1,86.7,381.7,1.88,25.69,7.79,True,False
2026-09-23 07:02:40,CAT-D6-DOZ-008,1752,32.43,57.51,4087.9,70.9,87.1,354.4,1.7,23.48,7.23,True,False
2026-09-23 07:02:40,CAT-980-WLD-005,1782,31.97,57.51,4387.2,69.4,85.1,373.7,2.0,22.95,7.29,True,False
2026-09-23 07:02:45,CAT-320-EXC-014,1741,33.17,57.46,4078.8,71.7,85.6,392.5,1.62,24.23,6.35,True,False
2026-09-23 07:02:45,CAT-745-ART-002,1782,32.56,57.46,4419.5,71.4,88.1,368.5,2.13,25.57,6.75,True,False
2026-09-23 07:02:45,CAT-D6-DOZ-008,1723,31.35,57.46,4372.4,72.3,87.6,360.6,1.6,24.49,7.03,True,False
2026-09-23 07:02:45,CAT-980-WLD-005,1791,31.71,57.46,4324.6,71.3,87.6,392.8,1.98,24.06,6.72,True,False
2026-09-23 07:02:50,CAT-320-EXC-014,1761,33.78,57.42,4274.9,70.9,89.2,400.5,1.65,22.28,5.59,True,False
2026-09-23 07:02:50,CAT-745-ART-002,1729,31.58,57.42,4263.4,71.1,87.6,381.3,1.63,23.48,5.39,True,False
2026-09-23 07:02:50,CAT-D6-DOZ-008,1775,32.39,57.42,4424.1,72.1,85.8,372.8,1.72,22.65,5.46,True,False
2026-09-23 07:02:50,CAT-980-WLD-005,1764,30.28,57.42,4221.5,70.0,86.8,336.0,1.93,23.56,5.6,True,False
2026-09-23 07:02:55,CAT-320-EXC-014,1744,31.33,57.37,4068.6,70.0,86.5,409.3,2.38,24.39,9.38,True,False
2026-09-23 07:02:55,CAT-745-ART-002,1727,31.55,57.37,3806.9,70.5,88.4,350.6,2.12,22.98,9.1,True,False
2026-09-23 07:02:55,CAT-D6-DOZ-008,1763,32.1,57.37,4110.8,72.4,85.6,392.2,1.63,24.92,8.82,True,False
2026-09-23 07:02:55,CAT-980-WLD-005,1759,31.39,57.37,4262.6,71.7,87.6,403.8,2.0,21.25,8.18,True,False
2026-09-23 07:03:00,CAT-320-EXC-014,1763,30.53,57.33,4486.8,71.4,88.0,390.6,1.63,23.07,8.82,True,False
2026-09-23 07:03:00,CAT-745-ART-002,1782,32.86,57.33,4113.3,71.6,87.8,376.4,1.66,24.16,8.67,True,False
2026-09-23 07:03:00,CAT-D6-DOZ-008,1720,33.31,57.33,4313.2,72.5,87.0,395.0,1.95,24.83,8.49,True,False
2026-09-23 07:03:00,CAT-980-WLD-005,1742,31.95,57.33,4373.7,70.8,88.1,395.7,1.76,25.23,8.75,True,False
2026-09-23 07:03:05,CAT-320-EXC-014,1768,30.87,57.28,4265.1,71.5,86.9,361.1,2.29,23.49,8.56,True,False
2026-09-23 07:03:05,CAT-745-ART-002,1783,33.84,57.28,4013.3,72.7,89.1,392.3,1.73,22.32,9.06,True,False
2026-09-23 07:03:05,CAT-D6-DOZ-008,1711,32.43,57.28,4296.8,68.2,88.2,390.3,2.22,23.92,9.51,True,False
2026-09-23 07:03:05,CAT-980-WLD-005,1760,31.53,57.28,4432.4,71.3,86.4,352.4,1.89,23.79,8.83,True,False
2026-09-23 07:03:10,CAT-320-EXC-014,1741,33.37,57.23,4142.3,71.6,88.9,357.3,1.97,23.4,9.39,True,False
2026-09-23 07:03:10,CAT-745-ART-002,1741,31.45,57.23,4251.3,72.1,86.8,405.3,1.78,22.46,8.42,True,False
2026-09-23 07:03:10,CAT-D6-DOZ-008,1750,31.8,57.23,4565.4,70.6,87.1,412.3,2.14,23.33,9.33,True,False
2026-09-23 07:03:10,CAT-980-WLD-005,1762,31.5,57.23,4216.2,70.9,89.5,365.5,2.02,23.9,8.38,True,False
2026-09-23 07:03:15,CAT-320-EXC-014,1744,32.63,57.19,4232.7,71.1,86.6,382.9,2.01,23.81,9.61,True,False
2026-09-23 07:03:15,CAT-745-ART-002,1749,32.0,57.19,4075.8,72.1,88.4,374.6,1.79,24.08,8.53,True,False
2026-09-23 07:03:15,CAT-D6-DOZ-008,1761,31.2,57.19,4122.9,70.2,85.9,377.4,2.38,24.98,8.8,True,False
2026-09-23 07:03:15,CAT-980-WLD-005,1741,33.27,57.19,4396.2,71.8,86.6,379.8,2.1,25.72,9.73,True,False
2026-09-23 07:03:20,CAT-320-EXC-014,1783,31.68,57.14,4238.7,71.5,86.3,370.6,1.77,23.96,9.39,True,False
2026-09-23 07:03:20,CAT-745-ART-002,1752,32.41,57.14,3984.4,70.0,87.3,378.6,1.68,24.84,9.22,True,False
2026-09-23 07:03:20,CAT-D6-DOZ-008,1751,29.55,57.14,4168.2,70.6,88.2,369.0,2.13,22.05,8.83,True,False
2026-09-23 07:03:20,CAT-980-WLD-005,1762,33.73,57.14,4332.8,72.9,88.9,404.8,1.94,23.1,9.69,True,False
2026-09-23 07:03:25,CAT-320-EXC-014,1740,30.56,57.1,4162.5,69.9,86.8,398.6,1.99,25.04,9.26,True,False
2026-09-23 07:03:25,CAT-745-ART-002,1799,32.99,57.1,4212.2,72.2,85.7,393.6,1.64,24.6,8.66,True,False
2026-09-23 07:03:25,CAT-D6-DOZ-008,1801,30.81,57.1,4103.7,72.5,86.3,362.6,2.15,22.18,8.68,True,False
2026-09-23 07:03:25,CAT-980-WLD-005,1776,30.75,57.1,4326.3,70.1,86.2,384.6,2.15,22.12,8.78,True,False
2026-09-23 07:03:30,CAT-320-EXC-014,1754,33.5,57.05,4254.5,71.6,88.3,403.8,2.01,21.77,8.86,True,False
2026-09-23 07:03:30,CAT-745-ART-002,1803,32.13,57.05,4000.4,71.5,87.0,391.6,1.96,25.18,9.57,True,False
2026-09-23 07:03:30,CAT-D6-DOZ-008,1729,31.59,57.05,4226.8,72.5,89.6,372.4,2.44,24.02,9.13,True,False
2026-09-23 07:03:30,CAT-980-WLD-005,1757,31.17,57.05,4265.3,72.2,87.6,365.6,1.7,25.01,9.41,True,False
2026-09-23 07:03:35,CAT-320-EXC-014,1769,31.85,57.0,4355.3,71.5,87.5,408.3,1.69,24.89,8.81,True,False
2026-09-23 07:03:35,CAT-745-ART-002,1778,31.12,57.0,4213.9,71.5,87.8,391.5,1.89,23.73,8.38,True,False
2026-09-23 07:03:35,CAT-D6-DOZ-008,1752,31.5,57.0,4013.1,70.3,87.7,396.6,1.95,23.43,8.44,True,False
2026-09-23 07:03:35,CAT-980-WLD-005,1759,31.88,57.0,4067.4,70.4,87.0,396.4,2.35,22.66,8.69,True,False
2026-09-23 07:03:40,CAT-320-EXC-014,1757,32.81,56.96,4139.1,71.6,86.9,373.6,2.0,24.86,8.22,True,False
2026-09-23 07:03:40,CAT-745-ART-002,1758,32.05,56.96,4314.3,71.3,85.5,372.3,1.87,26.74,8.59,True,False
2026-09-23 07:03:40,CAT-D6-DOZ-008,1763,31.94,56.96,4434.3,70.0,85.9,388.0,1.68,26.43,9.25,True,False
2026-09-23 07:03:40,CAT-980-WLD-005,1768,31.77,56.96,4283.2,71.4,87.6,380.7,2.19,23.77,8.73,True,False
2026-09-23 07:03:45,CAT-320-EXC-014,900,5.1,56.91,788.7,70.7,88.7,189.5,0.06,23.37,0.01,True,False
2026-09-23 07:03:45,CAT-745-ART-002,897,7.78,56.91,639.7,72.1,85.8,200.1,0.93,24.58,0.0,True,False
2026-09-23 07:03:45,CAT-D6-DOZ-008,868,6.49,56.91,568.9,72.4,86.0,233.7,0.06,23.7,0.0,True,False
2026-09-23 07:03:45,CAT-980-WLD-005,878,4.73,56.91,676.8,72.0,87.7,201.3,0.33,23.01,0.0,True,False
2026-09-23 07:03:50,CAT-320-EXC-014,907,7.5,56.87,746.0,73.3,85.2,238.1,0.59,23.05,0.01,True,False
2026-09-23 07:03:50,CAT-745-ART-002,870,8.46,56.87,1121.7,70.7,87.5,216.6,0.07,25.19,0.0,True,False
2026-09-23 07:03:50,CAT-D6-DOZ-008,873,6.49,56.87,621.7,72.5,86.8,233.5,0.08,24.54,0.0,True,False
2026-09-23 07:03:50,CAT-980-WLD-005,896,5.5,56.87,924.9,70.5,88.4,207.2,0.24,23.64,0.0,True,False
2026-09-23 07:03:55,CAT-320-EXC-014,850,5.79,56.82,494.1,70.6,86.8,225.4,0.08,27.18,0.0,True,False
2026-09-23 07:03:55,CAT-745-ART-002,897,6.73,56.82,516.6,72.1,88.0,194.8,0.21,24.22,0.0,True,False
2026-09-23 07:03:55,CAT-D6-DOZ-008,881,6.86,56.82,788.1,70.2,88.8,215.1,0.2,23.66,0.07,True,False
2026-09-23 07:03:55,CAT-980-WLD-005,869,7.07,56.82,384.1,73.5,87.7,236.8,0.17,24.09,0.18,True,False
2026-09-23 07:04:00,CAT-320-EXC-014,891,5.7,56.78,539.8,73.0,85.3,210.9,0.36,23.73,0.0,True,False
2026-09-23 07:04:00,CAT-745-ART-002,872,7.19,56.78,339.5,73.1,88.5,268.0,0.62,24.29,0.0,True,False
2026-09-23 07:04:00,CAT-D6-DOZ-008,886,4.66,56.78,550.0,71.1,88.0,213.8,0.04,24.67,0.0,True,False
2026-09-23 07:04:00,CAT-980-WLD-005,927,7.77,56.78,652.7,70.8,88.8,220.0,0.28,25.23,0.29,True,False
2026-09-23 07:04:05,CAT-320-EXC-014,919,6.19,56.73,343.0,72.8,88.2,192.7,0.24,25.13,0.0,True,False
2026-09-23 07:04:05,CAT-745-ART-002,871,5.3,56.73,445.5,72.3,86.9,176.1,0.74,23.31,0.1,True,False
2026-09-23 07:04:05,CAT-D6-DOZ-008,859,6.37,56.73,585.7,71.3,85.9,219.0,0.26,24.78,0.08,True,False
2026-09-23 07:04:05,CAT-980-WLD-005,877,6.52,56.73,598.9,71.5,88.0,237.6,0.45,23.67,0.0,True,False
2026-09-23 07:04:10,CAT-320-EXC-014,1290,5.78,56.68,559.4,71.6,88.3,363.5,7.87,23.42,0.32,True,False
2026-09-23 07:04:10,CAT-745-ART-002,1203,6.78,56.68,534.8,73.3,87.6,343.3,7.73,22.72,0.0,True,False
2026-09-23 07:04:10,CAT-D6-DOZ-008,1261,6.07,56.68,222.6,73.0,87.3,385.9,8.24,25.63,0.12,True,False
2026-09-23 07:04:10,CAT-980-WLD-005,1240,6.24,56.68,677.9,71.4,86.8,395.2,7.63,23.12,0.0,True,False
2026-09-23 07:04:15,CAT-320-EXC-014,1229,8.79,56.64,766.0,72.6,87.4,388.1,8.29,25.38,0.16,True,False
2026-09-23 07:04:15,CAT-745-ART-002,1241,6.75,56.64,491.0,72.7,88.4,404.3,8.12,23.25,0.4,True,False
2026-09-23 07:04:15,CAT-D6-DOZ-008,1267,6.72,56.64,626.4,72.0,85.2,372.3,7.69,23.59,0.26,True,False
2026-09-23 07:04:15,CAT-980-WLD-005,1238,7.86,56.64,399.9,71.9,88.8,376.9,7.89,23.22,0.0,True,False
2026-09-23 07:04:20,CAT-320-EXC-014,1228,6.4,56.59,731.2,71.6,88.3,371.8,7.6,22.03,0.02,True,False
2026-09-23 07:04:20,CAT-745-ART-002,1224,6.03,56.59,526.4,70.5,85.9,375.5,7.89,25.14,0.0,True,False
2026-09-23 07:04:20,CAT-D6-DOZ-008,1229,5.67,56.59,661.9,73.0,88.6,369.1,7.74,24.05,0.11,True,False
2026-09-23 07:04:20,CAT-980-WLD-005,1198,8.38,56.59,960.0,71.8,86.0,400.8,8.67,25.48,0.06,True,False
2026-09-23 07:04:25,CAT-320-EXC-014,876,5.31,56.55,736.4,71.4,88.3,214.7,0.83,24.02,0.0,True,False
2026-09-23 07:04:25,CAT-745-ART-002,858,6.84,56.55,578.9,73.1,86.4,209.0,0.33,25.12,0.18,True,False
2026-09-23 07:04:25,CAT-D6-DOZ-008,868,6.42,56.55,674.9,71.2,87.5,208.4,0.64,26.86,0.24,True,False
2026-09-23 07:04:25,CAT-980-WLD-005,867,7.9,56.55,373.8,69.8,87.3,197.0,0.52,25.88,0.19,True,False
2026-09-23 07:04:30,CAT-320-EXC-014,859,5.68,56.5,813.7,73.0,87.3,234.7,0.4,24.2,0.0,True,False
2026-09-23 07:04:30,CAT-745-ART-002,859,7.61,56.5,694.1,74.9,88.4,206.7,0.29,25.66,0.14,True,False
2026-09-23 07:04:30,CAT-D6-DOZ-008,864,6.46,56.5,900.7,72.6,87.7,203.3,0.57,23.71,0.18,True,False
2026-09-23 07:04:30,CAT-980-WLD-005,879,7.87,56.5,481.9,70.7,87.6,234.4,0.31,22.14,0.0,True,False
2026-09-23 07:04:35,CAT-320-EXC-014,896,4.47,56.45,602.2,71.7,88.8,201.0,0.4,24.72,0.0,True,False
2026-09-23 07:04:35,CAT-745-ART-002,905,6.53,56.45,678.6,72.9,86.9,194.1,0.37,25.28,0.0,True,False
2026-09-23 07:04:35,CAT-D6-DOZ-008,911,6.21,56.45,825.9,71.8,88.5,219.7,0.63,25.39,0.0,True,False
2026-09-23 07:04:35,CAT-980-WLD-005,896,5.5,56.45,915.6,72.4,84.9,215.4,0.06,23.2,0.0,True,False
2026-09-23 07:04:40,CAT-320-EXC-014,874,5.81,56.41,838.7,72.2,87.4,212.0,0.33,22.75,0.0,True,False
2026-09-23 07:04:40,CAT-745-ART-002,905,5.48,56.41,721.0,71.4,86.6,219.3,0.07,24.97,0.15,True,False
2026-09-23 07:04:40,CAT-D6-DOZ-008,852,8.99,56.41,574.0,69.9,87.5,236.9,0.14,22.97,0.0,True,False
2026-09-23 07:04:40,CAT-980-WLD-005,896,6.72,56.41,564.2,72.8,88.7,217.2,0.09,25.19,0.19,True,False
2026-09-23 07:04:45,CAT-320-EXC-014,1792,31.61,56.36,4126.2,70.8,87.0,414.0,1.81,22.55,5.71,True,False
2026-09-23 07:04:45,CAT-745-ART-002,1744,31.8,56.36,4019.5,73.0,89.3,359.8,1.68,23.35,5.92,True,False
2026-09-23 07:04:45,CAT-D6-DOZ-008,1743,31.41,56.36,4391.4,69.7,88.2,379.6,1.64,23.52,6.43,True,False
2026-09-23 07:04:45,CAT-980-WLD-005,1755,31.78,56.36,4343.3,71.2,87.8,381.6,1.79,24.5,5.92,True,False
2026-09-23 07:04:50,CAT-320-EXC-014,1794,30.54,56.32,4259.2,71.8,87.2,360.4,2.1,24.07,7.57,True,False
2026-09-23 07:04:50,CAT-745-ART-002,1784,31.99,56.32,4156.7,74.7,86.1,388.5,2.15,23.43,7.39,True,False
2026-09-23 07:04:50,CAT-D6-DOZ-008,1783,30.57,56.32,4145.0,71.3,87.6,396.7,2.14,23.74,7.46,True,False
2026-09-23 07:04:50,CAT-980-WLD-005,1763,31.98,56.32,4213.7,70.2,87.2,385.4,1.91,26.85,7.17,True,False
2026-09-23 07:04:55,CAT-320-EXC-014,1768,32.98,56.27,4255.0,72.1,86.1,359.6,1.72,24.1,7.68,True,False
2026-09-23 07:04:55,CAT-745-ART-002,1747,31.75,56.27,4478.9,70.5,87.8,390.2,2.49,25.76,8.05,True,False
2026-09-23 07:04:55,CAT-D6-DOZ-008,1791,32.17,56.27,4133.6,71.9,88.6,375.2,1.81,25.47,8.05,True,False
2026-09-23 07:04:55,CAT-980-WLD-005,1757,32.1,56.27,4476.2,72.8,86.4,368.8,1.71,24.04,8.31,True,False
2026-09-23 07:05:00,CAT-320-EXC-014,1745,32.43,56.23,4797.5,71.4,87.2,385.4,1.67,25.2,8.75,True,False
2026-09-23 07:05:00,CAT-745-ART-002,1801,29.4,56.23,4206.0,72.5,87.0,374.8,1.98,24.72,8.94,True,False
2026-09-23 07:05:00,CAT-D6-DOZ-008,1789,31.01,56.23,4230.7,70.1,86.9,366.0,1.83,22.65,9.19,True,False
2026-09-23 07:05:00,CAT-980-WLD-005,1774,30.94,56.23,3944.7,74.0,85.8,395.3,1.8,25.12,8.49,True,False
2026-09-23 07:05:05,CAT-320-EXC-014,1764,33.6,56.18,4097.0,70.7,85.9,380.4,1.78,24.75,9.22,True,False
2026-09-23 07:05:05,CAT-745-ART-002,1775,32.72,56.18,4467.4,72.3,86.1,372.3,1.64,22.13,9.48,True,False
2026-09-23 07:05:05,CAT-D6-DOZ-008,1752,33.89,56.18,4255.8,70.4,86.8,378.2,1.72,23.21,9.03,True,False
2026-09-23 07:05:05,CAT-980-WLD-005,1781,33.48,56.18,4265.2,72.7,88.1,394.8,2.0,25.73,9.3,True,False
2026-09-23 07:05:10,CAT-320-EXC-014,1737,31.6,56.13,3986.5,71.3,86.5,393.3,1.65,24.33,9.0,True,False
2026-09-23 07:05:10,CAT-745-ART-002,1739,32.12,56.13,4031.2,71.5,86.8,357.2,1.61,25.53,9.8,True,False
2026-09-23 07:05:10,CAT-D6-DOZ-008,1748,30.45,56.13,4186.9,72.7,86.7,350.2,1.65,22.35,9.0,True,False
2026-09-23 07:05:10,CAT-980-WLD-005,1743,31.91,56.13,4101.3,73.2,87.0,374.1,2.67,24.05,9.31,True,False
2026-09-23 07:05:15,CAT-320-EXC-014,1733,31.19,56.09,3919.9,71.4,87.3,403.8,2.29,24.81,8.98,True,False
2026-09-23 07:05:15,CAT-745-ART-002,1721,31.77,56.09,3901.4,71.4,88.7,364.9,2.0,21.75,9.14,True,False
2026-09-23 07:05:15,CAT-D6-DOZ-008,1738,32.82,56.09,4310.8,71.1,87.6,387.5,1.92,24.34,8.86,True,False
2026-09-23 07:05:15,CAT-980-WLD-005,1753,31.99,56.09,4245.5,73.1,87.6,369.3,2.03,23.52,9.04,True,False
2026-09-23 07:05:20,CAT-320-EXC-014,1787,30.6,56.04,4280.3,72.0,86.9,326.6,2.27,25.03,9.22,True,False
2026-09-23 07:05:20,CAT-745-ART-002,1781,31.03,56.04,4072.1,70.8,91.1,382.5,1.67,24.34,8.78,True,False
2026-09-23 07:05:20,CAT-D6-DOZ-008,1723,31.3,56.04,4256.1,72.8,87.8,369.0,1.68,23.27,8.79,True,False
2026-09-23 07:05:20,CAT-980-WLD-005,1738,31.26,56.04,4077.5,71.0,85.8,384.7,2.18,26.84,8.57,True,False
2026-09-23 07:05:25,CAT-320-EXC-014,1751,31.37,56.0,4435.2,72.5,88.0,390.6,1.98,24.39,8.21,True,False
2026-09-23 07:05:25,CAT-745-ART-002,1785,31.94,56.0,4069.1,71.8,87.6,386.5,2.34,26.12,8.12,True,False
2026-09-23 07:05:25,CAT-D6-DOZ-008,1756,31.13,56.0,4403.2,72.2,86.7,345.8,2.05,24.24,8.49,True,False
2026-09-23 07:05:25,CAT-980-WLD-005,1766,36.34,56.0,4327.3,71.9,88.6,395.0,1.75,22.99,8.24,True,False
2026-09-23 07:05:30,CAT-320-EXC-014,1756,31.95,55.95,4407.2,71.4,85.6,360.2,2.37,23.02,7.45,True,False
2026-09-23 07:05:30,CAT-745-ART-002,1785,32.76,55.95,4385.9,73.7,88.7,419.5,1.65,24.58,7.34,True,False
2026-09-23 07:05:30,CAT-D6-DOZ-008,1782,34.23,55.95,4330.0,71.7,87.1,368.2,2.01,23.02,7.41,True,False
2026-09-23 07:05:30,CAT-980-WLD-005,1753,31.85,55.95,4303.7,71.3,88.9,374.6,2.24,23.44,7.2,True,False
2026-09-23 07:05:35,CAT-320-EXC-014,1785,30.15,55.9,4362.7,71.0,87.2,369.6,1.72,23.65,6.05,True,False
2026-09-23 07:05:35,CAT-745-ART-002,1794,33.43,55.9,4456.0,70.8,85.8,385.4,1.85,23.55,6.27,True,False
2026-09-23 07:05:35,CAT-D6-DOZ-008,1721,32.49,55.9,3932.5,72.0,89.1,391.6,1.71,23.78,6.6,True,False
2026-09-23 07:05:35,CAT-980-WLD-005,1757,31.87,55.9,4128.1,72.3,86.6,410.9,1.69,24.65,5.87,True,False
2026-09-23 07:05:40,CAT-320-EXC-014,1794,31.37,55.86,4098.3,71.9,88.9,377.6,1.78,25.74,8.82,True,False
2026-09-23 07:05:40,CAT-745-ART-002,1743,30.49,55.86,4148.1,71.7,86.9,382.5,1.89,23.47,8.43,True,False
2026-09-23 07:05:40,CAT-D6-DOZ-008,1742,31.36,55.86,4200.3,71.9,88.8,363.8,1.72,22.96,8.94,True,False
2026-09-23 07:05:40,CAT-980-WLD-005,1759,30.49,55.86,4145.0,72.1,86.6,381.0,1.66,24.18,9.48,True,False
2026-09-23 07:05:45,CAT-320-EXC-014,1789,31.75,55.81,4015.4,71.5,86.1,363.1,1.62,22.63,9.02,True,False
2026-09-23 07:05:45,CAT-745-ART-002,1778,32.21,55.81,4318.0,71.0,86.3,398.0,1.76,25.0,9.29,True,False
2026-09-23 07:05:45,CAT-D6-DOZ-008,1757,33.6,55.81,4256.8,73.5,88.8,378.9,1.63,22.54,9.05,True,False
2026-09-23 07:05:45,CAT-980-WLD-005,1767,35.09,55.81,3910.6,70.9,85.8,372.1,2.41,22.72,9.13,True,False
2026-09-23 07:05:50,CAT-320-EXC-014,1799,32.52,55.77,4503.7,71.1,87.1,389.3,2.2,24.09,8.63,True,False
2026-09-23 07:05:50,CAT-745-ART-002,1734,31.55,55.77,4373.0,72.0,85.2,372.5,1.65,23.11,8.48,True,False
2026-09-23 07:05:50,CAT-D6-DOZ-008,1762,33.04,55.77,4476.4,72.6,88.2,399.5,2.04,25.24,8.59,True,False
2026-09-23 07:05:50,CAT-980-WLD-005,1741,31.04,55.77,4413.7,70.7,86.9,348.3,2.21,24.1,9.27,True,False
2026-09-23 07:05:55,CAT-320-EXC-014,1748,29.49,55.72,4142.5,72.9,85.5,399.0,1.86,24.17,9.1,True,False
2026-09-23 07:05:55,CAT-745-ART-002,1787,31.13,55.72,3761.7,70.6,85.9,353.5,1.6,22.63,9.35,True,False
2026-09-23 07:05:55,CAT-D6-DOZ-008,1775,32.57,55.72,4555.0,71.5,86.6,391.7,1.67,22.83,9.12,True,False
2026-09-23 07:05:55,CAT-980-WLD-005,1782,31.39,55.72,4215.2,71.1,87.8,361.7,1.71,23.54,8.83,True,False
2026-09-23 07:06:00,CAT-320-EXC-014,2400,32.52,55.67,5350.0,73.2,89.4,382.9,1.87,25.51,8.88,True,False
2026-09-23 07:06:00,CAT-745-ART-002,2400,34.71,55.67,5350.0,71.1,87.0,390.3,1.86,23.93,8.66,True,False
2026-09-23 07:06:00,CAT-D6-DOZ-008,2400,33.34,55.67,5350.0,72.8,88.4,343.4,2.15,23.15,9.0,True,False
2026-09-23 07:06:00,CAT-980-WLD-005,2400,31.9,55.67,5350.0,70.6,87.7,372.0,1.77,23.52,8.83,True,False
2026-09-23 07:06:05,CAT-320-EXC-014,2400,34.38,55.63,5350.0,72.8,86.4,345.5,1.72,23.6,9.72,True,False
2026-09-23 07:06:05,CAT-745-ART-002,2400,33.09,55.63,5350.0,71.6,85.0,377.5,2.02,23.18,9.12,True,False
2026-09-23 07:06:05,CAT-D6-DOZ-008,2400,32.25,55.63,5350.0,73.0,88.8,383.0,1.66,22.76,8.67,True,False
2026-09-23 07:06:05,CAT-980-WLD-005,2400,32.19,55.63,5350.0,72.4,88.9,411.6,2.32,25.87,8.97,True,False
2026-09-23 07:06:10,CAT-320-EXC-014,1778,32.15,55.58,4074.0,69.4,89.8,378.4,1.96,22.84,8.49,True,False
2026-09-23 07:06:10,CAT-745-ART-002,1790,31.88,55.58,4506.8,71.4,88.6,401.1,1.85,24.29,8.88,True,False
2026-09-23 07:06:10,CAT-D6-DOZ-008,1770,31.21,55.58,4177.6,71.7,86.0,385.0,2.09,22.53,8.74,True,False
2026-09-23 07:06:10,CAT-980-WLD-005,1778,33.9,55.58,4263.6,74.2,86.2,380.2,1.96,22.53,9.17,True,False
2026-09-23 07:06:15,CAT-320-EXC-014,1770,31.88,55.54,3973.7,71.9,87.5,412.0,1.71,24.99,8.85,True,False
2026-09-23 07:06:15,CAT-745-ART-002,1752,31.02,55.54,4265.4,72.0,86.5,347.7,2.2,22.59,8.89,True,False
2026-09-23 07:06:15,CAT-D6-DOZ-008,1724,31.66,55.54,4253.4,73.4,86.5,389.5,1.8,22.72,8.66,True,False
2026-09-23 07:06:15,CAT-980-WLD-005,1772,31.12,55.54,4239.1,71.3,87.3,366.1,1.68,25.43,8.97,True,False
2026-09-23 07:06:20,CAT-320-EXC-014,1747,33.85,55.49,4473.8,71.6,86.7,386.4,2.3,26.8,8.68,True,False
2026-09-23 07:06:20,CAT-745-ART-002,1768,35.21,55.49,4364.4,71.9,86.5,408.4,2.15,22.86,8.67,True,False
2026-09-23 07:06:20,CAT-D6-DOZ-008,1793,33.05,55.49,3920.6,71.5,87.7,376.7,1.87,24.57,9.21,True,False
2026-09-23 07:06:20,CAT-980-WLD-005,1739,33.48,55.49,4192.5,70.0,88.0,392.9,1.91,24.45,9.13,True,False
2026-09-23 07:06:25,CAT-320-EXC-014,1767,31.93,55.45,4233.7,73.9,87.1,397.9,1.73,25.71,9.11,True,False
2026-09-23 07:06:25,CAT-745-ART-002,1775,31.29,55.45,4192.7,73.3,87.8,378.7,2.1,24.07,8.44,True,False
2026-09-23 07:06:25,CAT-D6-DOZ-008,1798,33.1,55.45,4227.5,72.4,88.3,371.1,1.61,23.84,8.86,True,False
2026-09-23 07:06:25,CAT-980-WLD-005,1800,30.2,55.45,4198.1,73.3,87.3,369.6,2.17,26.01,9.39,True,False
2026-09-23 07:06:30,CAT-320-EXC-014,868,8.51,55.4,537.6,71.2,89.0,224.8,0.11,26.26,0.0,True,False
2026-09-23 07:06:30,CAT-745-ART-002,910,6.75,55.4,633.8,72.8,85.7,231.6,0.14,22.03,0.0,True,False
2026-09-23 07:06:30,CAT-D6-DOZ-008,931,7.03,55.4,944.8,72.9,84.5,247.3,0.41,24.13,0.33,True,False
2026-09-23 07:06:30,CAT-980-WLD-005,875,9.06,55.4,785.7,71.8,86.6,205.5,0.38,24.13,0.38,True,False
2026-09-23 07:06:35,CAT-320-EXC-014,905,6.16,55.35,675.2,71.9,85.8,222.0,0.03,24.67,0.0,True,False
2026-09-23 07:06:35,CAT-745-ART-002,876,6.73,55.35,540.5,72.2,86.8,181.5,0.04,23.54,0.0,True,False
2026-09-23 07:06:35,CAT-D6-DOZ-008,830,5.13,55.35,613.7,72.7,86.0,246.9,0.42,24.06,0.0,True,False
2026-09-23 07:06:35,CAT-980-WLD-005,907,5.13,55.35,521.8,73.3,85.9,234.0,0.53,22.21,0.08,True,False
2026-09-23 07:06:40,CAT-320-EXC-014,839,6.01,55.31,869.4,73.3,87.2,209.1,0.67,21.19,0.26,True,False
2026-09-23 07:06:40,CAT-745-ART-002,879,7.48,55.31,475.3,73.2,87.2,203.1,0.11,24.24,0.0,True,False
2026-09-23 07:06:40,CAT-D6-DOZ-008,838,5.84,55.31,1038.0,71.7,89.9,191.8,0.42,21.54,0.0,True,False
2026-09-23 07:06:40,CAT-980-WLD-005,921,3.98,55.31,536.9,71.2,87.0,253.7,0.47,23.54,0.02,True,False
2026-09-23 07:06:45,CAT-320-EXC-014,849,6.68,55.26,586.7,72.0,88.7,215.5,0.03,22.97,0.0,True,False
2026-09-23 07:06:45,CAT-745-ART-002,853,4.82,55.26,722.5,71.8,86.6,205.4,0.07,24.31,0.0,True,False
2026-09-23 07:06:45,CAT-D6-DOZ-008,862,6.49,55.26,517.8,71.9,87.1,227.3,0.37,21.09,0.0,True,False
2026-09-23 07:06:45,CAT-980-WLD-005,869,7.16,55.26,906.0,73.7,87.7,235.3,0.07,23.97,0.0,True,False
2026-09-23 07:06:50,CAT-320-EXC-014,905,7.2,55.22,648.2,72.5,88.6,232.0,0.15,23.59,0.0,True,False
2026-09-23 07:06:50,CAT-745-ART-002,865,3.27,55.22,235.8,73.3,88.3,243.2,0.44,23.29,0.09,True,False
2026-09-23 07:06:50,CAT-D6-DOZ-008,881,7.98,55.22,496.6,71.7,87.4,233.9,0.03,24.0,0.31,True,False
2026-09-23 07:06:50,CAT-980-WLD-005,847,5.98,55.22,649.4,72.6,88.2,250.0,0.2,24.95,0.0,True,False
2026-09-23 07:06:55,CAT-320-EXC-014,849,8.4,55.17,810.4,73.0,87.7,224.6,0.38,23.11,0.4,True,False
2026-09-23 07:06:55,CAT-745-ART-002,910,5.1,55.17,533.3,72.4,86.6,191.2,0.42,24.1,0.09,True,False
2026-09-23 07:06:55,CAT-D6-DOZ-008,875,6.0,55.17,567.5,71.0,87.1,231.6,0.05,22.2,0.0,True,False
2026-09-23 07:06:55,CAT-980-WLD-005,870,5.17,55.17,1049.1,70.0,88.3,233.7,0.01,25.53,0.0,True,False
2026-09-23 07:07:00,CAT-320-EXC-014,1240,7.22,55.12,395.5,73.2,87.3,383.5,8.04,23.87,0.13,True,False
2026-09-23 07:07:00,CAT-745-ART-002,1281,5.59,55.12,737.5,72.2,87.7,392.3,7.66,26.08,0.0,True,False
2026-09-23 07:07:00,CAT-D6-DOZ-008,1246,7.51,55.12,583.6,71.8,86.7,377.9,8.07,26.34,0.4,True,False
2026-09-23 07:07:00,CAT-980-WLD-005,1240,6.43,55.12,850.0,72.7,88.4,365.0,8.05,26.37,0.4,True,False
2026-09-23 07:07:05,CAT-320-EXC-014,1250,5.85,55.08,619.8,72.9,87.9,394.8,8.36,21.97,0.33,True,False
2026-09-23 07:07:05,CAT-745-ART-002,1226,7.99,55.08,628.8,71.6,87.5,389.7,7.55,23.95,0.0,True,False
2026-09-23 07:07:05,CAT-D6-DOZ-008,1236,5.23,55.08,284.7,72.9,88.8,362.2,8.24,23.92,0.0,True,False
2026-09-23 07:07:05,CAT-980-WLD-005,1276,5.63,55.08,696.1,72.6,86.8,348.8,7.67,23.02,0.4,True,False
2026-09-23 07:07:10,CAT-320-EXC-014,1251,7.3,55.03,728.8,71.8,88.1,395.3,7.69,27.49,0.0,True,False
2026-09-23 07:07:10,CAT-745-ART-002,1298,5.62,55.03,625.8,72.7,88.4,379.4,7.97,24.28,0.27,True,False
2026-09-23 07:07:10,CAT-D6-DOZ-008,1255,6.83,55.03,200.0,70.8,86.3,382.5,7.5,23.68,0.0,True,False
2026-09-23 07:07:10,CAT-980-WLD-005,1238,4.99,55.03,575.9,72.3,86.4,372.4,7.66,26.68,0.0,True,False
2026-09-23 07:07:15,CAT-320-EXC-014,888,5.46,54.99,277.1,72.3,87.9,246.4,0.08,26.3,0.0,True,False
2026-09-23 07:07:15,CAT-745-ART-002,917,6.61,54.99,441.9,70.4,86.0,238.9,0.06,24.75,0.0,True,False
2026-09-23 07:07:15,CAT-D6-DOZ-008,883,6.92,54.99,660.4,72.5,89.0,236.4,0.27,22.51,0.0,True,False
2026-09-23 07:07:15,CAT-980-WLD-005,849,7.37,54.99,542.4,72.6,87.6,228.8,0.06,22.87,0.07,True,False
2026-09-23 07:07:20,CAT-320-EXC-014,885,7.8,54.94,502.9,71.5,89.9,250.2,0.68,25.5,0.0,True,False
2026-09-23 07:07:20,CAT-745-ART-002,918,5.02,54.94,796.7,74.4,86.9,207.6,0.68,21.53,0.0,True,False
2026-09-23 07:07:20,CAT-D6-DOZ-008,901,7.49,54.94,737.6,71.7,87.9,218.3,0.44,24.73,0.0,True,False
2026-09-23 07:07:20,CAT-980-WLD-005,877,5.82,54.94,549.3,71.2,86.2,234.9,0.41,23.16,0.0,True,False
2026-09-23 07:07:25,CAT-320-EXC-014,870,5.78,54.9,504.9,71.6,86.9,236.7,0.52,25.17,0.0,True,False
2026-09-23 07:07:25,CAT-745-ART-002,917,7.03,54.9,551.9,72.3,86.3,236.7,0.29,23.8,0.0,True,False
2026-09-23 07:07:25,CAT-D6-DOZ-008,899,5.56,54.9,679.3,68.5,89.1,192.6,0.58,23.25,0.0,True,False
2026-09-23 07:07:25,CAT-980-WLD-005,890,6.27,54.9,563.5,72.0,88.0,223.7,0.02,20.61,0.0,True,False
2026-09-23 07:07:30,CAT-320-EXC-014,1768,32.82,54.85,4562.8,73.3,88.2,391.8,2.23,22.37,5.78,True,False
2026-09-23 07:07:30,CAT-745-ART-002,1765,32.17,54.85,4212.5,72.2,88.4,372.7,1.98,24.27,5.07,True,False
2026-09-23 07:07:30,CAT-D6-DOZ-008,1777,31.14,54.85,4007.5,71.6,87.9,380.5,1.87,26.27,5.37,True,False
2026-09-23 07:07:30,CAT-980-WLD-005,1765,33.8,54.85,4230.9,72.2,89.2,359.0,2.05,24.15,5.04,True,False
2026-09-23 07:07:35,CAT-320-EXC-014,1745,32.68,54.8,4192.4,71.9,88.6,375.4,2.23,26.16,6.24,True,False
2026-09-23 07:07:35,CAT-745-ART-002,1754,32.93,54.8,4443.1,71.9,86.6,381.9,1.77,23.38,6.7,True,False
2026-09-23 07:07:35,CAT-D6-DOZ-008,1764,29.77,54.8,4164.1,73.8,90.8,382.2,2.66,23.73,6.73,True,False
2026-09-23 07:07:35,CAT-980-WLD-005,1772,31.72,54.8,4325.9,71.0,87.4,358.4,1.92,24.03,6.44,True,False
2026-09-23 07:07:40,CAT-320-EXC-014,1778,30.63,54.76,4032.3,69.8,87.1,383.9,2.03,24.15,7.78,True,False
2026-09-23 07:07:40,CAT-745-ART-002,1765,33.39,54.76,4197.6,72.6,86.3,360.0,2.34,24.54,7.54,True,False
2026-09-23 07:07:40,CAT-D6-DOZ-008,1757,32.87,54.76,3987.9,72.9,87.9,379.2,1.95,25.0,7.95,True,False
2026-09-23 07:07:40,CAT-980-WLD-005,1745,33.57,54.76,4095.7,72.4,86.5,379.4,1.61,24.43,7.61,True,False
2026-09-23 07:07:45,CAT-320-EXC-014,1755,32.13,54.71,4086.0,72.5,86.9,372.0,2.19,22.21,8.21,True,False
2026-09-23 07:07:45,CAT-745-ART-002,1735,30.32,54.71,4473.3,72.5,87.7,399.9,2.03,21.93,8.49,True,False
2026-09-23 07:07:45,CAT-D6-DOZ-008,1742,32.38,54.71,4093.2,72.5,87.8,379.3,2.04,21.2,8.32,True,False
2026-09-23 07:07:45,CAT-980-WLD-005,1746,31.99,54.71,4346.8,73.6,86.0,397.2,2.34,24.49,8.17,True,False
2026-09-23 07:07:50,CAT-320-EXC-014,1755,32.14,54.67,4343.0,71.4,87.1,382.3,1.79,22.78,8.9,True,False
2026-09-23 07:07:50,CAT-745-ART-002,1781,32.86,54.67,4229.2,71.2,87.6,401.4,1.92,24.86,8.83,True,False
2026-09-23 07:07:50,CAT-D6-DOZ-008,1756,32.02,54.67,4494.2,71.3,87.6,383.5,1.82,22.14,8.81,True,False
2026-09-23 07:07:50,CAT-980-WLD-005,1722,33.28,54.67,4418.7,72.3,85.6,409.3,1.65,24.09,8.8,True,False
2026-09-23 07:07:55,CAT-320-EXC-014,1746,32.46,54.62,4104.7,72.5,90.0,368.5,1.94,25.45,9.15,True,False
2026-09-23 07:07:55,CAT-745-ART-002,1769,34.45,54.62,4391.3,72.8,87.8,376.6,1.93,24.44,9.41,True,False
2026-09-23 07:07:55,CAT-D6-DOZ-008,1734,32.66,54.62,4073.9,71.6,86.3,398.3,2.38,22.69,8.94,True,False
2026-09-23 07:07:55,CAT-980-WLD-005,1780,31.57,54.62,4260.4,73.6,87.3,372.3,1.94,24.64,9.46,True,False
2026-09-23 07:08:00,CAT-320-EXC-014,1707,31.59,54.57,4402.3,71.4,88.6,380.9,2.11,23.27,9.64,True,False
2026-09-23 07:08:00,CAT-745-ART-002,1744,32.65,54.57,4038.6,71.7,86.8,387.3,2.33,24.67,9.45,True,False
2026-09-23 07:08:00,CAT-D6-DOZ-008,1702,33.16,54.57,4314.6,73.1,85.2,407.0,1.65,25.07,9.18,True,False
2026-09-23 07:08:00,CAT-980-WLD-005,1784,31.71,54.57,4118.1,72.9,85.2,389.0,1.78,24.82,9.5,True,False
2026-09-23 07:08:05,CAT-320-EXC-014,1773,32.29,54.53,4496.6,72.1,87.3,401.2,1.97,22.65,9.52,True,False
2026-09-23 07:08:05,CAT-745-ART-002,1746,33.67,54.53,4479.7,70.1,85.6,385.0,2.2,23.81,9.51,True,False
2026-09-23 07:08:05,CAT-D6-DOZ-008,1753,34.61,54.53,4514.4,71.0,86.4,364.9,1.66,23.08,9.43,True,False
2026-09-23 07:08:05,CAT-980-WLD-005,1804,31.3,54.53,4495.6,69.7,87.7,374.2,1.91,23.74,9.27,True,False
2026-09-23 07:08:10,CAT-320-EXC-014,1734,32.71,54.48,4232.0,73.6,89.2,375.5,2.37,24.04,8.55,True,False
2026-09-23 07:08:10,CAT-745-ART-002,1744,32.38,54.48,4035.0,72.1,87.7,362.8,1.93,23.41,8.46,True,False
2026-09-23 07:08:10,CAT-D6-DOZ-008,1748,30.23,54.48,3678.2,72.7,88.1,367.2,2.27,23.23,8.87,True,False
2026-09-23 07:08:10,CAT-980-WLD-005,1767,31.35,54.48,3819.9,73.8,87.4,356.1,1.93,25.24,8.74,True,False
2026-09-23 07:08:15,CAT-320-EXC-014,1727,33.18,54.44,4210.3,71.7,86.6,372.2,1.69,24.83,7.72,True,False
2026-09-23 07:08:15,CAT-745-ART-002,1775,33.51,54.44,4193.4,71.2,87.9,371.5,2.1,25.76,8.05,True,False
2026-09-23 07:08:15,CAT-D6-DOZ-008,1762,33.75,54.44,4476.5,72.2,87.5,371.3,1.71,25.34,7.89,True,False
2026-09-23 07:08:15,CAT-980-WLD-005,1767,33.05,54.44,4092.6,73.1,86.8,410.3,1.71,22.65,8.19,True,False
2026-09-23 07:08:20,CAT-320-EXC-014,1761,30.74,54.39,4129.6,71.8,88.6,377.2,2.56,25.89,7.08,True,False
2026-09-23 07:08:20,CAT-745-ART-002,1735,32.84,54.39,4227.8,70.5,88.5,354.1,2.05,23.2,7.06,True,False
2026-09-23 07:08:20,CAT-D6-DOZ-008,1778,33.81,54.39,4218.8,72.9,88.2,380.9,1.9,23.17,6.8,True,False
2026-09-23 07:08:20,CAT-980-WLD-005,1752,31.77,54.39,4113.8,73.3,88.1,378.1,2.05,24.71,7.05,True,False
2026-09-23 07:08:25,CAT-320-EXC-014,1766,32.78,54.34,4193.6,72.6,88.1,369.5,1.61,24.6,5.55,True,False
2026-09-23 07:08:25,CAT-745-ART-002,1773,32.7,54.34,4364.0,72.5,88.6,362.8,1.85,24.16,5.51,True,False
2026-09-23 07:08:25,CAT-D6-DOZ-008,1740,31.53,54.34,4361.5,72.7,86.9,375.3,1.92,22.81,5.97,True,False
2026-09-23 07:08:25,CAT-980-WLD-005,1741,32.22,54.34,4392.0,73.4,88.5,387.1,2.03,22.25,5.43,True,False
2026-09-23 07:08:30,CAT-320-EXC-014,1747,33.76,54.3,4173.8,71.0,86.2,357.8,2.21,24.2,8.86,True,False
2026-09-23 07:08:30,CAT-745-ART-002,1773,32.88,54.3,4217.2,70.8,88.4,355.8,1.8,23.45,8.81,True,False
2026-09-23 07:08:30,CAT-D6-DOZ-008,1731,31.14,54.3,4339.6,72.2,88.0,363.7,1.84,25.11,8.56,True,False
2026-09-23 07:08:30,CAT-980-WLD-005,1746,33.94,54.3,4216.0,73.2,87.7,355.6,1.8,25.15,9.12,True,False
2026-09-23 07:08:35,CAT-320-EXC-014,1781,32.21,54.25,4152.6,71.2,87.2,369.7,1.97,22.27,8.52,True,False
2026-09-23 07:08:35,CAT-745-ART-002,1761,31.22,54.25,4226.7,73.7,87.7,369.0,2.07,23.36,9.02,True,False
2026-09-23 07:08:35,CAT-D6-DOZ-008,1726,32.36,54.25,4409.6,73.9,89.2,343.2,1.78,22.71,8.73,True,False
2026-09-23 07:08:35,CAT-980-WLD-005,1745,32.82,54.25,4283.9,71.9,86.5,411.0,1.77,24.64,8.37,True,False
2026-09-23 07:08:40,CAT-320-EXC-014,1762,32.36,54.21,4009.8,73.9,86.5,360.5,1.61,24.7,8.89,True,False
2026-09-23 07:08:40,CAT-745-ART-002,1740,32.54,54.21,4147.2,72.4,87.3,388.0,1.71,21.11,9.27,True,False
2026-09-23 07:08:40,CAT-D6-DOZ-008,1735,32.55,54.21,4464.7,73.7,87.6,418.1,1.94,25.23,9.16,True,False
2026-09-23 07:08:40,CAT-980-WLD-005,1764,31.49,54.21,4509.3,71.6,86.6,347.5,1.81,25.11,9.7,True,False
2026-09-23 07:08:45,CAT-320-EXC-014,1770,31.69,54.16,4288.7,73.5,88.9,357.9,2.52,23.66,9.03,True,False
2026-09-23 07:08:45,CAT-745-ART-002,1750,32.93,54.16,4273.8,70.9,86.0,358.8,1.87,24.26,9.28,True,False
2026-09-23 07:08:45,CAT-D6-DOZ-008,1742,33.3,54.16,4280.3,73.3,86.2,361.5,2.23,23.36,8.78,True,False
2026-09-23 07:08:45,CAT-980-WLD-005,1737,32.97,54.16,4207.3,72.7,86.8,372.0,1.64,22.29,8.96,True,False
2026-09-23 07:08:50,CAT-320-EXC-014,1772,32.24,54.12,4170.5,71.7,87.6,388.3,1.98,22.8,8.71,True,False
2026-09-23 07:08:50,CAT-745-ART-002,1778,30.51,54.12,4266.3,73.1,86.9,389.3,1.69,22.78,8.45,True,False
2026-09-23 07:08:50,CAT-D6-DOZ-008,1757,30.64,54.12,4225.4,72.4,89.3,367.5,2.35,23.65,8.92,True,False
2026-09-23 07:08:50,CAT-980-WLD-005,1735,32.41,54.12,4071.6,72.8,86.4,374.6,1.64,24.01,8.83,True,False
2026-09-23 07:08:55,CAT-320-EXC-014,1781,31.24,54.07,4244.7,72.4,89.3,365.2,1.61,25.2,9.16,True,False
2026-09-23 07:08:55,CAT-745-ART-002,1736,31.51,54.07,4502.6,70.7,87.1,351.9,2.13,23.33,9.06,True,False
2026-09-23 07:08:55,CAT-D6-DOZ-008,1776,32.34,54.07,4496.9,70.9,87.2,364.9,1.93,22.6,8.84,True,False
2026-09-23 07:08:55,CAT-980-WLD-005,1803,31.52,54.07,4502.1,71.2,87.6,408.5,1.61,23.5,8.17,True,False
2026-09-23 07:09:00,CAT-320-EXC-014,1796,31.78,54.02,4241.8,72.0,87.1,415.0,1.74,25.32,9.26,True,False
2026-09-23 07:09:00,CAT-745-ART-002,1763,33.02,54.02,4295.6,73.3,87.3,379.3,1.94,22.57,9.45,True,False
2026-09-23 07:09:00,CAT-D6-DOZ-008,1783,32.84,54.02,4130.5,72.1,86.8,410.4,2.13,24.74,8.7,True,False
2026-09-23 07:09:00,CAT-980-WLD-005,1747,32.1,54.02,4164.1,72.5,86.0,373.8,1.69,23.84,8.82,True,False
2026-09-23 07:09:05,CAT-320-EXC-014,1793,32.25,53.98,4286.4,71.2,88.2,386.8,1.83,22.38,8.56,True,False
2026-09-23 07:09:05,CAT-745-ART-002,1731,33.73,53.98,4190.6,72.0,89.0,393.4,1.71,23.79,8.67,True,False
2026-09-23 07:09:05,CAT-D6-DOZ-008,1783,31.49,53.98,4278.5,71.2,87.3,388.0,2.2,25.26,8.57,True,False
2026-09-23 07:09:05,CAT-980-WLD-005,1765,33.34,53.98,4334.8,72.6,87.8,375.7,2.49,21.7,8.92,True,False
2026-09-23 07:09:10,CAT-320-EXC-014,1729,33.08,53.93,4192.2,71.6,86.3,391.5,1.86,24.03,8.66,True,False
2026-09-23 07:09:10,CAT-745-ART-002,1750,31.86,53.93,4207.5,74.1,86.6,366.8,2.27,24.38,9.67,True,False
2026-09-23 07:09:10,CAT-D6-DOZ-008,1764,30.39,53.93,4311.2,72.1,87.5,383.7,1.69,23.82,9.03,True,False
2026-09-23 07:09:10,CAT-980-WLD-005,1788,31.49,53.93,4388.8,71.6,89.4,332.9,1.61,23.47,9.31,True,False
2026-09-23 07:09:15,CAT-320-EXC-014,1742,32.35,53.89,4372.1,71.8,87.1,379.3,1.88,23.99,9.29,True,False
2026-09-23 07:09:15,CAT-745-ART-002,1785,31.45,53.89,4497.6,72.9,89.9,393.8,1.84,23.31,8.77,True,False
2026-09-23 07:09:15,CAT-D6-DOZ-008,1791,31.86,53.89,4352.3,73.5,88.7,390.5,2.74,25.16,8.49,True,False
2026-09-23 07:09:15,CAT-980-WLD-005,1763,33.36,53.89,4186.5,73.7,88.2,390.3,1.61,26.0,8.47,True,False
2026-09-23 07:09:20,CAT-320-EXC-014,867,5.59,53.84,697.6,72.6,89.6,221.0,0.2,23.07,0.17,True,False
2026-09-23 07:09:20,CAT-745-ART-002,852,6.43,53.84,681.7,73.6,88.3,225.6,0.71,22.25,0.31,True,False
2026-09-23 07:09:20,CAT-D6-DOZ-008,904,6.49,53.84,676.7,73.1,86.0,239.8,0.25,25.83,0.07,True,False
2026-09-23 07:09:20,CAT-980-WLD-005,899,6.47,53.84,556.4,72.9,88.8,223.0,0.52,23.68,0.02,True,False
2026-09-23 07:09:25,CAT-320-EXC-014,911,6.04,53.79,448.5,73.0,86.0,229.4,0.29,21.67,0.25,True,False
2026-09-23 07:09:25,CAT-745-ART-002,866,8.7,53.79,521.9,73.5,86.4,210.4,0.18,20.37,0.38,True,False
2026-09-23 07:09:25,CAT-D6-DOZ-008,889,4.43,53.79,914.8,71.8,87.4,226.0,0.04,24.69,0.0,True,False
2026-09-23 07:09:25,CAT-980-WLD-005,898,5.16,53.79,221.4,70.4,87.9,208.6,0.35,22.23,0.0,True,False
2026-09-23 07:09:30,CAT-320-EXC-014,875,5.69,53.75,640.2,73.7,88.2,220.6,0.54,23.24,0.1,True,False
2026-09-23 07:09:30,CAT-745-ART-002,874,6.26,53.75,655.2,72.3,87.1,217.1,0.07,22.14,0.13,True,False
2026-09-23 07:09:30,CAT-D6-DOZ-008,873,4.88,53.75,844.6,72.2,87.0,254.6,0.13,24.4,0.0,True,False
2026-09-23 07:09:30,CAT-980-WLD-005,865,5.99,53.75,729.0,73.1,86.7,221.8,0.59,27.05,0.27,True,False
2026-09-23 07:09:35,CAT-320-EXC-014,862,6.7,53.7,744.1,72.8,88.2,232.4,0.06,23.28,0.0,True,False
2026-09-23 07:09:35,CAT-745-ART-002,876,6.89,53.7,494.3,73.0,88.4,237.2,0.03,23.29,0.0,True,False
2026-09-23 07:09:35,CAT-D6-DOZ-008,845,5.55,53.7,797.9,74.3,86.3,234.9,0.16,21.54,0.31,True,False
2026-09-23 07:09:35,CAT-980-WLD-005,894,7.63,53.7,1051.3,73.6,89.7,234.5,0.2,22.59,0.4,True,False
2026-09-23 07:09:40,CAT-320-EXC-014,902,7.78,53.66,651.2,73.2,86.1,236.0,0.0,23.72,0.07,True,False
2026-09-23 07:09:40,CAT-745-ART-002,886,7.44,53.66,640.7,72.2,87.2,229.8,0.51,22.76,0.0,True,False
2026-09-23 07:09:40,CAT-D6-DOZ-008,853,6.33,53.66,705.7,72.0,87.1,221.2,0.38,22.94,0.21,True,False
2026-09-23 07:09:40,CAT-980-WLD-005,882,6.85,53.66,554.3,72.7,87.7,203.2,0.09,22.43,0.09,True,False
2026-09-23 07:09:45,CAT-320-EXC-014,1226,5.64,53.61,989.5,71.5,88.0,398.9,8.02,23.92,0.0,True,False
2026-09-23 07:09:45,CAT-745-ART-002,1263,6.88,53.61,557.4,71.2,87.6,379.7,8.36,23.1,0.0,True,False
2026-09-23 07:09:45,CAT-D6-DOZ-008,1254,4.29,53.61,720.8,72.2,89.0,369.2,7.75,24.21,0.0,True,False
2026-09-23 07:09:45,CAT-980-WLD-005,1258,7.44,53.61,409.5,72.9,89.1,395.4,7.58,24.05,0.31,True,False
2026-09-23 07:09:50,CAT-320-EXC-014,1266,6.9,53.56,227.9,71.8,88.2,355.3,8.01,22.95,0.0,True,False
2026-09-23 07:09:50,CAT-745-ART-002,1229,6.58,53.56,606.4,72.6,86.8,394.6,7.79,22.33,0.0,True,False
2026-09-23 07:09:50,CAT-D6-DOZ-008,1229,6.04,53.56,236.9,72.7,86.9,400.4,7.82,23.46,0.16,True,False
2026-09-23 07:09:50,CAT-980-WLD-005,1234,6.32,53.56,631.0,73.1,87.9,372.2,7.62,23.66,0.0,True,False
2026-09-23 07:09:55,CAT-320-EXC-014,1255,5.61,53.52,510.1,72.6,87.7,392.7,7.65,23.66,0.06,True,False
2026-09-23 07:09:55,CAT-745-ART-002,1291,5.54,53.52,702.9,73.3,87.5,388.5,8.01,25.04,0.3,True,False
2026-09-23 07:09:55,CAT-D6-DOZ-008,1266,5.98,53.52,774.7,73.6,87.2,370.6,8.07,24.41,0.09,True,False
2026-09-23 07:09:55,CAT-980-WLD-005,1279,6.08,53.52,679.0,72.1,85.7,388.3,8.3,25.02,0.0,True,False
2026-09-23 07:10:00,CAT-320-EXC-014,865,3.39,53.47,365.3,71.4,86.9,253.8,0.11,23.53,0.0,True,False
2026-09-23 07:10:00,CAT-745-ART-002,911,6.22,53.47,668.6,72.8,86.8,181.7,0.11,23.39,0.2,True,False
2026-09-23 07:10:00,CAT-D6-DOZ-008,951,6.89,53.47,652.7,73.3,87.8,227.8,0.13,24.49,0.21,True,False
2026-09-23 07:10:00,CAT-980-WLD-005,876,6.95,53.47,584.5,73.1,86.6,237.7,0.22,24.84,0.0,True,False
2026-09-23 07:10:05,CAT-320-EXC-014,849,7.4,53.43,745.0,70.4,87.6,209.8,0.48,25.65,0.2,True,False
2026-09-23 07:10:05,CAT-745-ART-002,895,6.45,53.43,792.8,72.4,87.5,199.5,0.45,23.15,0.03,True,False
2026-09-23 07:10:05,CAT-D6-DOZ-008,914,6.83,53.43,533.9,73.4,88.3,235.7,0.44,26.18,0.14,True,False
2026-09-23 07:10:05,CAT-980-WLD-005,876,5.3,53.43,625.1,71.4,86.3,231.7,0.51,22.83,0.18,True,False
2026-09-23 07:10:10,CAT-320-EXC-014,894,6.27,53.38,434.6,73.9,88.1,194.7,0.28,23.91,0.0,True,False
2026-09-23 07:10:10,CAT-745-ART-002,907,7.26,53.38,768.3,71.8,87.2,225.2,0.09,23.95,0.4,True,False
2026-09-23 07:10:10,CAT-D6-DOZ-008,895,6.31,53.38,743.8,71.1,86.2,217.4,0.68,23.76,0.17,True,False
2026-09-23 07:10:10,CAT-980-WLD-005,866,6.54,53.38,641.3,72.7,85.6,214.1,0.03,23.32,0.18,True,False
2026-09-23 07:10:15,CAT-320-EXC-014,876,7.15,53.34,733.7,71.1,87.8,262.3,0.54,25.66,0.0,True,False
2026-09-23 07:10:15,CAT-745-ART-002,862,7.31,53.34,860.6,73.9,86.6,217.8,0.34,25.45,0.0,True,False
2026-09-23 07:10:15,CAT-D6-DOZ-008,860,6.86,53.34,887.8,71.9,86.6,224.3,0.17,23.92,0.23,True,False
2026-09-23 07:10:15,CAT-980-WLD-005,888,7.55,53.34,717.7,71.9,87.8,232.6,0.57,24.8,0.09,True,False
2026-09-23 07:10:20,CAT-320-EXC-014,1810,31.01,53.29,4092.8,74.2,87.2,369.4,1.72,22.13,6.2,True,False
2026-09-23 07:10:20,CAT-745-ART-002,1778,32.3,53.29,4423.5,73.6,87.5,369.8,2.01,24.46,5.69,True,False
2026-09-23 07:10:20,CAT-D6-DOZ-008,1793,29.84,53.29,4399.0,72.7,87.6,386.2,2.36,23.38,5.63,True,False
2026-09-23 07:10:20,CAT-980-WLD-005,1759,33.5,53.29,3937.0,73.6,85.3,353.5,2.38,25.68,5.49,True,False
2026-09-23 07:10:25,CAT-320-EXC-014,1760,30.85,53.24,4245.5,73.8,87.2,383.5,2.4,23.47,6.79,True,False
2026-09-23 07:10:25,CAT-745-ART-002,1785,31.4,53.24,4549.1,73.2,88.6,347.1,1.84,24.67,7.17,True,False
2026-09-23 07:10:25,CAT-D6-DOZ-008,1712,33.37,53.24,4022.5,73.6,87.2,397.1,1.88,22.25,7.3,True,False
2026-09-23 07:10:25,CAT-980-WLD-005,1765,30.73,53.24,4137.6,71.6,88.5,374.7,2.16,24.76,6.9,True,False
2026-09-23 07:10:30,CAT-320-EXC-014,1727,32.36,53.2,4017.5,72.6,86.2,385.5,1.73,23.48,8.13,True,False
2026-09-23 07:10:30,CAT-745-ART-002,1792,34.12,53.2,4078.0,73.2,86.7,399.1,2.26,25.23,7.66,True,False
2026-09-23 07:10:30,CAT-D6-DOZ-008,1769,32.21,53.2,4302.7,72.0,87.5,360.0,1.85,24.6,7.96,True,False
2026-09-23 07:10:30,CAT-980-WLD-005,1745,31.6,53.2,3886.6,74.3,87.1,404.8,1.85,21.51,7.58,True,False
2026-09-23 07:10:35,CAT-320-EXC-014,1742,32.7,53.15,3770.6,71.3,87.3,392.2,2.04,22.42,9.06,True,False
2026-09-23 07:10:35,CAT-745-ART-002,1751,28.49,53.15,4172.3,71.8,88.9,374.8,2.36,26.38,9.01,True,False
2026-09-23 07:10:35,CAT-D6-DOZ-008,1781,32.83,53.15,3968.4,72.8,88.8,400.8,1.78,23.51,8.37,True,False
2026-09-23 07:10:35,CAT-980-WLD-005,1761,34.11,53.15,4171.1,73.3,89.3,383.3,1.82,23.05,8.26,True,False
2026-09-23 07:10:40,CAT-320-EXC-014,1757,31.65,53.11,4384.8,70.3,87.0,394.0,1.68,23.03,8.77,True,False
2026-09-23 07:10:40,CAT-745-ART-002,1762,31.63,53.11,4014.7,73.7,88.0,344.7,1.97,24.81,9.08,True,False
2026-09-23 07:10:40,CAT-D6-DOZ-008,1750,31.41,53.11,3978.9,74.2,88.3,382.8,1.83,24.92,9.35,True,False
2026-09-23 07:10:40,CAT-980-WLD-005,1735,30.4,53.11,4358.4,70.9,87.5,389.3,1.77,25.67,9.06,True,False
2026-09-23 07:10:45,CAT-320-EXC-014,1750,33.38,53.06,4428.9,71.4,86.9,391.5,1.78,22.33,9.55,True,False
2026-09-23 07:10:45,CAT-745-ART-002,1769,32.92,53.06,3900.9,70.8,88.8,402.8,1.89,22.16,9.12,True,False
2026-09-23 07:10:45,CAT-D6-DOZ-008,1764,30.68,53.06,4063.4,73.1,86.2,367.5,2.06,25.0,9.46,True,False
2026-09-23 07:10:45,CAT-980-WLD-005,1731,31.98,53.06,4291.6,74.2,87.4,396.9,1.63,23.3,9.71,True,False
2026-09-23 07:10:50,CAT-320-EXC-014,1784,32.93,53.01,4405.4,72.6,87.4,378.4,1.85,22.95,9.03,True,False
2026-09-23 07:10:50,CAT-745-ART-002,1718,30.24,53.01,4367.6,74.2,88.7,381.6,1.81,22.84,9.65,True,False
2026-09-23 07:10:50,CAT-D6-DOZ-008,1788,31.51,53.01,4030.3,72.1,87.5,368.0,1.89,23.38,9.39,True,False
2026-09-23 07:10:50,CAT-980-WLD-005,1801,30.2,53.01,4087.7,74.1,87.9,361.6,1.76,23.12,9.18,True,False
2026-09-23 07:10:55,CAT-320-EXC-014,1708,32.62,52.97,4046.1,74.4,88.3,393.0,1.68,24.79,8.66,True,False
2026-09-23 07:10:55,CAT-745-ART-002,1709,34.14,52.97,4522.7,71.9,87.3,436.2,1.69,23.24,8.54,True,False
2026-09-23 07:10:55,CAT-D6-DOZ-008,1723,33.37,52.97,4205.6,71.0,88.0,416.0,1.65,25.05,8.89,True,False
2026-09-23 07:10:55,CAT-980-WLD-005,1746,30.56,52.97,4087.6,72.3,87.5,403.2,1.87,23.4,9.0,True,False
2026-09-23 07:11:00,CAT-320-EXC-014,1768,33.39,52.92,3737.5,71.7,86.7,356.8,2.4,25.47,8.58,True,False
2026-09-23 07:11:00,CAT-745-ART-002,1746,32.82,52.92,4200.8,72.5,88.6,385.9,1.99,22.65,8.03,True,False
2026-09-23 07:11:00,CAT-D6-DOZ-008,1758,30.34,52.92,4449.3,70.5,89.2,352.9,2.17,24.44,8.54,True,False
2026-09-23 07:11:00,CAT-980-WLD-005,1759,31.91,52.92,4117.6,74.0,88.5,355.2,1.84,23.79,8.45,True,False
2026-09-23 07:11:05,CAT-320-EXC-014,1757,31.18,52.88,4280.3,73.4,87.2,359.3,1.77,24.18,7.41,True,False
2026-09-23 07:11:05,CAT-745-ART-002,1797,31.75,52.88,4117.5,70.4,87.6,370.9,1.71,23.6,7.75,True,False
2026-09-23 07:11:05,CAT-D6-DOZ-008,1762,32.7,52.88,4501.1,73.4,87.7,393.0,1.78,24.24,7.32,True,False
2026-09-23 07:11:05,CAT-980-WLD-005,1736,30.93,52.88,4315.4,72.6,87.1,376.4,1.85,24.73,7.13,True,False
2026-09-23 07:11:10,CAT-320-EXC-014,1775,31.28,52.83,4266.2,72.3,88.6,374.9,1.78,24.62,6.02,True,False
2026-09-23 07:11:10,CAT-745-ART-002,1769,32.7,52.83,4314.3,73.1,87.9,374.5,1.63,22.24,6.24,True,False
2026-09-23 07:11:10,CAT-D6-DOZ-008,1800,32.68,52.83,4182.2,71.8,86.3,367.7,2.2,23.47,6.51,True,False
2026-09-23 07:11:10,CAT-980-WLD-005,1739,31.7,52.83,4238.6,70.2,87.7,350.2,2.05,23.03,6.03,True,False
2026-09-23 07:11:15,CAT-320-EXC-014,1736,31.49,52.79,3990.6,72.6,88.4,398.6,1.62,23.7,4.91,True,False
2026-09-23 07:11:15,CAT-745-ART-002,1784,31.12,52.79,4005.3,71.8,88.8,370.0,2.59,23.8,5.16,True,False
2026-09-23 07:11:15,CAT-D6-DOZ-008,1772,31.58,52.79,4280.0,73.3,87.6,361.3,1.73,22.63,5.71,True,False
2026-09-23 07:11:15,CAT-980-WLD-005,1741,34.71,52.79,4122.9,72.7,87.7,372.2,1.86,23.68,5.1,True,False
2026-09-23 07:11:20,CAT-320-EXC-014,1769,32.48,52.74,3957.3,72.3,88.2,391.5,1.86,22.32,9.12,True,False
2026-09-23 07:11:20,CAT-745-ART-002,1757,34.15,52.74,4212.2,73.6,87.6,379.1,1.7,22.64,8.86,True,False
2026-09-23 07:11:20,CAT-D6-DOZ-008,1737,29.87,52.74,4398.4,73.4,86.5,408.0,1.99,22.01,9.29,True,False
2026-09-23 07:11:20,CAT-980-WLD-005,1748,33.69,52.74,4629.9,72.4,87.4,382.1,1.87,23.25,8.72,True,False
2026-09-23 07:11:25,CAT-320-EXC-014,1763,33.51,52.69,4299.7,73.3,87.6,389.7,1.8,23.75,8.92,True,False
2026-09-23 07:11:25,CAT-745-ART-002,1773,30.93,52.69,4140.4,68.9,88.5,389.7,1.6,24.75,8.92,True,False
2026-09-23 07:11:25,CAT-D6-DOZ-008,1735,31.67,52.69,4173.2,73.2,88.1,405.0,1.66,24.33,8.82,True,False
2026-09-23 07:11:25,CAT-980-WLD-005,1733,30.85,52.69,4372.3,73.6,88.7,362.9,1.74,25.92,8.85,True,False
2026-09-23 07:11:30,CAT-320-EXC-014,1746,33.09,52.65,3974.7,72.2,86.7,389.5,1.71,23.97,8.75,True,False
2026-09-23 07:11:30,CAT-745-ART-002,1776,31.74,52.65,4174.5,72.4,88.0,353.8,2.27,21.8,8.49,True,False
2026-09-23 07:11:30,CAT-D6-DOZ-008,1746,33.41,52.65,4448.8,73.1,88.8,349.6,2.09,23.29,8.61,True,False
2026-09-23 07:11:30,CAT-980-WLD-005,1722,32.65,52.65,4320.1,72.2,88.8,362.9,1.89,24.23,9.41,True,False
2026-09-23 07:11:35,CAT-320-EXC-014,1765,32.74,52.6,4414.7,72.7,86.1,366.8,1.65,23.67,9.45,True,False
2026-09-23 07:11:35,CAT-745-ART-002,1764,31.6,52.6,4470.2,71.9,88.2,364.7,1.8,25.84,8.99,True,False
2026-09-23 07:11:35,CAT-D6-DOZ-008,1740,32.12,52.6,4268.8,71.4,87.4,411.7,1.87,24.99,9.1,True,False
2026-09-23 07:11:35,CAT-980-WLD-005,1750,31.84,52.6,4273.4,74.4,86.2,370.3,2.71,25.69,8.97,True,False
2026-09-23 07:11:40,CAT-320-EXC-014,1740,33.53,52.56,4278.5,72.0,87.3,364.1,2.07,23.99,8.42,True,False
2026-09-23 07:11:40,CAT-745-ART-002,1784,31.41,52.56,4115.7,73.4,86.8,383.5,1.63,24.78,9.15,True,False
2026-09-23 07:11:40,CAT-D6-DOZ-008,1713,35.2,52.56,4048.7,73.7,88.1,357.4,1.69,24.84,9.07,True,False
2026-09-23 07:11:40,CAT-980-WLD-005,1691,30.71,52.56,4449.8,74.8,85.5,393.2,1.91,22.65,8.72,True,False
2026-09-23 07:11:45,CAT-320-EXC-014,1777,29.62,52.51,4075.0,72.2,87.3,391.0,2.09,22.63,9.28,True,False
2026-09-23 07:11:45,CAT-745-ART-002,1772,33.42,52.51,4081.5,72.1,87.8,373.7,2.48,24.31,9.6,True,False
2026-09-23 07:11:45,CAT-D6-DOZ-008,1749,33.62,52.51,4305.7,72.4,84.6,379.9,1.63,23.83,8.42,True,False
2026-09-23 07:11:45,CAT-980-WLD-005,1767,30.75,52.51,4352.6,73.7,87.5,394.8,1.82,25.9,8.32,True,False
2026-09-23 07:11:50,CAT-320-EXC-014,1761,32.46,52.46,4283.6,75.1,87.6,366.4,1.73,26.11,8.99,True,False
2026-09-23 07:11:50,CAT-745-ART-002,1768,30.46,52.46,3962.0,71.0,87.1,351.6,1.8,22.66,8.44,True,False
2026-09-23 07:11:50,CAT-D6-DOZ-008,1775,30.94,52.46,4313.4,74.4,87.7,375.1,1.62,25.4,8.75,True,False
2026-09-23 07:11:50,CAT-980-WLD-005,1759,33.49,52.46,4584.0,71.2,88.6,409.6,1.78,24.55,8.74,True,False
2026-09-23 07:11:55,CAT-320-EXC-014,1744,32.78,52.42,4134.3,73.8,85.9,403.8,2.16,25.21,8.61,True,False
2026-09-23 07:11:55,CAT-745-ART-002,1763,31.39,52.42,4311.7,72.4,89.4,379.8,2.18,23.79,8.6,True,False
2026-09-23 07:11:55,CAT-D6-DOZ-008,1721,33.32,52.42,4155.2,72.3,86.8,387.7,1.91,23.84,9.62,True,False
2026-09-23 07:11:55,CAT-980-WLD-005,1773,32.59,52.42,4264.1,73.9,88.4,380.4,1.93,24.84,8.58,True,False
2026-09-23 07:12:00,CAT-320-EXC-014,1753,30.87,52.37,4207.0,73.4,86.4,343.0,2.13,25.89,8.62,True,False
2026-09-23 07:12:00,CAT-745-ART-002,1771,33.22,52.37,3974.8,71.9,88.5,425.8,1.75,23.39,9.53,True,False
2026-09-23 07:12:00,CAT-D6-DOZ-008,1721,32.12,52.37,4087.6,72.6,87.1,322.3,1.87,22.67,9.04,True,False
2026-09-23 07:12:00,CAT-980-WLD-005,1713,32.55,52.37,4250.4,74.3,85.5,365.6,1.72,22.97,9.42,True,False
2026-09-23 07:12:05,CAT-320-EXC-014,1777,30.95,52.33,4345.9,70.1,88.4,387.8,1.61,24.27,8.72,True,False
2026-09-23 07:12:05,CAT-745-ART-002,1783,31.71,52.33,3991.8,75.2,89.5,398.1,1.89,24.14,8.61,True,False
2026-09-23 07:12:05,CAT-D6-DOZ-008,1770,32.31,52.33,4373.0,72.3,88.3,366.1,2.37,22.9,8.9,True,False
2026-09-23 07:12:05,CAT-980-WLD-005,1748,31.21,52.33,4060.0,71.2,87.7,398.6,1.91,24.45,8.92,True,False
2026-09-23 07:12:10,CAT-320-EXC-014,896,7.02,52.28,702.6,71.1,88.1,227.5,0.39,24.91,0.02,True,False
2026-09-23 07:12:10,CAT-745-ART-002,895,7.57,52.28,511.1,73.0,86.3,229.0,0.23,23.01,0.0,True,False
2026-09-23 07:12:10,CAT-D6-DOZ-008,906,7.41,52.28,723.3,70.9,88.5,229.2,0.11,26.85,0.0,True,False
2026-09-23 07:12:10,CAT-980-WLD-005,886,8.36,52.28,618.9,73.6,88.7,195.9,0.06,25.12,0.12,True,False
2026-09-23 07:12:15,CAT-320-EXC-014,834,5.61,52.23,450.6,72.9,87.3,218.4,0.31,25.69,0.0,True,False
2026-09-23 07:12:15,CAT-745-ART-002,892,6.58,52.23,443.8,73.6,88.8,222.7,0.27,23.74,0.04,True,False
2026-09-23 07:12:15,CAT-D6-DOZ-008,896,5.57,52.23,323.6,72.8,86.9,214.0,0.06,22.55,0.15,True,False
2026-09-23 07:12:15,CAT-980-WLD-005,861,4.07,52.23,853.0,72.2,88.6,242.4,0.66,23.59,0.01,True,False
2026-09-23 07:12:20,CAT-320-EXC-014,879,6.83,52.19,761.3,72.3,88.2,250.9,0.01,24.68,0.23,True,False
2026-09-23 07:12:20,CAT-745-ART-002,925,6.3,52.19,480.9,72.4,88.4,215.9,0.02,24.84,0.09,True,False
2026-09-23 07:12:20,CAT-D6-DOZ-008,899,6.24,52.19,492.9,74.4,86.3,213.9,0.05,21.24,0.0,True,False
2026-09-23 07:12:20,CAT-980-WLD-005,869,3.56,52.19,625.0,74.6,88.5,220.3,0.31,24.28,0.0,True,False
2026-09-23 07:12:25,CAT-320-EXC-014,872,6.3,52.14,556.3,71.7,87.3,228.6,0.37,21.77,0.0,True,False
2026-09-23 07:12:25,CAT-745-ART-002,865,4.84,52.14,825.5,72.2,88.4,197.9,0.19,23.44,0.14,True,False
2026-09-23 07:12:25,CAT-D6-DOZ-008,888,5.35,52.14,443.2,75.1,89.1,250.9,0.2,25.04,0.15,True,False
2026-09-23 07:12:25,CAT-980-WLD-005,868,8.23,52.14,661.7,72.4,87.5,209.6,0.07,22.66,0.0,True,False
2026-09-23 07:12:30,CAT-320-EXC-014,895,6.92,52.1,609.9,72.2,87.6,190.6,0.75,24.6,0.0,True,False
2026-09-23 07:12:30,CAT-745-ART-002,874,7.79,52.1,663.3,73.5,88.6,198.0,0.88,25.83,0.11,True,False
2026-09-23 07:12:30,CAT-D6-DOZ-008,915,6.4,52.1,866.9,73.3,87.7,186.3,0.34,23.28,0.0,True,False
2026-09-23 07:12:30,CAT-980-WLD-005,847,6.43,52.1,767.1,71.0,86.3,240.0,0.03,23.33,0.01,True,False
2026-09-23 07:12:35,CAT-320-EXC-014,1251,7.23,52.05,525.3,73.2,88.5,401.2,7.7,24.01,0.36,True,False
2026-09-23 07:12:35,CAT-745-ART-002,1200,5.51,52.05,765.6,74.2,86.8,340.7,7.93,26.2,0.04,True,False
2026-09-23 07:12:35,CAT-D6-DOZ-008,1253,7.7,52.05,545.2,73.8,87.5,354.1,7.89,22.77,0.08,True,False
2026-09-23 07:12:35,CAT-980-WLD-005,1281,7.6,52.05,734.0,72.9,86.6,363.1,7.87,25.03,0.31,True,False
2026-09-23 07:12:40,CAT-320-EXC-014,1231,5.85,52.01,425.7,74.8,88.2,385.5,7.89,23.96,0.0,True,False
2026-09-23 07:12:40,CAT-745-ART-002,1249,6.14,52.01,663.4,74.0,88.1,375.2,7.97,22.12,0.4,True,False
2026-09-23 07:12:40,CAT-D6-DOZ-008,1252,6.68,52.01,887.1,73.1,88.4,397.3,7.65,25.87,0.0,True,False
2026-09-23 07:12:40,CAT-980-WLD-005,1247,6.81,52.01,737.1,72.0,87.3,368.7,7.76,24.22,0.26,True,False
2026-09-23 07:12:45,CAT-320-EXC-014,1260,6.51,51.96,803.2,71.6,90.8,404.8,7.66,23.57,0.25,True,False
2026-09-23 07:12:45,CAT-745-ART-002,1275,6.44,51.96,414.9,71.8,86.1,355.2,7.5,22.44,0.0,True,False
2026-09-23 07:12:45,CAT-D6-DOZ-008,1229,5.2,51.96,290.5,69.9,86.9,366.0,8.09,24.61,0.11,True,False
2026-09-23 07:12:45,CAT-980-WLD-005,1244,7.05,51.96,598.8,72.7,87.2,360.6,8.15,22.79,0.0,True,False
2026-09-23 07:12:50,CAT-320-EXC-014,933,5.45,51.91,540.6,73.2,87.1,215.5,0.16,23.45,0.0,True,False
2026-09-23 07:12:50,CAT-745-ART-002,897,7.68,51.91,770.4,73.1,89.1,210.1,0.49,24.03,0.14,True,False
2026-09-23 07:12:50,CAT-D6-DOZ-008,852,7.29,51.91,651.7,73.5,86.5,188.7,0.13,22.99,0.0,True,False
2026-09-23 07:12:50,CAT-980-WLD-005,883,6.94,51.91,590.9,73.0,88.5,184.1,0.23,24.31,0.0,True,False
2026-09-23 07:12:55,CAT-320-EXC-014,863,5.62,51.87,633.1,73.2,89.3,199.7,0.05,23.14,0.04,True,False
2026-09-23 07:12:55,CAT-745-ART-002,900,8.61,51.87,705.6,74.0,85.7,215.7,0.47,23.4,0.0,True,False
2026-09-23 07:12:55,CAT-D6-DOZ-008,860,6.03,51.87,658.4,73.3,87.8,190.7,0.07,23.79,0.19,True,False
2026-09-23 07:12:55,CAT-980-WLD-005,875,7.89,51.87,588.5,74.8,87.6,220.3,0.73,23.6,0.0,True,False
2026-09-23 07:13:00,CAT-320-EXC-014,858,6.23,51.82,658.2,72.0,85.5,189.0,0.8,24.04,0.0,True,False
2026-09-23 07:13:00,CAT-745-ART-002,889,5.55,51.82,632.3,74.2,87.9,222.1,0.24,25.36,0.22,True,False
2026-09-23 07:13:00,CAT-D6-DOZ-008,863,8.46,51.82,595.4,72.7,89.5,184.5,0.51,25.97,0.24,True,False
2026-09-23 07:13:00,CAT-980-WLD-005,885,10.12,51.82,884.1,75.1,86.7,214.1,0.33,25.86,0.07,True,False
2026-09-23 07:13:05,CAT-320-EXC-014,1781,31.01,51.78,4046.9,74.4,89.5,393.5,1.7,24.73,5.07,True,False
2026-09-23 07:13:05,CAT-745-ART-002,1734,32.3,51.78,4106.4,72.2,88.1,376.8,1.93,24.08,5.24,True,False
2026-09-23 07:13:05,CAT-D6-DOZ-008,1781,31.15,51.78,4181.3,73.1,87.4,416.4,2.06,24.55,5.54,True,False
2026-09-23 07:13:05,CAT-980-WLD-005,1763,32.49,51.78,4555.1,73.2,87.7,372.0,2.08,24.05,5.62,True,False
2026-09-23 07:13:10,CAT-320-EXC-014,1748,30.91,51.73,4383.3,73.5,88.8,350.1,2.29,25.46,6.26,True,False
2026-09-23 07:13:10,CAT-745-ART-002,1748,31.12,51.73,3761.6,72.8,89.1,363.3,2.11,24.33,6.46,True,False
2026-09-23 07:13:10,CAT-D6-DOZ-008,1748,32.28,51.73,3962.6,74.2,87.6,368.4,1.78,22.86,6.05,True,False
2026-09-23 07:13:10,CAT-980-WLD-005,1759,31.09,51.73,4304.5,72.0,87.1,382.9,1.88,22.26,6.69,True,False
2026-09-23 07:13:15,CAT-320-EXC-014,1809,31.17,51.68,4296.2,72.3,86.6,381.3,1.8,24.67,7.52,True,False
2026-09-23 07:13:15,CAT-745-ART-002,1762,30.46,51.68,4211.0,74.2,86.6,391.9,2.06,25.65,7.35,True,False
2026-09-23 07:13:15,CAT-D6-DOZ-008,1751,30.2,51.68,4334.1,72.5,87.4,382.6,1.76,22.64,7.24,True,False
2026-09-23 07:13:15,CAT-980-WLD-005,1724,32.36,51.68,4482.7,71.2,88.1,405.2,1.79,23.45,7.11,True,False
2026-09-23 07:13:20,CAT-320-EXC-014,1715,29.91,51.64,4104.0,74.2,90.3,375.0,1.98,25.84,8.11,True,False
2026-09-23 07:13:20,CAT-745-ART-002,1731,33.26,51.64,4409.6,72.0,88.3,376.2,1.67,24.8,8.16,True,False
2026-09-23 07:13:20,CAT-D6-DOZ-008,1779,29.67,51.64,4397.8,73.3,88.8,360.5,1.76,25.44,8.35,True,False
2026-09-23 07:13:20,CAT-980-WLD-005,1801,30.85,51.64,4325.6,71.6,87.8,369.9,2.08,25.24,8.26,True,False
2026-09-23 07:13:25,CAT-320-EXC-014,1792,32.36,51.59,4416.2,72.7,87.8,405.3,1.78,23.33,9.09,True,False
2026-09-23 07:13:25,CAT-745-ART-002,1799,31.7,51.59,4065.3,73.8,86.0,386.9,1.81,21.11,9.04,True,False
2026-09-23 07:13:25,CAT-D6-DOZ-008,1733,30.6,51.59,4074.6,75.0,88.4,379.6,1.85,23.08,8.91,True,False
2026-09-23 07:13:25,CAT-980-WLD-005,1721,33.13,51.59,4314.3,73.5,87.8,343.5,2.12,24.12,8.83,True,False
2026-09-23 07:13:30,CAT-320-EXC-014,1758,30.71,51.55,4196.7,73.6,87.0,402.7,2.01,24.24,9.27,True,False
2026-09-23 07:13:30,CAT-745-ART-002,1750,34.27,51.55,4255.7,72.0,88.2,367.1,1.91,22.37,8.91,True,False
2026-09-23 07:13:30,CAT-D6-DOZ-008,1747,30.73,51.55,4487.7,73.0,87.9,371.7,2.11,23.1,8.89,True,False
2026-09-23 07:13:30,CAT-980-WLD-005,1763,32.94,51.55,4347.4,74.0,87.2,348.6,2.25,23.64,9.69,True,False
2026-09-23 07:13:35,CAT-320-EXC-014,1786,31.66,51.5,4469.5,72.2,87.1,372.9,2.09,22.99,9.5,True,False
2026-09-23 07:13:35,CAT-745-ART-002,1739,30.95,51.5,3972.3,72.9,87.8,341.6,1.99,23.46,9.74,True,False
2026-09-23 07:13:35,CAT-D6-DOZ-008,1778,31.9,51.5,4505.8,71.5,87.4,390.8,2.15,25.04,9.27,True,False
2026-09-23 07:13:35,CAT-980-WLD-005,1773,32.98,51.5,4271.1,73.9,87.3,371.4,1.74,24.87,9.8,True,False
2026-09-23 07:13:40,CAT-320-EXC-014,1786,30.69,51.46,4531.3,74.1,88.8,393.1,1.65,24.52,9.13,True,False
2026-09-23 07:13:40,CAT-745-ART-002,1788,31.44,51.46,4523.5,73.3,87.0,404.2,1.64,23.58,9.3,True,False
2026-09-23 07:13:40,CAT-D6-DOZ-008,1748,33.56,51.46,4242.5,71.3,87.5,377.1,2.48,23.6,9.25,True,False
2026-09-23 07:13:40,CAT-980-WLD-005,1795,31.31,51.46,4127.0,73.1,88.7,390.7,2.0,23.44,9.33,True,False
2026-09-23 07:13:45,CAT-320-EXC-014,1757,32.01,51.41,4021.6,73.7,87.1,389.3,1.78,22.81,8.97,True,False
2026-09-23 07:13:45,CAT-745-ART-002,1762,31.88,51.41,4469.4,73.9,87.4,361.0,2.5,24.91,8.83,True,False
2026-09-23 07:13:45,CAT-D6-DOZ-008,1802,32.06,51.41,4007.6,71.8,87.1,392.8,1.86,22.84,8.73,True,False
2026-09-23 07:13:45,CAT-980-WLD-005,1767,31.67,51.41,4157.8,71.9,89.2,374.2,1.73,24.75,9.1,True,False
2026-09-23 07:13:50,CAT-320-EXC-014,1745,32.55,51.36,4114.9,73.4,88.6,366.9,1.72,22.15,7.91,True,False
2026-09-23 07:13:50,CAT-745-ART-002,1770,30.69,51.36,4442.2,73.1,87.9,369.7,1.77,25.09,8.03,True,False
2026-09-23 07:13:50,CAT-D6-DOZ-008,1770,32.7,51.36,4203.5,74.2,86.9,384.5,2.17,24.12,7.73,True,False
2026-09-23 07:13:50,CAT-980-WLD-005,1754,32.06,51.36,4505.8,74.3,87.9,328.4,1.83,23.02,8.38,True,False
2026-09-23 07:13:55,CAT-320-EXC-014,1751,32.12,51.32,4211.7,74.1,87.2,370.0,1.69,23.87,6.77,True,False
2026-09-23 07:13:55,CAT-745-ART-002,1776,33.16,51.32,4295.6,71.4,88.0,348.6,1.69,26.12,7.45,True,False
2026-09-23 07:13:55,CAT-D6-DOZ-008,1781,32.9,51.32,4283.0,71.2,87.9,345.5,1.91,22.77,7.08,True,False
2026-09-23 07:13:55,CAT-980-WLD-005,1779,31.17,51.32,4258.1,72.1,89.2,360.6,1.64,24.07,7.13,True,False
2026-09-23 07:14:00,CAT-320-EXC-014,1747,33.96,51.27,4566.1,72.7,85.3,376.6,1.87,23.77,5.96,True,False
2026-09-23 07:14:00,CAT-745-ART-002,1786,32.07,51.27,4289.8,72.4,86.8,397.4,1.66,24.57,6.24,True,False
2026-09-23 07:14:00,CAT-D6-DOZ-008,1767,32.04,51.27,4261.9,74.7,87.5,364.0,1.63,24.69,6.0,True,False
2026-09-23 07:14:00,CAT-980-WLD-005,1755,30.6,51.27,4223.1,75.4,88.0,379.0,2.24,26.33,5.93,True,False
2026-09-23 07:14:05,CAT-320-EXC-014,1796,29.11,51.23,4120.8,71.9,89.2,391.6,1.69,25.54,8.78,True,False
2026-09-23 07:14:05,CAT-745-ART-002,1757,32.23,51.23,4682.6,74.6,87.2,406.9,2.49,22.71,8.67,True,False
2026-09-23 07:14:05,CAT-D6-DOZ-008,1744,31.32,51.23,4050.4,75.1,88.5,364.7,1.76,25.16,9.2,True,False
2026-09-23 07:14:05,CAT-980-WLD-005,1747,31.04,51.23,4134.7,72.9,87.2,372.0,1.61,22.63,9.39,True,False
2026-09-23 07:14:10,CAT-320-EXC-014,1747,33.84,51.18,4192.8,73.0,86.0,372.8,2.03,24.57,9.54,True,False
2026-09-23 07:14:10,CAT-745-ART-002,1775,33.58,51.18,4253.9,73.9,87.3,375.3,2.28,25.28,8.74,True,False
2026-09-23 07:14:10,CAT-D6-DOZ-008,1793,32.79,51.18,4071.1,73.1,87.9,371.9,1.61,25.25,8.91,True,False
2026-09-23 07:14:10,CAT-980-WLD-005,1773,31.22,51.18,4139.4,75.7,86.3,365.3,1.65,22.77,8.69,True,False
2026-09-23 07:14:15,CAT-320-EXC-014,1799,32.59,51.13,4036.3,73.2,87.2,384.1,1.65,24.53,8.88,True,False
2026-09-23 07:14:15,CAT-745-ART-002,1755,31.54,51.13,3924.0,74.3,89.9,355.3,1.87,20.32,9.09,True,False
2026-09-23 07:14:15,CAT-D6-DOZ-008,1744,30.89,51.13,4360.3,74.2,88.2,362.2,2.03,23.64,8.36,True,False
2026-09-23 07:14:15,CAT-980-WLD-005,1753,31.04,51.13,4133.1,71.9,87.7,398.2,1.61,24.95,8.59,True,False
2026-09-23 07:14:20,CAT-320-EXC-014,1736,32.49,51.09,4234.9,73.1,90.3,371.5,1.84,25.15,8.52,True,False
2026-09-23 07:14:20,CAT-745-ART-002,1744,31.83,51.09,4659.4,71.5,89.0,399.4,1.68,23.62,8.72,True,False
2026-09-23 07:14:20,CAT-D6-DOZ-008,1741,31.65,51.09,4511.9,74.6,87.4,359.3,1.62,24.6,9.13,True,False
2026-09-23 07:14:20,CAT-980-WLD-005,1740,32.78,51.09,3926.2,71.4,88.0,361.8,2.03,24.87,8.59,True,False
2026-09-23 07:14:25,CAT-320-EXC-014,1768,31.94,51.04,4046.7,72.6,86.4,392.7,1.75,24.39,9.22,True,False
2026-09-23 07:14:25,CAT-745-ART-002,1742,30.99,51.04,4530.0,74.2,89.1,378.3,1.8,24.5,9.54,True,False
2026-09-23 07:14:25,CAT-D6-DOZ-008,1720,31.54,51.04,4290.3,72.4,86.6,335.8,1.68,24.74,9.35,True,False
2026-09-23 07:14:25,CAT-980-WLD-005,1775,33.0,51.04,4567.1,73.7,87.4,384.7,1.64,23.89,9.26,True,False
2026-09-23 07:14:30,CAT-320-EXC-014,1749,30.36,51.0,4350.4,72.3,88.3,405.7,1.76,23.58,8.77,True,False
2026-09-23 07:14:30,CAT-745-ART-002,1740,30.3,51.0,4247.0,70.2,86.1,385.0,2.04,24.07,8.28,True,False
2026-09-23 07:14:30,CAT-D6-DOZ-008,1776,32.21,51.0,4178.7,70.4,86.1,384.3,1.68,25.13,8.39,True,False
2026-09-23 07:14:30,CAT-980-WLD-005,1755,31.61,51.0,4283.4,71.9,87.2,404.0,1.99,23.85,8.97,True,False
2026-09-23 07:14:35,CAT-320-EXC-014,1768,31.14,50.95,4298.6,74.3,88.8,359.3,1.64,25.35,8.81,True,False
2026-09-23 07:14:35,CAT-745-ART-002,1787,31.55,50.95,4353.4,72.3,87.5,395.7,1.65,25.04,8.78,True,False
2026-09-23 07:14:35,CAT-D6-DOZ-008,1757,31.17,50.95,4398.9,75.1,88.4,385.2,2.01,25.27,9.27,True,False
2026-09-23 07:14:35,CAT-980-WLD-005,1760,31.34,50.95,3863.3,74.4,87.3,364.7,1.65,22.56,9.62,True,False
2026-09-23 07:14:40,CAT-320-EXC-014,1746,31.63,50.9,3983.8,71.6,88.8,358.1,1.95,24.49,8.9,True,False
2026-09-23 07:14:40,CAT-745-ART-002,1729,33.13,50.9,4153.7,71.9,88.2,377.8,2.22,24.05,9.04,True,False
2026-09-23 07:14:40,CAT-D6-DOZ-008,1743,30.94,50.9,3995.4,73.0,88.8,368.0,2.25,23.98,8.8,True,False
2026-09-23 07:14:40,CAT-980-WLD-005,1769,33.52,50.9,4188.4,71.6,89.9,394.0,2.47,23.85,9.03,True,False
2026-09-23 07:14:45,CAT-320-EXC-014,1758,33.39,50.86,4303.0,73.0,85.7,373.9,1.76,22.69,9.08,True,False
2026-09-23 07:14:45,CAT-745-ART-002,1766,31.11,50.86,4121.4,73.2,88.2,400.0,1.78,22.85,8.47,True,False
2026-09-23 07:14:45,CAT-D6-DOZ-008,1827,31.35,50.86,4152.0,71.8,85.9,395.5,2.11,24.06,9.24,True,False
2026-09-23 07:14:45,CAT-980-WLD-005,1756,32.44,50.86,4364.2,74.6,87.5,391.3,1.88,24.39,9.0,True,False
2026-09-23 07:14:50,CAT-320-EXC-014,1717,31.72,50.81,4261.3,73.7,88.5,359.5,2.07,22.04,9.17,True,False
2026-09-23 07:14:50,CAT-745-ART-002,1738,31.49,50.81,4295.6,73.7,88.2,416.3,1.65,24.77,9.45,True,False
2026-09-23 07:14:50,CAT-D6-DOZ-008,1772,31.8,50.81,4360.5,73.7,87.6,352.0,1.88,23.97,9.04,True,False
2026-09-23 07:14:50,CAT-980-WLD-005,1762,33.12,50.81,4337.9,73.1,87.2,417.6,1.75,23.8,9.18,True,False
2026-09-23 07:14:55,CAT-320-EXC-014,859,5.66,50.77,324.3,72.8,88.0,213.1,0.32,24.87,0.18,True,False
2026-09-23 07:14:55,CAT-745-ART-002,879,5.01,50.77,651.9,73.1,88.4,218.1,0.05,24.6,0.0,True,False
2026-09-23 07:14:55,CAT-D6-DOZ-008,877,7.58,50.77,858.1,74.2,86.3,228.0,0.44,23.11,0.0,True,False
2026-09-23 07:14:55,CAT-980-WLD-005,877,6.54,50.77,608.8,74.5,87.9,208.5,0.27,24.93,0.29,True,False
2026-09-23 07:15:00,CAT-320-EXC-014,908,5.79,50.72,594.7,73.1,87.0,244.3,0.06,23.56,0.0,True,False
2026-09-23 07:15:00,CAT-745-ART-002,880,5.57,50.72,200.0,71.3,88.1,236.7,0.41,25.06,0.0,True,False
2026-09-23 07:15:00,CAT-D6-DOZ-008,871,4.68,50.72,709.7,70.7,87.7,233.0,0.3,24.61,0.06,True,False
2026-09-23 07:15:00,CAT-980-WLD-005,878,7.46,50.72,453.5,73.8,87.5,234.2,0.48,21.98,0.16,True,False
2026-09-23 07:15:05,CAT-320-EXC-014,920,7.12,50.68,584.5,73.9,86.8,217.0,0.84,24.34,0.22,True,False
2026-09-23 07:15:05,CAT-745-ART-002,890,6.42,50.68,642.3,73.6,86.7,244.6,0.1,22.97,0.0,True,False
2026-09-23 07:15:05,CAT-D6-DOZ-008,867,6.42,50.68,470.8,74.1,87.3,220.6,0.01,24.22,0.04,True,False
2026-09-23 07:15:05,CAT-980-WLD-005,862,6.01,50.68,345.1,74.0,86.5,249.7,0.23,21.53,0.0,True,False
2026-09-23 07:15:10,CAT-320-EXC-014,887,7.71,50.63,936.0,73.0,88.9,212.5,0.11,23.89,0.0,True,False
2026-09-23 07:15:10,CAT-745-ART-002,925,8.23,50.63,732.0,71.7,87.9,263.5,0.57,23.31,0.17,True,False
2026-09-23 07:15:10,CAT-D6-DOZ-008,872,5.77,50.63,743.7,74.8,88.6,211.4,0.75,24.8,0.02,True,False
2026-09-23 07:15:10,CAT-980-WLD-005,896,5.87,50.63,987.4,73.6,86.5,250.0,0.48,23.16,0.0,True,False
2026-09-23 07:15:15,CAT-320-EXC-014,887,5.33,50.58,613.3,71.9,88.8,205.0,0.42,22.9,0.06,True,False
2026-09-23 07:15:15,CAT-745-ART-002,894,7.04,50.58,410.5,73.3,88.5,240.8,0.17,23.86,0.0,True,False
2026-09-23 07:15:15,CAT-D6-DOZ-008,902,7.15,50.58,515.4,71.7,88.2,208.1,0.97,21.59,0.0,True,False
2026-09-23 07:15:15,CAT-980-WLD-005,866,5.37,50.58,336.9,71.9,87.0,224.3,0.09,22.84,0.0,True,False
2026-09-23 07:15:20,CAT-320-EXC-014,1258,6.87,50.54,683.0,73.7,86.4,353.6,8.33,24.24,0.16,True,False
2026-09-23 07:15:20,CAT-745-ART-002,1245,6.34,50.54,690.3,74.8,89.4,393.2,8.29,24.95,0.18,True,False
2026-09-23 07:15:20,CAT-D6-DOZ-008,1248,5.72,50.54,553.2,73.4,88.0,362.2,7.87,25.16,0.0,True,False
2026-09-23 07:15:20,CAT-980-WLD-005,1229,8.02,50.54,499.6,74.3,87.3,390.2,8.02,22.14,0.38,True,False
2026-09-23 07:15:25,CAT-320-EXC-014,1252,6.45,50.49,520.1,73.0,87.0,389.1,7.69,25.09,0.4,True,False
2026-09-23 07:15:25,CAT-745-ART-002,1271,8.92,50.49,606.1,74.0,88.1,374.1,8.24,25.97,0.0,True,False
2026-09-23 07:15:25,CAT-D6-DOZ-008,1262,6.32,50.49,560.8,74.5,88.0,392.0,7.67,25.97,0.4,True,False
2026-09-23 07:15:25,CAT-980-WLD-005,1231,5.04,50.49,493.0,73.1,87.9,347.8,8.43,26.61,0.02,True,False
2026-09-23 07:15:30,CAT-320-EXC-014,1225,5.18,50.45,657.3,73.2,86.5,395.2,8.15,23.89,0.0,True,False
2026-09-23 07:15:30,CAT-745-ART-002,1269,6.27,50.45,543.5,74.6,89.7,386.3,7.85,25.14,0.0,True,False
2026-09-23 07:15:30,CAT-D6-DOZ-008,1275,4.21,50.45,686.5,73.7,86.6,383.5,8.37,23.66,0.14,True,False
2026-09-23 07:15:30,CAT-980-WLD-005,1258,6.85,50.45,610.0,73.7,89.2,343.3,7.97,23.36,0.19,True,False
2026-09-23 07:15:35,CAT-320-EXC-014,1262,6.04,50.4,608.4,73.8,87.7,390.1,7.7,22.99,0.14,True,False
2026-09-23 07:15:35,CAT-745-ART-002,1233,5.99,50.4,287.8,74.3,88.9,402.5,7.79,24.1,0.0,True,False
2026-09-23 07:15:35,CAT-D6-DOZ-008,1231,5.42,50.4,200.0,74.5,87.6,362.4,7.67,25.27,0.24,True,False
2026-09-23 07:15:35,CAT-980-WLD-005,1249,5.35,50.4,724.1,75.2,87.6,365.5,7.65,23.75,0.0,True,False
2026-09-23 07:15:40,CAT-320-EXC-014,835,5.84,50.35,706.0,72.4,88.0,200.7,0.46,23.63,0.34,True,False
2026-09-23 07:15:40,CAT-745-ART-002,867,7.42,50.35,538.1,72.9,87.8,214.9,0.42,24.17,0.0,True,False
2026-09-23 07:15:40,CAT-D6-DOZ-008,894,5.21,50.35,659.4,71.6,88.2,253.1,0.39,25.75,0.28,True,False
2026-09-23 07:15:40,CAT-980-WLD-005,876,4.46,50.35,872.4,71.8,86.9,197.5,0.3,25.37,0.32,True,False
2026-09-23 07:15:45,CAT-320-EXC-014,884,6.79,50.31,278.3,74.1,87.4,205.5,0.17,24.54,0.0,True,False
2026-09-23 07:15:45,CAT-745-ART-002,901,5.24,50.31,681.1,73.1,89.1,226.0,0.34,24.25,0.31,True,False
2026-09-23 07:15:45,CAT-D6-DOZ-008,860,6.77,50.31,818.8,73.2,89.4,199.1,0.73,23.72,0.4,True,False
2026-09-23 07:15:45,CAT-980-WLD-005,888,6.01,50.31,629.6,74.8,87.9,217.2,0.3,24.1,0.0,True,False
2026-09-23 07:15:50,CAT-320-EXC-014,877,6.73,50.26,742.0,73.0,88.8,255.7,0.11,23.69,0.01,True,False
2026-09-23 07:15:50,CAT-745-ART-002,892,5.65,50.26,757.9,73.9,88.5,207.7,0.48,23.46,0.0,True,False
2026-09-23 07:15:50,CAT-D6-DOZ-008,846,6.3,50.26,775.3,76.4,87.9,215.7,0.37,24.28,0.18,True,False
2026-09-23 07:15:50,CAT-980-WLD-005,865,5.95,50.26,393.1,71.5,88.5,246.1,0.0,24.43,0.05,True,False
2026-09-23 07:15:55,CAT-320-EXC-014,1744,31.35,50.22,4238.3,73.6,87.9,400.8,1.83,23.96,5.3,True,False
2026-09-23 07:15:55,CAT-745-ART-002,1788,30.96,50.22,4294.5,73.6,89.3,390.0,1.94,26.4,6.07,True,False
2026-09-23 07:15:55,CAT-D6-DOZ-008,1727,31.87,50.22,4526.4,74.2,86.6,392.6,1.74,24.23,5.78,True,False
2026-09-23 07:15:55,CAT-980-WLD-005,1760,32.02,50.22,4377.5,73.6,88.0,377.3,1.97,24.95,5.86,True,False
2026-09-23 07:16:00,CAT-320-EXC-014,1757,32.08,50.17,4355.7,73.6,88.7,375.4,1.93,23.18,6.65,True,False
2026-09-23 07:16:00,CAT-745-ART-002,1777,32.24,50.17,4086.2,74.1,89.0,345.2,2.11,26.14,7.16,True,False
2026-09-23 07:16:00,CAT-D6-DOZ-008,1747,31.16,50.17,4375.3,72.7,88.0,395.5,1.84,23.65,7.07,True,False
2026-09-23 07:16:00,CAT-980-WLD-005,1751,32.38,50.17,4551.1,74.0,87.7,373.0,1.79,22.45,6.74,True,False
2026-09-23 07:16:05,CAT-320-EXC-014,1780,30.99,50.13,4543.8,73.6,87.3,384.2,1.9,24.98,7.87,True,False
2026-09-23 07:16:05,CAT-745-ART-002,1748,33.08,50.13,4422.6,74.1,87.2,387.2,1.79,24.27,7.53,True,False
2026-09-23 07:16:05,CAT-D6-DOZ-008,1797,32.39,50.13,4531.2,71.1,87.0,395.0,1.65,21.82,7.55,True,False
2026-09-23 07:16:05,CAT-980-WLD-005,1806,34.01,50.13,3989.2,74.8,87.0,371.1,1.68,22.59,7.34,True,False
2026-09-23 07:16:10,CAT-320-EXC-014,1749,32.75,50.08,4451.7,73.4,87.9,377.8,1.66,23.01,8.68,True,False
2026-09-23 07:16:10,CAT-745-ART-002,1757,30.53,50.08,4014.0,73.7,87.7,392.3,1.98,22.87,8.47,True,False
2026-09-23 07:16:10,CAT-D6-DOZ-008,1769,33.65,50.08,4025.9,72.7,88.5,370.0,1.97,24.98,8.25,True,False
2026-09-23 07:16:10,CAT-980-WLD-005,1759,31.85,50.08,4309.1,74.9,86.5,400.6,1.67,24.5,8.4,True,False
2026-09-23 07:16:15,CAT-320-EXC-014,1749,32.49,50.03,4252.1,74.0,88.5,370.3,1.9,24.85,8.81,True,False
2026-09-23 07:16:15,CAT-745-ART-002,1756,32.64,50.03,4169.1,74.5,86.0,356.9,1.9,23.98,8.96,True,False
2026-09-23 07:16:15,CAT-D6-DOZ-008,1745,31.51,50.03,4113.1,74.2,89.3,384.6,2.53,23.55,9.11,True,False
2026-09-23 07:16:15,CAT-980-WLD-005,1738,33.23,50.03,4041.9,74.8,86.6,372.7,1.78,25.48,8.76,True,False
2026-09-23 07:16:20,CAT-320-EXC-014,1746,30.07,49.99,3870.4,75.1,87.1,362.7,2.01,22.85,9.4,True,False
2026-09-23 07:16:20,CAT-745-ART-002,1728,33.31,49.99,4209.6,74.0,89.4,391.9,1.71,22.64,9.54,True,False
2026-09-23 07:16:20,CAT-D6-DOZ-008,1722,29.9,49.99,4276.8,73.8,89.5,360.4,2.22,25.15,9.57,True,False
2026-09-23 07:16:20,CAT-980-WLD-005,1792,31.92,49.99,4186.3,75.0,89.5,389.8,1.69,25.06,8.97,True,False
2026-09-23 07:16:25,CAT-320-EXC-014,1762,34.72,49.94,4287.2,73.1,87.0,392.3,1.82,23.84,9.37,True,False
2026-09-23 07:16:25,CAT-745-ART-002,1743,33.02,49.94,4270.7,74.1,85.6,384.2,1.73,25.2,9.75,True,False
2026-09-23 07:16:25,CAT-D6-DOZ-008,1759,30.79,49.94,4212.3,74.3,88.6,377.2,2.24,23.97,9.29,True,False
2026-09-23 07:16:25,CAT-980-WLD-005,1766,32.57,49.94,4244.8,73.0,86.5,365.1,2.06,24.39,9.26,True,False
2026-09-23 07:16:30,CAT-320-EXC-014,1737,31.23,49.9,4368.7,73.1,86.9,348.7,2.17,23.3,9.05,True,False
2026-09-23 07:16:30,CAT-745-ART-002,1806,33.63,49.9,4166.7,75.3,90.2,372.7,1.79,26.02,8.91,True,False
2026-09-23 07:16:30,CAT-D6-DOZ-008,1752,31.97,49.9,4180.3,74.8,86.4,383.1,2.34,24.1,8.93,True,False
2026-09-23 07:16:30,CAT-980-WLD-005,1740,33.15,49.9,4571.1,74.0,85.8,362.9,1.78,23.25,8.86,True,False
2026-09-23 07:16:35,CAT-320-EXC-014,1758,32.43,49.85,4270.3,73.6,87.8,411.6,1.85,24.25,8.76,True,False
2026-09-23 07:16:35,CAT-745-ART-002,1747,31.51,49.85,4173.7,73.1,87.9,364.8,1.66,24.86,8.23,True,False
2026-09-23 07:16:35,CAT-D6-DOZ-008,1713,32.16,49.85,4397.1,74.0,86.7,336.5,2.24,24.22,8.23,True,False
2026-09-23 07:16:35,CAT-980-WLD-005,1738,31.61,49.85,4240.5,75.6,88.5,416.3,2.13,25.66,8.24,True,False
2026-09-23 07:16:40,CAT-320-EXC-014,1763,33.2,49.8,4458.6,74.3,87.1,363.1,2.26,22.15,7.73,True,False
2026-09-23 07:16:40,CAT-745-ART-002,1767,30.81,49.8,4217.3,73.3,87.1,392.9,1.67,23.44,7.44,True,False
2026-09-23 07:16:40,CAT-D6-DOZ-008,1771,32.83,49.8,4173.1,75.6,90.0,410.2,1.9,25.7,7.81,True,False
2026-09-23 07:16:40,CAT-980-WLD-005,1762,31.54,49.8,4245.5,71.0,85.7,388.2,1.82,23.49,7.79,True,False
2026-09-23 07:16:45,CAT-320-EXC-014,1706,33.77,49.76,4046.7,75.9,88.5,378.3,1.74,23.5,6.55,True,False
2026-09-23 07:16:45,CAT-745-ART-002,1729,30.3,49.76,4281.2,72.3,87.8,374.8,2.22,22.99,6.23,True,False
2026-09-23 07:16:45,CAT-D6-DOZ-008,1779,32.56,49.76,4579.5,73.4,87.4,402.6,1.9,22.42,6.25,True,False
2026-09-23 07:16:45,CAT-980-WLD-005,1753,33.97,49.76,4248.7,71.7,88.0,405.2,1.88,22.9,7.03,True,False
2026-09-23 07:16:50,CAT-320-EXC-014,1767,30.59,49.71,4058.3,72.7,88.2,427.2,1.6,23.87,5.22,True,False
2026-09-23 07:16:50,CAT-745-ART-002,1760,32.74,49.71,3958.6,73.2,88.6,382.6,1.63,25.41,5.29,True,False
2026-09-23 07:16:50,CAT-D6-DOZ-008,1753,32.05,49.71,4277.0,74.7,87.1,354.2,1.75,21.96,5.93,True,False
2026-09-23 07:16:50,CAT-980-WLD-005,1800,30.8,49.71,4115.4,73.4,86.8,369.2,1.78,23.61,5.13,True,False
2026-09-23 07:16:55,CAT-320-EXC-014,1774,32.45,49.67,4146.2,73.1,88.5,384.9,2.09,24.02,8.97,True,False
2026-09-23 07:16:55,CAT-745-ART-002,1750,33.67,49.67,4317.5,73.0,86.3,371.3,2.15,24.76,8.89,True,False
2026-09-23 07:16:55,CAT-D6-DOZ-008,1758,30.4,49.67,4351.0,73.9,87.3,360.1,1.89,24.31,8.97,True,False
2026-09-23 07:16:55,CAT-980-WLD-005,1799,33.47,49.67,4335.6,73.7,88.2,370.5,1.86,25.48,8.69,True,False
2026-09-23 07:17:00,CAT-320-EXC-014,1761,30.85,49.62,4109.2,74.1,89.7,403.5,1.62,21.37,8.93,True,False
2026-09-23 07:17:00,CAT-745-ART-002,1735,31.74,49.62,4315.9,73.2,88.0,410.7,1.64,23.54,9.44,True,False
2026-09-23 07:17:00,CAT-D6-DOZ-008,1778,31.59,49.62,3977.1,72.6,88.6,393.0,1.91,23.46,9.53,True,False
2026-09-23 07:17:00,CAT-980-WLD-005,1742,31.12,49.62,4224.3,72.7,88.2,373.1,1.7,22.95,9.19,True,False
2026-09-23 07:17:05,CAT-320-EXC-014,1755,31.7,49.57,4303.7,71.3,86.8,378.1,2.43,24.74,8.71,True,False
2026-09-23 07:17:05,CAT-745-ART-002,1695,31.13,49.57,4153.9,72.7,89.1,388.5,2.37,23.77,9.21,True,False
2026-09-23 07:17:05,CAT-D6-DOZ-008,1769,31.72,49.57,4286.8,72.5,86.8,410.9,1.97,25.52,8.3,True,False
2026-09-23 07:17:05,CAT-980-WLD-005,1751,33.88,49.57,4132.0,73.2,88.2,380.5,1.78,25.68,9.41,True,False
2026-09-23 07:17:10,CAT-320-EXC-014,1754,28.97,49.53,4103.5,73.3,89.7,376.9,1.78,25.18,9.75,True,False
2026-09-23 07:17:10,CAT-745-ART-002,1733,32.59,49.53,4246.0,74.2,86.7,395.4,2.0,24.28,9.32,True,False
2026-09-23 07:17:10,CAT-D6-DOZ-008,1783,33.23,49.53,4221.4,72.5,88.4,394.1,1.66,25.75,8.86,True,False
2026-09-23 07:17:10,CAT-980-WLD-005,1783,32.13,49.53,4240.5,72.9,87.8,347.6,1.62,24.49,8.71,True,False
2026-09-23 07:17:15,CAT-320-EXC-014,1779,33.37,49.48,4369.4,74.3,88.9,385.5,1.69,24.35,8.59,True,False
2026-09-23 07:17:15,CAT-745-ART-002,1766,32.14,49.48,4170.4,72.8,87.1,361.5,2.05,24.15,9.07,True,False
2026-09-23 07:17:15,CAT-D6-DOZ-008,1753,33.38,49.48,4131.2,74.6,89.3,408.2,1.98,24.03,8.65,True,False
2026-09-23 07:17:15,CAT-980-WLD-005,1755,30.91,49.48,4148.4,73.6,89.0,355.3,1.64,23.65,9.56,True,False
2026-09-23 07:17:20,CAT-320-EXC-014,1782,32.57,49.44,4060.4,75.0,87.1,385.7,2.05,22.61,9.53,True,False
2026-09-23 07:17:20,CAT-745-ART-002,1752,29.44,49.44,4479.2,73.5,86.9,381.3,1.73,23.72,8.5,True,False
2026-09-23 07:17:20,CAT-D6-DOZ-008,1742,32.93,49.44,4038.5,75.1,88.2,379.2,1.96,25.63,8.93,True,False
2026-09-23 07:17:20,CAT-980-WLD-005,1765,31.83,49.44,4201.7,74.8,87.7,373.6,1.8,21.87,9.59,True,False
2026-09-23 07:17:25,CAT-320-EXC-014,1761,33.99,49.39,4198.4,74.0,90.0,361.9,1.63,24.1,8.92,True,False
2026-09-23 07:17:25,CAT-745-ART-002,1745,31.3,49.39,4141.7,75.4,86.8,399.0,1.89,22.41,9.26,True,False
2026-09-23 07:17:25,CAT-D6-DOZ-008,1757,31.44,49.39,4218.5,74.0,87.1,392.5,1.71,24.75,9.76,True,False
2026-09-23 07:17:25,CAT-980-WLD-005,1754,31.42,49.39,4219.7,71.2,87.5,386.4,1.87,25.29,8.84,True,False
2026-09-23 07:17:30,CAT-320-EXC-014,1780,33.12,49.35,4006.8,73.0,88.3,406.6,1.87,22.88,8.67,True,False
2026-09-23 07:17:30,CAT-745-ART-002,1780,31.83,49.35,4218.8,73.9,89.0,406.1,2.22,25.06,9.27,True,False
2026-09-23 07:17:30,CAT-D6-DOZ-008,1744,32.86,49.35,4203.1,73.6,87.5,389.2,2.17,23.5,8.27,True,False
2026-09-23 07:17:30,CAT-980-WLD-005,1755,31.77,49.35,4231.1,73.8,86.4,382.9,1.66,23.93,8.85,True,False
2026-09-23 07:17:35,CAT-320-EXC-014,1765,32.04,49.3,4014.4,75.5,88.3,399.0,1.98,25.21,9.22,True,False
2026-09-23 07:17:35,CAT-745-ART-002,1767,31.45,49.3,4233.8,72.0,87.1,395.3,2.26,25.38,9.54,True,False
2026-09-23 07:17:35,CAT-D6-DOZ-008,1705,32.36,49.3,4144.6,71.4,87.8,380.1,1.86,24.74,9.55,True,False
2026-09-23 07:17:35,CAT-980-WLD-005,1772,32.73,49.3,4042.7,73.5,87.5,408.0,2.11,23.76,8.86,True,False
2026-09-23 07:17:40,CAT-320-EXC-014,1765,32.41,49.25,3964.3,75.8,86.4,362.8,1.71,22.57,8.6,True,False
2026-09-23 07:17:40,CAT-745-ART-002,1747,30.93,49.25,4162.8,72.4,87.6,353.1,2.29,23.79,9.12,True,False
2026-09-23 07:17:40,CAT-D6-DOZ-008,1746,31.72,49.25,4134.0,73.5,87.2,382.4,1.91,24.61,8.89,True,False
2026-09-23 07:17:40,CAT-980-WLD-005,1793,33.15,49.25,4207.0,74.9,86.8,397.4,2.03,23.7,9.36,True,False
2026-09-23 07:17:45,CAT-320-EXC-014,875,6.38,49.21,363.0,74.5,88.7,229.7,0.26,25.08,0.0,True,False
2026-09-23 07:17:45,CAT-745-ART-002,876,5.24,49.21,753.6,71.8,88.6,217.5,0.17,26.04,0.02,True,False
2026-09-23 07:17:45,CAT-D6-DOZ-008,890,6.33,49.21,643.1,75.5,88.4,195.7,0.38,24.96,0.0,True,False
2026-09-23 07:17:45,CAT-980-WLD-005,876,4.66,49.21,733.6,73.5,88.0,217.0,0.29,24.16,0.0,True,False
2026-09-23 07:17:50,CAT-320-EXC-014,853,6.31,49.16,653.2,74.0,88.0,228.0,0.11,25.25,0.0,True,False
2026-09-23 07:17:50,CAT-745-ART-002,880,4.38,49.16,668.5,74.2,87.4,219.3,0.45,22.31,0.0,True,False
2026-09-23 07:17:50,CAT-D6-DOZ-008,896,5.57,49.16,567.6,74.6,88.9,166.3,0.43,25.74,0.2,True,False
2026-09-23 07:17:50,CAT-980-WLD-005,881,6.48,49.16,657.8,72.3,88.2,257.6,0.42,23.14,0.4,True,False
2026-09-23 07:17:55,CAT-320-EXC-014,873,3.48,49.12,407.4,73.7,88.0,205.8,0.54,23.34,0.0,True,False
2026-09-23 07:17:55,CAT-745-ART-002,870,7.02,49.12,850.4,73.6,86.3,218.4,0.27,24.95,0.23,True,False
2026-09-23 07:17:55,CAT-D6-DOZ-008,806,6.3,49.12,705.8,73.6,88.3,228.5,0.15,24.8,0.02,True,False
2026-09-23 07:17:55,CAT-980-WLD-005,848,7.94,49.12,623.4,72.9,88.1,223.4,0.03,22.49,0.06,True,False
2026-09-23 07:18:00,CAT-320-EXC-014,858,6.8,49.07,844.0,73.8,87.2,220.5,0.17,23.02,0.03,True,False
2026-09-23 07:18:00,CAT-745-ART-002,885,7.01,49.07,656.4,72.5,86.9,208.7,0.09,24.9,0.15,True,False
2026-09-23 07:18:00,CAT-D6-DOZ-008,871,7.96,49.07,426.7,74.3,87.6,239.9,0.29,23.05,0.0,True,False
2026-09-23 07:18:00,CAT-980-WLD-005,887,8.11,49.07,824.9,74.6,86.9,222.2,0.66,23.22,0.07,True,False
2026-09-23 07:18:05,CAT-320-EXC-014,907,5.62,49.02,502.3,73.5,88.8,236.1,0.32,22.41,0.0,True,False
2026-09-23 07:18:05,CAT-745-ART-002,873,6.08,49.02,745.1,73.8,88.3,250.7,0.53,21.23,0.0,True,False
2026-09-23 07:18:05,CAT-D6-DOZ-008,845,6.53,49.02,764.1,73.7,88.5,209.3,0.61,24.44,0.35,True,False
2026-09-23 07:18:05,CAT-980-WLD-005,883,6.03,49.02,701.0,74.3,88.0,243.3,0.04,24.96,0.0,True,False
2026-09-23 07:18:10,CAT-320-EXC-014,1240,6.29,48.98,873.5,75.6,88.8,389.1,8.22,23.35,0.01,True,False
2026-09-23 07:18:10,CAT-745-ART-002,1219,6.15,48.98,434.0,75.6,87.1,367.5,7.59,23.11,0.14,True,False
2026-09-23 07:18:10,CAT-D6-DOZ-008,1224,6.09,48.98,803.8,74.2,88.0,392.0,7.57,23.48,0.4,True,False
2026-09-23 07:18:10,CAT-980-WLD-005,1265,6.87,48.98,819.6,73.3,90.0,358.3,8.27,24.78,0.12,True,False
2026-09-23 07:18:15,CAT-320-EXC-014,1249,6.17,48.93,667.7,72.2,88.7,375.3,7.85,23.87,0.07,True,False
2026-09-23 07:18:15,CAT-745-ART-002,1245,6.3,48.93,642.9,74.1,90.0,412.7,8.05,23.54,0.0,True,False
2026-09-23 07:18:15,CAT-D6-DOZ-008,1249,6.34,48.93,685.6,72.3,87.8,380.5,7.71,25.31,0.0,True,False
2026-09-23 07:18:15,CAT-980-WLD-005,1220,6.97,48.93,886.9,73.9,88.0,340.9,8.04,24.41,0.18,True,False
2026-09-23 07:18:20,CAT-320-EXC-014,1239,5.59,48.89,663.5,73.9,88.5,371.1,7.58,24.12,0.02,True,False
2026-09-23 07:18:20,CAT-745-ART-002,1237,7.06,48.89,531.6,71.1,88.0,385.7,8.05,23.21,0.4,True,False
2026-09-23 07:18:20,CAT-D6-DOZ-008,1295,5.74,48.89,806.0,73.5,87.1,377.2,7.53,22.37,0.03,True,False
2026-09-23 07:18:20,CAT-980-WLD-005,1256,5.47,48.89,648.8,73.2,88.7,393.1,8.1,24.94,0.01,True,False
2026-09-23 07:18:25,CAT-320-EXC-014,869,5.6,48.84,568.3,73.1,87.2,199.0,0.79,25.4,0.26,True,False
2026-09-23 07:18:25,CAT-745-ART-002,919,7.6,48.84,502.6,73.4,89.0,234.9,0.06,24.33,0.07,True,False
2026-09-23 07:18:25,CAT-D6-DOZ-008,939,6.25,48.84,839.5,73.5,89.0,212.8,0.49,23.85,0.08,True,False
2026-09-23 07:18:25,CAT-980-WLD-005,879,8.18,48.84,621.8,73.8,87.8,209.1,0.18,21.79,0.24,True,False
2026-09-23 07:18:30,CAT-320-EXC-014,892,5.4,48.79,613.0,74.6,87.0,232.4,0.25,25.24,0.0,True,False
2026-09-23 07:18:30,CAT-745-ART-002,863,6.19,48.79,696.3,72.8,88.9,218.2,0.18,24.71,0.0,True,False
2026-09-23 07:18:30,CAT-D6-DOZ-008,870,6.45,48.79,534.0,74.6,87.6,230.7,0.26,25.55,0.19,True,False
2026-09-23 07:18:30,CAT-980-WLD-005,861,6.87,48.79,647.7,74.0,88.3,220.2,0.01,24.55,0.0,True,False
2026-09-23 07:18:35,CAT-320-EXC-014,900,7.32,48.75,381.1,73.5,87.7,232.5,0.99,23.29,0.07,True,False
2026-09-23 07:18:35,CAT-745-ART-002,909,7.5,48.75,352.2,72.9,86.9,224.1,0.09,24.48,0.12,True,False
2026-09-23 07:18:35,CAT-D6-DOZ-008,890,6.09,48.75,539.4,73.8,88.3,223.5,0.1,24.9,0.4,True,False
2026-09-23 07:18:35,CAT-980-WLD-005,900,7.0,48.75,695.6,73.4,87.2,207.6,0.3,24.07,0.09,True,False
2026-09-23 07:18:40,CAT-320-EXC-014,883,5.45,48.7,546.7,74.0,87.3,223.2,0.91,24.64,0.0,True,False
2026-09-23 07:18:40,CAT-745-ART-002,876,6.53,48.7,536.5,73.1,87.3,227.3,0.23,25.07,0.35,True,False
2026-09-23 07:18:40,CAT-D6-DOZ-008,889,5.42,48.7,713.5,75.3,87.5,227.7,0.76,23.83,0.01,True,False
2026-09-23 07:18:40,CAT-980-WLD-005,906,5.91,48.7,955.8,72.5,87.1,237.1,0.13,22.03,0.0,True,False
2026-09-23 07:18:45,CAT-320-EXC-014,1737,32.67,48.66,4231.1,72.9,88.0,403.3,2.01,23.02,5.91,True,False
2026-09-23 07:18:45,CAT-745-ART-002,1765,32.29,48.66,4090.7,74.3,87.2,358.0,1.98,24.75,6.21,True,False
2026-09-23 07:18:45,CAT-D6-DOZ-008,1772,31.81,48.66,4274.6,75.7,88.0,369.3,1.66,23.69,5.71,True,False
2026-09-23 07:18:45,CAT-980-WLD-005,1763,32.48,48.66,3983.7,74.5,88.4,387.6,2.27,22.79,6.01,True,False
2026-09-23 07:18:50,CAT-320-EXC-014,1747,30.79,48.61,4289.6,73.8,88.3,401.7,1.64,25.05,7.28,True,False
2026-09-23 07:18:50,CAT-745-ART-002,1755,32.03,48.61,4540.8,73.7,87.1,384.0,2.13,23.96,7.05,True,False
2026-09-23 07:18:50,CAT-D6-DOZ-008,1788,30.26,48.61,4227.6,73.4,87.4,386.2,1.68,22.56,7.14,True,False
2026-09-23 07:18:50,CAT-980-WLD-005,1760,31.22,48.61,4303.7,73.7,88.4,389.3,1.65,23.94,7.22,True,False
2026-09-23 07:18:55,CAT-320-EXC-014,1737,32.86,48.57,4135.4,74.2,86.7,363.1,1.84,26.07,7.95,True,False
2026-09-23 07:18:55,CAT-745-ART-002,1781,31.96,48.57,4072.8,73.9,86.4,381.6,2.16,25.06,7.93,True,False
2026-09-23 07:18:55,CAT-D6-DOZ-008,1768,31.35,48.57,4229.8,72.1,87.5,374.6,2.08,23.93,8.19,True,False
2026-09-23 07:18:55,CAT-980-WLD-005,1738,32.39,48.57,4359.7,72.9,87.1,382.5,2.35,24.64,8.34,True,False
2026-09-23 07:19:00,CAT-320-EXC-014,1754,32.74,48.52,4391.3,74.5,87.6,384.8,2.45,26.05,8.79,True,False
2026-09-23 07:19:00,CAT-745-ART-002,1779,30.41,48.52,4204.4,74.1,88.6,376.0,2.48,23.61,8.67,True,False
2026-09-23 07:19:00,CAT-D6-DOZ-008,1772,32.11,48.52,4007.1,74.2,85.5,361.1,2.2,21.89,8.84,True,False
2026-09-23 07:19:00,CAT-980-WLD-005,1782,33.74,48.52,4266.9,72.6,89.7,327.5,1.67,25.01,9.19,True,False
2026-09-23 07:19:05,CAT-320-EXC-014,1761,31.62,48.47,4229.9,74.2,88.6,382.9,1.7,23.11,9.21,True,False
2026-09-23 07:19:05,CAT-745-ART-002,1807,32.23,48.47,4263.0,72.3,86.2,366.7,2.23,23.69,8.93,True,False
2026-09-23 07:19:05,CAT-D6-DOZ-008,1747,31.54,48.47,4550.9,75.7,88.9,374.5,1.8,22.72,9.35,True,False
2026-09-23 07:19:05,CAT-980-WLD-005,1787,31.33,48.47,4307.8,74.5,87.0,403.9,1.85,24.5,9.22,True,False
2026-09-23 07:19:10,CAT-320-EXC-014,1748,29.33,48.43,4126.0,74.1,86.4,389.6,1.63,23.61,9.54,True,False
2026-09-23 07:19:10,CAT-745-ART-002,1772,31.78,48.43,4319.8,71.1,87.9,366.7,1.68,24.24,9.8,True,False
2026-09-23 07:19:10,CAT-D6-DOZ-008,1710,31.64,48.43,3995.0,73.5,88.6,399.7,2.0,22.21,9.8,True,False
2026-09-23 07:19:10,CAT-980-WLD-005,1794,30.65,48.43,3902.6,74.0,88.6,356.7,1.87,25.45,9.28,True,False
2026-09-23 07:19:15,CAT-320-EXC-014,1763,33.58,48.38,4723.2,75.2,88.0,376.0,1.68,24.35,9.16,True,False
2026-09-23 07:19:15,CAT-745-ART-002,1783,30.81,48.38,4212.5,74.7,87.7,384.0,1.78,23.8,9.66,True,False
2026-09-23 07:19:15,CAT-D6-DOZ-008,1739,32.85,48.38,4402.1,74.2,87.8,393.1,1.78,25.13,9.48,True,False
2026-09-23 07:19:15,CAT-980-WLD-005,1738,32.37,48.38,4336.6,73.0,88.0,335.3,1.68,22.84,8.93,True,False
2026-09-23 07:19:20,CAT-320-EXC-014,1770,33.25,48.34,4098.0,74.0,89.5,378.3,2.11,25.07,8.53,True,False
2026-09-23 07:19:20,CAT-745-ART-002,1773,32.7,48.34,4061.7,74.7,88.9,383.6,1.78,25.55,8.82,True,False
2026-09-23 07:19:20,CAT-D6-DOZ-008,1773,33.49,48.34,4221.2,72.4,88.3,383.2,1.67,24.32,8.95,True,False
2026-09-23 07:19:20,CAT-980-WLD-005,1785,32.57,48.34,4352.5,74.7,88.0,369.1,1.64,23.62,8.65,True,False
2026-09-23 07:19:25,CAT-320-EXC-014,1734,30.71,48.29,4250.0,75.9,87.3,409.4,2.23,25.29,8.55,True,False
2026-09-23 07:19:25,CAT-745-ART-002,1794,31.62,48.29,4316.2,74.6,86.7,389.6,1.7,24.82,8.08,True,False
2026-09-23 07:19:25,CAT-D6-DOZ-008,1767,30.59,48.29,4005.1,73.4,88.7,384.1,1.88,22.46,8.38,True,False
2026-09-23 07:19:25,CAT-980-WLD-005,1711,31.81,48.29,4178.7,73.2,86.9,360.5,1.62,22.35,8.43,True,False
2026-09-23 07:19:30,CAT-320-EXC-014,1763,33.2,48.24,4366.9,73.9,86.2,411.5,2.05,24.88,7.63,True,False
2026-09-23 07:19:30,CAT-745-ART-002,1752,34.47,48.24,4078.3,74.8,88.8,351.9,1.72,25.35,7.07,True,False
2026-09-23 07:19:30,CAT-D6-DOZ-008,1750,30.31,48.24,4278.1,74.1,90.0,382.4,1.81,23.95,7.41,True,False
2026-09-23 07:19:30,CAT-980-WLD-005,1749,33.16,48.24,4377.3,71.8,88.5,367.6,1.88,23.89,7.38,True,False
2026-09-23 07:19:35,CAT-320-EXC-014,1752,33.65,48.2,4056.6,75.3,88.8,386.3,2.01,23.03,6.09,True,False
2026-09-23 07:19:35,CAT-745-ART-002,1745,32.7,48.2,4624.8,74.7,86.3,396.7,1.7,25.38,6.58,True,False
2026-09-23 07:19:35,CAT-D6-DOZ-008,1748,31.73,48.2,4411.5,72.6,87.2,375.3,1.61,23.24,6.11,True,False
2026-09-23 07:19:35,CAT-980-WLD-005,1786,32.26,48.2,4130.7,75.2,87.6,384.3,2.04,26.6,6.1,True,False
2026-09-23 07:19:40,CAT-320-EXC-014,1763,31.36,48.15,4157.0,73.2,88.5,375.6,1.72,24.12,8.73,True,False
2026-09-23 07:19:40,CAT-745-ART-002,1775,32.19,48.15,4398.9,73.8,89.9,358.7,2.27,22.73,8.63,True,False
2026-09-23 07:19:40,CAT-D6-DOZ-008,1765,32.14,48.15,4072.7,74.4,88.0,378.1,1.66,23.62,8.96,True,False
2026-09-23 07:19:40,CAT-980-WLD-005,1780,32.12,48.15,3752.3,72.7,88.1,364.2,2.1,23.93,9.3,True,False
2026-09-23 07:19:45,CAT-320-EXC-014,1739,31.0,48.11,4133.8,74.7,87.1,373.2,1.7,23.92,9.15,True,False
2026-09-23 07:19:45,CAT-745-ART-002,1758,33.58,48.11,4146.3,74.1,86.7,358.3,2.02,25.35,8.51,True,False
2026-09-23 07:19:45,CAT-D6-DOZ-008,1748,30.7,48.11,4121.6,73.1,87.4,385.6,2.04,24.11,8.46,True,False
2026-09-23 07:19:45,CAT-980-WLD-005,1749,32.75,48.11,4326.4,70.9,87.6,396.0,1.87,25.9,9.0,True,False
2026-09-23 07:19:50,CAT-320-EXC-014,1792,33.14,48.06,4274.7,74.8,88.3,371.3,1.63,23.53,8.45,True,False
2026-09-23 07:19:50,CAT-745-ART-002,1758,32.22,48.06,4343.6,73.9,85.4,392.5,1.87,25.0,9.01,True,False
2026-09-23 07:19:50,CAT-D6-DOZ-008,1747,31.22,48.06,4482.5,73.5,88.0,363.5,1.85,25.5,8.99,True,False
2026-09-23 07:19:50,CAT-980-WLD-005,1793,32.55,48.06,4106.0,72.6,89.8,385.3,1.66,24.07,8.98,True,False
2026-09-23 07:19:55,CAT-320-EXC-014,1738,31.54,48.02,4378.3,75.6,89.4,389.5,1.96,24.15,8.8,True,False
2026-09-23 07:19:55,CAT-745-ART-002,1754,32.15,48.02,3976.0,72.1,87.9,402.9,1.75,23.44,9.4,True,False
2026-09-23 07:19:55,CAT-D6-DOZ-008,1731,31.83,48.02,4231.0,73.9,87.7,353.4,1.78,24.34,8.69,True,False
2026-09-23 07:19:55,CAT-980-WLD-005,1746,30.33,48.02,4264.4,74.5,88.9,318.3,1.91,22.38,8.81,True,False
2026-09-23 07:20:00,CAT-320-EXC-014,1773,32.46,47.97,3977.5,73.5,88.2,397.1,1.93,24.01,8.47,True,False
2026-09-23 07:20:00,CAT-745-ART-002,1684,33.2,47.97,4353.6,74.2,89.4,363.6,1.82,23.49,9.6,True,False
2026-09-23 07:20:00,CAT-D6-DOZ-008,1752,33.03,47.97,4173.5,74.0,88.0,391.1,1.95,24.21,8.63,True,False
2026-09-23 07:20:00,CAT-980-WLD-005,1790,31.38,47.97,4259.8,73.7,88.9,396.6,2.15,23.15,8.61,True,False
2026-09-23 07:20:05,CAT-320-EXC-014,1771,31.62,47.92,4478.6,74.3,88.7,374.0,1.72,24.6,9.19,True,False
2026-09-23 07:20:05,CAT-745-ART-002,1744,31.68,47.92,4277.2,73.1,86.6,372.5,1.61,25.11,9.27,True,False
2026-09-23 07:20:05,CAT-D6-DOZ-008,1748,33.91,47.92,4094.7,74.3,89.2,365.8,1.86,22.52,9.19,True,False
2026-09-23 07:20:05,CAT-980-WLD-005,1762,31.62,47.92,4636.1,74.6,88.8,359.9,2.07,24.23,9.21,True,False
2026-09-23 07:20:10,CAT-320-EXC-014,1758,31.34,47.88,4413.4,75.4,87.6,385.7,1.82,24.26,8.4,True,False
2026-09-23 07:20:10,CAT-745-ART-002,1765,30.28,47.88,4343.4,73.6,87.4,354.7,1.81,22.8,8.5,True,False
2026-09-23 07:20:10,CAT-D6-DOZ-008,1744,31.28,47.88,4409.3,73.5,88.3,372.4,2.32,24.46,9.37,True,False
2026-09-23 07:20:10,CAT-980-WLD-005,1775,32.21,47.88,4125.8,72.2,89.3,369.0,2.15,24.47,9.04,True,False
2026-09-23 07:20:15,CAT-320-EXC-014,1759,31.72,47.83,4388.8,75.5,88.3,364.2,2.05,25.36,8.78,True,False
2026-09-23 07:20:15,CAT-745-ART-002,1754,31.69,47.83,4584.7,74.2,87.1,338.2,1.77,21.54,8.75,True,False
2026-09-23 07:20:15,CAT-D6-DOZ-008,1790,35.07,47.83,4284.6,71.6,88.4,417.3,2.21,24.45,9.42,True,False
2026-09-23 07:20:15,CAT-980-WLD-005,1747,32.25,47.83,3871.5,73.8,88.1,371.5,2.0,24.46,8.59,True,False
2026-09-23 07:20:20,CAT-320-EXC-014,1768,32.11,47.79,4475.4,72.4,86.7,404.8,2.18,24.12,8.98,True,False
2026-09-23 07:20:20,CAT-745-ART-002,1775,33.25,47.79,4280.4,74.3,86.8,378.2,2.44,24.36,9.49,True,False
2026-09-23 07:20:20,CAT-D6-DOZ-008,1738,31.4,47.79,4088.7,74.6,87.2,363.9,1.65,24.18,8.48,True,False
2026-09-23 07:20:20,CAT-980-WLD-005,1761,33.36,47.79,4490.6,73.4,86.2,392.4,1.9,23.01,9.0,True,False
2026-09-23 07:20:25,CAT-320-EXC-014,1748,32.31,47.74,4173.4,73.2,88.5,412.8,2.32,26.19,8.98,True,False
2026-09-23 07:20:25,CAT-745-ART-002,1762,30.36,47.74,4383.3,73.0,87.7,381.0,1.71,25.48,9.41,True,False
2026-09-23 07:20:25,CAT-D6-DOZ-008,1759,33.64,47.74,4587.6,74.2,87.3,378.3,1.91,24.72,8.9,True,False
2026-09-23 07:20:25,CAT-980-WLD-005,1754,32.47,47.74,4338.3,72.8,87.7,398.3,1.83,24.36,9.16,True,False
2026-09-23 07:20:30,CAT-320-EXC-014,868,5.8,47.69,439.1,73.8,89.1,221.5,0.16,23.63,0.0,True,False
2026-09-23 07:20:30,CAT-745-ART-002,887,8.03,47.69,392.3,74.4,88.5,243.9,0.18,22.31,0.4,True,False
2026-09-23 07:20:30,CAT-D6-DOZ-008,851,6.46,47.69,530.4,74.1,86.1,229.4,1.02,22.83,0.37,True,False
2026-09-23 07:20:30,CAT-980-WLD-005,912,5.85,47.69,324.0,74.1,88.2,228.7,0.09,26.64,0.14,True,False
2026-09-23 07:20:35,CAT-320-EXC-014,879,6.38,47.65,397.7,73.6,86.5,224.2,0.02,24.02,0.15,True,False
2026-09-23 07:20:35,CAT-745-ART-002,877,8.52,47.65,771.8,74.7,87.7,235.3,0.36,26.19,0.0,True,False
2026-09-23 07:20:35,CAT-D6-DOZ-008,904,6.27,47.65,785.0,73.5,87.3,220.2,0.24,24.68,0.15,True,False
2026-09-23 07:20:35,CAT-980-WLD-005,883,8.07,47.65,710.5,75.6,84.8,246.9,0.12,23.18,0.0,True,False
2026-09-23 07:20:40,CAT-320-EXC-014,927,4.88,47.6,985.4,73.7,89.6,223.3,0.33,21.6,0.03,True,False
2026-09-23 07:20:40,CAT-745-ART-002,884,7.1,47.6,627.5,73.3,86.9,244.3,0.08,23.73,0.0,True,False
2026-09-23 07:20:40,CAT-D6-DOZ-008,883,5.27,47.6,716.6,74.8,88.2,201.7,0.21,23.61,0.0,True,False
2026-09-23 07:20:40,CAT-980-WLD-005,851,5.44,47.6,830.8,74.3,87.1,223.1,0.71,22.84,0.0,True,False
2026-09-23 07:20:45,CAT-320-EXC-014,888,7.54,47.56,628.0,72.7,88.9,228.5,0.27,23.89,0.17,True,False
2026-09-23 07:20:45,CAT-745-ART-002,895,7.15,47.56,530.8,73.9,86.9,202.6,0.02,21.81,0.0,True,False
2026-09-23 07:20:45,CAT-D6-DOZ-008,852,5.32,47.56,436.8,74.6,87.8,196.5,0.18,23.21,0.33,True,False
2026-09-23 07:20:45,CAT-980-WLD-005,904,6.33,47.56,427.2,74.3,88.9,214.2,0.05,24.66,0.07,True,False
2026-09-23 07:20:50,CAT-320-EXC-014,884,7.3,47.51,1175.2,75.3,87.6,231.6,0.01,23.74,0.02,True,False
2026-09-23 07:20:50,CAT-745-ART-002,852,5.99,47.51,670.8,74.7,88.4,201.5,0.2,24.36,0.0,True,False
2026-09-23 07:20:50,CAT-D6-DOZ-008,840,7.21,47.51,730.6,72.5,87.6,263.8,0.4,24.15,0.01,True,False
2026-09-23 07:20:50,CAT-980-WLD-005,882,7.33,47.51,620.8,74.5,87.8,195.5,0.02,25.05,0.4,True,False
2026-09-23 07:20:55,CAT-320-EXC-014,910,7.91,47.46,948.6,72.5,89.0,227.0,0.35,22.84,0.31,True,False
2026-09-23 07:20:55,CAT-745-ART-002,871,4.93,47.46,566.4,73.0,89.0,210.7,0.33,24.04,0.0,True,False
2026-09-23 07:20:55,CAT-D6-DOZ-008,908,5.81,47.46,439.2,72.9,88.5,226.8,0.06,24.59,0.0,True,False
2026-09-23 07:20:55,CAT-980-WLD-005,884,5.3,47.46,723.9,72.8,88.3,243.2,0.32,24.47,0.0,True,False
2026-09-23 07:21:00,CAT-320-EXC-014,1278,6.31,47.42,512.6,74.4,86.5,392.3,8.25,22.61,0.16,True,False
2026-09-23 07:21:00,CAT-745-ART-002,1254,7.04,47.42,536.1,72.8,87.6,367.0,7.66,26.17,0.0,True,False
2026-09-23 07:21:00,CAT-D6-DOZ-008,1267,6.48,47.42,692.1,73.9,87.2,374.9,7.7,22.52,0.09,True,False
2026-09-23 07:21:00,CAT-980-WLD-005,1239,5.42,47.42,442.8,75.6,89.3,381.4,7.52,22.49,0.0,True,False
2026-09-23 07:21:05,CAT-320-EXC-014,1266,6.83,47.37,560.0,72.6,89.2,369.7,8.26,23.12,0.0,True,False
2026-09-23 07:21:05,CAT-745-ART-002,1272,4.45,47.37,291.9,73.1,88.9,386.0,7.51,24.33,0.0,True,False
2026-09-23 07:21:05,CAT-D6-DOZ-008,1285,6.33,47.37,839.4,72.0,88.5,357.6,7.51,23.95,0.31,True,False
2026-09-23 07:21:05,CAT-980-WLD-005,1246,6.32,47.37,805.2,74.4,88.5,414.1,7.57,24.72,0.0,True,False
2026-09-23 07:21:10,CAT-320-EXC-014,1288,5.13,47.33,511.4,72.3,87.3,364.4,8.27,24.71,0.0,True,False
2026-09-23 07:21:10,CAT-745-ART-002,1257,7.6,47.33,507.7,75.9,89.3,392.6,7.66,22.79,0.0,True,False
2026-09-23 07:21:10,CAT-D6-DOZ-008,1255,5.82,47.33,650.5,74.0,86.5,401.3,8.23,22.41,0.0,True,False
2026-09-23 07:21:10,CAT-980-WLD-005,1215,5.48,47.33,524.6,74.3,87.8,321.5,7.67,25.41,0.17,True,False
2026-09-23 07:21:15,CAT-320-EXC-014,893,5.89,47.28,603.3,74.1,87.7,221.6,0.6,23.76,0.0,True,False
2026-09-23 07:21:15,CAT-745-ART-002,887,5.71,47.28,521.2,74.8,88.1,214.7,0.4,24.03,0.0,True,False
2026-09-23 07:21:15,CAT-D6-DOZ-008,873,5.75,47.28,515.2,75.2,86.9,202.1,0.19,25.14,0.2,True,False
2026-09-23 07:21:15,CAT-980-WLD-005,846,7.39,47.28,522.6,73.3,88.0,222.0,0.19,24.01,0.0,True,False
2026-09-23 07:21:20,CAT-320-EXC-014,900,6.36,47.24,573.7,73.4,88.9,217.1,0.44,25.39,0.1,True,False
2026-09-23 07:21:20,CAT-745-ART-002,916,8.49,47.24,537.1,74.4,86.2,210.0,0.3,22.44,0.21,True,False
2026-09-23 07:21:20,CAT-D6-DOZ-008,855,6.59,47.24,382.4,74.0,86.6,195.8,1.2,23.01,0.11,True,False
2026-09-23 07:21:20,CAT-980-WLD-005,885,6.84,47.24,771.6,73.2,88.5,220.8,0.47,23.59,0.0,True,False
2026-09-23 07:21:25,CAT-320-EXC-014,904,7.69,47.19,200.0,74.2,87.9,246.6,0.12,25.26,0.0,True,False
2026-09-23 07:21:25,CAT-745-ART-002,878,5.01,47.19,227.6,73.0,87.0,208.6,0.59,26.54,0.15,True,False
2026-09-23 07:21:25,CAT-D6-DOZ-008,840,6.16,47.19,649.1,74.7,87.8,213.6,0.07,24.82,0.0,True,False
2026-09-23 07:21:25,CAT-980-WLD-005,875,6.84,47.19,354.8,72.6,88.9,216.6,0.01,22.03,0.07,True,False
2026-09-23 07:21:30,CAT-320-EXC-014,1756,32.22,47.14,4371.0,74.7,88.6,378.9,2.26,24.68,5.73,True,False
2026-09-23 07:21:30,CAT-745-ART-002,1747,32.63,47.14,4142.4,73.7,87.5,388.4,1.6,23.96,5.58,True,False
2026-09-23 07:21:30,CAT-D6-DOZ-008,1758,34.52,47.14,4292.1,72.4,87.8,370.5,1.61,24.31,5.55,True,False
2026-09-23 07:21:30,CAT-980-WLD-005,1729,32.77,47.14,3983.1,75.9,89.7,332.4,1.77,23.12,5.54,True,False
2026-09-23 07:21:35,CAT-320-EXC-014,1746,31.45,47.1,4510.0,75.0,88.6,392.4,2.01,23.56,6.56,True,False
2026-09-23 07:21:35,CAT-745-ART-002,1754,32.19,47.1,4326.0,74.4,89.3,383.9,2.11,25.55,6.27,True,False
2026-09-23 07:21:35,CAT-D6-DOZ-008,1733,32.93,47.1,4104.2,75.4,88.3,374.6,1.61,24.5,6.24,True,False
2026-09-23 07:21:35,CAT-980-WLD-005,1759,32.81,47.1,4503.3,74.8,87.5,360.5,2.52,24.25,6.83,True,False
2026-09-23 07:21:40,CAT-320-EXC-014,1787,31.68,47.05,4216.3,75.2,87.0,375.9,2.2,22.78,7.24,True,False
2026-09-23 07:21:40,CAT-745-ART-002,1743,33.43,47.05,3884.3,73.4,86.7,396.5,1.77,24.4,7.15,True,False
2026-09-23 07:21:40,CAT-D6-DOZ-008,1748,34.22,47.05,4380.0,74.6,89.3,361.9,1.66,23.9,7.7,True,False
2026-09-23 07:21:40,CAT-980-WLD-005,1777,29.89,47.05,4412.3,73.0,87.0,402.1,1.95,23.58,7.95,True,False
2026-09-23 07:21:45,CAT-320-EXC-014,1779,31.2,47.01,4206.1,74.6,87.6,406.6,1.68,23.33,8.79,True,False
2026-09-23 07:21:45,CAT-745-ART-002,1744,33.27,47.01,4189.2,73.2,87.1,366.8,1.88,22.59,8.79,True,False
2026-09-23 07:21:45,CAT-D6-DOZ-008,1758,31.73,47.01,4341.7,74.9,89.1,383.8,2.04,24.72,8.16,True,False
2026-09-23 07:21:45,CAT-980-WLD-005,1721,34.05,47.01,4104.1,75.2,89.5,365.0,2.0,25.43,8.21,True,False
2026-09-23 07:21:50,CAT-320-EXC-014,1762,33.4,46.96,4092.8,74.6,88.1,376.3,1.6,23.23,9.07,True,False
2026-09-23 07:21:50,CAT-745-ART-002,1754,32.0,46.96,4433.7,74.4,89.1,370.5,1.88,23.98,8.72,True,False
2026-09-23 07:21:50,CAT-D6-DOZ-008,1752,30.97,46.96,3897.9,75.2,87.9,382.5,2.16,22.56,9.3,True,False
2026-09-23 07:21:50,CAT-980-WLD-005,1792,30.33,46.96,4148.7,74.4,88.8,417.7,1.95,25.94,9.16,True,False
2026-09-23 07:21:55,CAT-320-EXC-014,1727,32.87,46.91,4310.0,75.5,88.7,360.8,1.71,24.45,9.42,True,False
2026-09-23 07:21:55,CAT-745-ART-002,1796,32.41,46.91,4189.2,72.3,88.1,379.3,2.2,24.42,9.65,True,False
2026-09-23 07:21:55,CAT-D6-DOZ-008,1743,29.89,46.91,4204.9,73.3,88.3,361.2,1.91,23.03,9.33,True,False
2026-09-23 07:21:55,CAT-980-WLD-005,1765,28.87,46.91,4248.6,72.6,87.4,405.6,1.7,24.9,9.44,True,False
2026-09-23 07:22:00,CAT-320-EXC-014,1788,29.6,46.87,4017.4,75.3,89.6,371.8,1.75,26.66,9.22,True,False
2026-09-23 07:22:00,CAT-745-ART-002,1763,32.36,46.87,4403.5,75.0,89.0,372.2,1.75,24.73,9.23,True,False
2026-09-23 07:22:00,CAT-D6-DOZ-008,1715,30.57,46.87,4117.6,74.9,86.8,356.7,1.65,24.27,9.78,True,False
2026-09-23 07:22:00,CAT-980-WLD-005,1813,31.76,46.87,4155.1,74.3,89.1,393.7,2.54,23.18,9.33,True,False
2026-09-23 07:22:05,CAT-320-EXC-014,1779,30.14,46.82,4603.3,73.1,89.9,379.6,2.2,23.46,9.15,True,False
2026-09-23 07:22:05,CAT-745-ART-002,1760,32.44,46.82,4315.9,73.8,90.5,396.7,1.68,22.54,9.09,True,False
2026-09-23 07:22:05,CAT-D6-DOZ-008,1766,30.35,46.82,4468.1,74.1,87.9,390.6,1.94,20.95,8.72,True,False
2026-09-23 07:22:05,CAT-980-WLD-005,1725,31.97,46.82,4613.2,74.4,87.0,363.4,2.51,23.65,8.72,True,False
2026-09-23 07:22:10,CAT-320-EXC-014,1784,32.05,46.78,4390.5,72.2,88.7,355.1,1.79,20.98,8.44,True,False
2026-09-23 07:22:10,CAT-745-ART-002,1730,30.81,46.78,4164.2,73.2,88.7,370.7,1.65,21.7,8.62,True,False
2026-09-23 07:22:10,CAT-D6-DOZ-008,1751,31.4,46.78,4062.7,75.9,89.1,370.7,1.78,24.72,8.21,True,False
2026-09-23 07:22:10,CAT-980-WLD-005,1749,32.94,46.78,4263.7,73.9,88.2,394.7,1.8,23.67,8.32,True,False
2026-09-23 07:22:15,CAT-320-EXC-014,1759,30.74,46.73,4527.1,75.0,90.1,371.6,1.72,26.39,7.47,True,False
2026-09-23 07:22:15,CAT-745-ART-002,1742,32.44,46.73,4118.2,73.5,89.8,380.0,1.96,23.23,7.97,True,False
2026-09-23 07:22:15,CAT-D6-DOZ-008,1768,30.56,46.73,4419.2,73.6,87.5,405.2,2.26,23.9,7.66,True,False
2026-09-23 07:22:15,CAT-980-WLD-005,1734,31.02,46.73,4375.8,74.6,87.6,413.4,1.81,23.97,7.49,True,False
2026-09-23 07:22:20,CAT-320-EXC-014,1710,31.06,46.69,4431.5,72.5,89.0,342.4,1.62,23.29,6.66,True,False
2026-09-23 07:22:20,CAT-745-ART-002,1766,34.04,46.69,4101.7,73.1,88.2,380.7,2.06,26.86,6.44,True,False
2026-09-23 07:22:20,CAT-D6-DOZ-008,1759,32.17,46.69,4381.8,74.6,90.5,370.8,2.03,23.6,6.8,True,False
2026-09-23 07:22:20,CAT-980-WLD-005,1756,33.42,46.69,4099.7,74.1,87.9,372.4,1.93,22.93,6.82,True,False
2026-09-23 07:22:25,CAT-320-EXC-014,1763,30.19,46.64,4326.8,74.3,88.6,392.6,1.73,24.57,5.5,True,False
2026-09-23 07:22:25,CAT-745-ART-002,1748,31.12,46.64,4261.4,73.8,88.1,374.6,1.7,23.57,6.07,True,False
2026-09-23 07:22:25,CAT-D6-DOZ-008,1781,32.61,46.64,4022.6,74.6,87.3,332.0,1.9,24.12,5.58,True,False
2026-09-23 07:22:25,CAT-980-WLD-005,1739,32.32,46.64,4446.4,75.0,86.3,377.9,1.75,23.6,6.0,True,False
2026-09-23 07:22:30,CAT-320-EXC-014,1790,31.59,46.59,3951.0,73.5,87.2,354.5,2.07,24.64,8.8,True,False
2026-09-23 07:22:30,CAT-745-ART-002,1740,32.77,46.59,4391.4,72.3,88.6,349.9,1.64,23.0,8.92,True,False
2026-09-23 07:22:30,CAT-D6-DOZ-008,1745,32.77,46.59,4295.6,76.2,88.3,371.5,2.23,25.89,8.58,True,False
2026-09-23 07:22:30,CAT-980-WLD-005,1808,32.0,46.59,4036.4,72.6,86.2,383.8,2.15,24.4,8.57,True,False
2026-09-23 07:22:35,CAT-320-EXC-014,1749,32.35,46.55,4221.2,74.5,89.1,406.5,1.88,24.84,9.1,True,False
2026-09-23 07:22:35,CAT-745-ART-002,1755,31.72,46.55,4253.0,71.2,89.7,375.5,2.32,25.38,8.63,True,False
2026-09-23 07:22:35,CAT-D6-DOZ-008,1791,32.21,46.55,4299.4,75.2,86.4,362.5,1.91,23.8,8.59,True,False
2026-09-23 07:22:35,CAT-980-WLD-005,1747,32.71,46.55,4290.2,75.0,88.7,406.0,1.61,22.12,8.59,True,False
2026-09-23 07:22:40,CAT-320-EXC-014,1777,32.12,46.5,4099.7,75.3,87.6,380.6,1.85,25.87,8.5,True,False
2026-09-23 07:22:40,CAT-745-ART-002,1718,30.8,46.5,4104.5,74.5,88.4,399.7,2.33,23.83,9.21,True,False
2026-09-23 07:22:40,CAT-D6-DOZ-008,1751,30.84,46.5,4151.8,74.8,88.3,343.4,1.9,24.38,9.16,True,False
2026-09-23 07:22:40,CAT-980-WLD-005,1733,31.48,46.5,3878.4,75.2,86.8,400.6,1.81,24.74,8.72,True,False
2026-09-23 07:22:45,CAT-320-EXC-014,1771,32.36,46.46,4261.5,74.6,87.7,387.5,1.92,23.12,8.97,True,False
2026-09-23 07:22:45,CAT-745-ART-002,1752,31.63,46.46,4097.9,73.3,87.6,372.6,1.7,24.38,9.51,True,False
2026-09-23 07:22:45,CAT-D6-DOZ-008,1745,32.13,46.46,4034.7,75.8,89.3,390.5,2.38,23.88,8.3,True,False
2026-09-23 07:22:45,CAT-980-WLD-005,1751,33.43,46.46,4254.1,75.5,87.4,363.7,1.87,23.42,8.62,True,False
2026-09-23 07:22:50,CAT-320-EXC-014,1787,30.09,46.41,3990.5,76.1,88.8,399.8,2.32,21.73,8.86,True,False
2026-09-23 07:22:50,CAT-745-ART-002,1762,30.9,46.41,4255.1,75.0,88.4,378.5,1.99,25.99,9.66,True,False
2026-09-23 07:22:50,CAT-D6-DOZ-008,1759,31.09,46.41,4408.7,76.2,87.6,370.9,1.83,25.43,9.36,True,False
2026-09-23 07:22:50,CAT-980-WLD-005,1768,32.83,46.41,4313.3,75.7,88.1,376.8,2.43,23.85,8.91,True,False
2026-09-23 07:22:55,CAT-320-EXC-014,1769,34.33,46.36,4803.7,74.2,88.6,398.7,2.39,25.27,8.76,True,False
2026-09-23 07:22:55,CAT-745-ART-002,1792,30.42,46.36,4221.3,75.6,88.1,386.8,1.93,23.86,9.04,True,False
2026-09-23 07:22:55,CAT-D6-DOZ-008,1768,31.34,46.36,4412.4,75.1,89.3,383.7,1.79,24.83,9.12,True,False
2026-09-23 07:22:55,CAT-980-WLD-005,1784,33.81,46.36,4210.3,75.0,88.5,403.0,2.31,21.25,9.25,True,False
2026-09-23 07:23:00,CAT-320-EXC-014,1786,32.47,46.32,4306.3,72.6,88.6,368.5,1.64,23.93,8.58,True,False
2026-09-23 07:23:00,CAT-745-ART-002,1768,32.04,46.32,4059.0,75.7,88.2,399.4,1.84,22.85,8.61,True,False
2026-09-23 07:23:00,CAT-D6-DOZ-008,1786,32.0,46.32,4117.3,74.5,88.4,356.2,1.63,22.87,9.18,True,False
2026-09-23 07:23:00,CAT-980-WLD-005,1709,32.01,46.32,4526.8,74.7,88.2,416.7,1.66,24.44,8.77,True,False
2026-09-23 07:23:05,CAT-320-EXC-014,1777,33.63,46.27,4340.5,74.2,88.1,385.8,2.1,25.16,9.65,True,False
2026-09-23 07:23:05,CAT-745-ART-002,1738,32.57,46.27,4242.4,76.2,89.6,402.2,1.78,25.97,9.01,True,False
2026-09-23 07:23:05,CAT-D6-DOZ-008,1748,30.66,46.27,3949.4,75.2,87.3,386.0,2.27,24.64,9.18,True,False
2026-09-23 07:23:05,CAT-980-WLD-005,1785,31.33,46.27,4236.5,77.2,88.1,362.9,2.07,22.89,9.33,True,False
2026-09-23 07:23:10,CAT-320-EXC-014,1765,32.56,46.23,4295.4,75.2,90.1,366.9,1.89,22.22,9.39,True,False
2026-09-23 07:23:10,CAT-745-ART-002,1755,32.1,46.23,4275.8,74.6,87.7,369.3,1.84,25.26,9.07,True,False
2026-09-23 07:23:10,CAT-D6-DOZ-008,1772,32.07,46.23,4285.5,74.5,87.7,381.0,2.06,24.84,8.89,True,False
2026-09-23 07:23:10,CAT-980-WLD-005,1758,31.16,46.23,4370.6,73.9,87.3,358.3,2.05,24.06,9.08,True,False
2026-09-23 07:23:15,CAT-320-EXC-014,1772,31.92,46.18,4039.6,73.3,86.1,389.0,1.74,25.11,9.26,True,False
2026-09-23 07:23:15,CAT-745-ART-002,1751,31.92,46.18,4378.5,73.2,87.6,400.8,2.16,24.85,8.71,True,False
2026-09-23 07:23:15,CAT-D6-DOZ-008,1740,32.47,46.18,4182.0,75.9,88.4,404.7,2.52,23.37,8.98,True,False
2026-09-23 07:23:15,CAT-980-WLD-005,1728,32.1,46.18,4143.7,75.0,88.8,387.3,1.65,26.3,9.74,True,False
2026-09-23 07:23:20,CAT-320-EXC-014,911,4.74,46.13,668.1,73.8,89.1,240.1,0.43,23.47,0.16,True,False
2026-09-23 07:23:20,CAT-745-ART-002,881,7.08,46.13,539.2,73.3,88.1,218.6,0.26,25.22,0.1,True,False
2026-09-23 07:23:20,CAT-D6-DOZ-008,882,5.93,46.13,794.2,76.3,89.5,235.2,0.01,24.81,0.19,True,False
2026-09-23 07:23:20,CAT-980-WLD-005,853,3.86,46.13,826.8,73.4,89.1,205.2,0.15,24.63,0.0,True,False
2026-09-23 07:23:25,CAT-320-EXC-014,905,7.46,46.09,435.9,75.5,89.4,219.1,0.63,24.45,0.06,True,False
2026-09-23 07:23:25,CAT-745-ART-002,850,6.42,46.09,938.1,72.9,88.8,251.1,1.04,26.75,0.0,True,False
2026-09-23 07:23:25,CAT-D6-DOZ-008,852,6.25,46.09,534.6,75.5,89.4,193.6,0.62,24.06,0.4,True,False
2026-09-23 07:23:25,CAT-980-WLD-005,856,5.97,46.09,699.3,75.3,91.0,238.2,0.07,23.38,0.27,True,False
2026-09-23 07:23:30,CAT-320-EXC-014,904,6.62,46.04,383.6,73.9,88.2,217.0,0.85,23.43,0.07,True,False
2026-09-23 07:23:30,CAT-745-ART-002,871,6.02,46.04,627.9,72.7,88.0,230.0,0.47,24.73,0.12,True,False
2026-09-23 07:23:30,CAT-D6-DOZ-008,886,8.4,46.04,394.9,73.3,88.7,189.1,0.04,24.33,0.0,True,False
2026-09-23 07:23:30,CAT-980-WLD-005,876,6.78,46.04,671.3,74.5,88.5,240.0,0.15,23.51,0.0,True,False
2026-09-23 07:23:35,CAT-320-EXC-014,881,3.65,46.0,846.2,75.0,89.2,222.6,0.26,23.71,0.04,True,False
2026-09-23 07:23:35,CAT-745-ART-002,893,5.82,46.0,368.9,74.4,88.4,251.5,0.18,25.06,0.0,True,False
2026-09-23 07:23:35,CAT-D6-DOZ-008,873,5.28,46.0,665.5,74.6,88.8,219.7,0.56,23.71,0.2,True,False
2026-09-23 07:23:35,CAT-980-WLD-005,919,6.43,46.0,1045.8,74.7,89.9,203.6,0.07,23.03,0.16,True,False
2026-09-23 07:23:40,CAT-320-EXC-014,851,6.44,45.95,635.8,75.4,85.7,233.3,0.57,24.21,0.0,True,False
2026-09-23 07:23:40,CAT-745-ART-002,869,6.85,45.95,579.6,75.2,87.3,228.2,0.22,22.9,0.0,True,False
2026-09-23 07:23:40,CAT-D6-DOZ-008,856,7.39,45.95,534.4,73.5,87.9,228.1,0.09,23.09,0.0,True,False
2026-09-23 07:23:40,CAT-980-WLD-005,917,7.25,45.95,602.5,74.5,89.3,207.8,0.41,25.73,0.01,True,False
2026-09-23 07:23:45,CAT-320-EXC-014,1245,5.91,45.91,750.1,73.0,87.4,358.1,8.69,25.75,0.0,True,False
2026-09-23 07:23:45,CAT-745-ART-002,1239,6.53,45.91,604.1,73.4,88.8,378.0,8.08,23.54,0.0,True,False
2026-09-23 07:23:45,CAT-D6-DOZ-008,1230,8.56,45.91,1085.2,73.0,89.7,415.3,7.61,23.06,0.0,True,False
2026-09-23 07:23:45,CAT-980-WLD-005,1282,6.92,45.91,832.4,74.9,88.6,392.2,7.58,24.55,0.32,True,False
2026-09-23 07:23:50,CAT-320-EXC-014,1225,6.34,45.86,630.2,74.8,87.1,349.1,7.57,21.77,0.11,True,False
2026-09-23 07:23:50,CAT-745-ART-002,1218,5.81,45.86,550.5,74.9,88.8,382.7,7.59,22.61,0.08,True,False
2026-09-23 07:23:50,CAT-D6-DOZ-008,1236,6.08,45.86,327.1,75.4,88.1,363.8,7.54,22.82,0.0,True,False
2026-09-23 07:23:50,CAT-980-WLD-005,1243,5.36,45.86,336.9,73.6,89.3,322.2,8.13,23.75,0.17,True,False
2026-09-23 07:23:55,CAT-320-EXC-014,1283,7.59,45.81,608.0,73.6,88.6,377.3,8.32,24.96,0.08,True,False
2026-09-23 07:23:55,CAT-745-ART-002,1290,4.88,45.81,309.8,74.4,89.0,354.2,7.93,25.17,0.0,True,False
2026-09-23 07:23:55,CAT-D6-DOZ-008,1257,6.9,45.81,601.6,74.5,89.5,390.3,7.87,22.91,0.08,True,False
2026-09-23 07:23:55,CAT-980-WLD-005,1269,6.27,45.81,566.5,77.4,87.8,354.0,7.57,24.65,0.0,True,False
2026-09-23 07:24:00,CAT-320-EXC-014,896,6.5,45.77,480.5,75.6,87.4,224.8,0.53,23.34,0.0,True,False
2026-09-23 07:24:00,CAT-745-ART-002,896,8.88,45.77,658.7,73.0,86.2,235.1,0.01,25.36,0.19,True,False
2026-09-23 07:24:00,CAT-D6-DOZ-008,861,7.31,45.77,811.3,75.3,90.4,209.4,0.08,24.77,0.11,True,False
2026-09-23 07:24:00,CAT-980-WLD-005,907,9.05,45.77,555.1,73.9,87.7,194.7,0.14,25.51,0.0,True,False
2026-09-23 07:24:05,CAT-320-EXC-014,858,8.07,45.72,417.6,76.0,89.2,224.1,0.58,21.99,0.1,True,False
2026-09-23 07:24:05,CAT-745-ART-002,877,7.69,45.72,610.6,75.9,86.7,227.4,0.1,23.41,0.0,True,False
2026-09-23 07:24:05,CAT-D6-DOZ-008,876,5.77,45.72,489.6,75.9,87.8,220.7,0.65,24.83,0.4,True,False
2026-09-23 07:24:05,CAT-980-WLD-005,856,6.72,45.72,605.9,74.5,88.8,205.6,0.04,23.44,0.14,True,False
2026-09-23 07:24:10,CAT-320-EXC-014,885,7.51,45.68,582.2,75.1,88.2,203.9,0.34,24.6,0.0,True,False
2026-09-23 07:24:10,CAT-745-ART-002,861,7.36,45.68,542.4,73.5,88.1,220.6,0.3,23.84,0.0,True,False
2026-09-23 07:24:10,CAT-D6-DOZ-008,879,6.71,45.68,230.9,75.2,87.8,238.3,1.32,23.73,0.1,True,False
2026-09-23 07:24:10,CAT-980-WLD-005,881,6.53,45.68,363.8,74.3,88.8,231.5,0.47,24.01,0.0,True,False
2026-09-23 07:24:15,CAT-320-EXC-014,875,5.54,45.63,269.7,73.2,87.5,231.6,0.33,25.09,0.17,True,False
2026-09-23 07:24:15,CAT-745-ART-002,887,5.99,45.63,650.7,73.8,85.6,213.8,0.35,23.85,0.0,True,False
2026-09-23 07:24:15,CAT-D6-DOZ-008,873,6.25,45.63,483.1,74.9,89.9,225.7,0.58,23.22,0.17,True,False
2026-09-23 07:24:15,CAT-980-WLD-005,815,5.86,45.63,773.3,73.6,89.2,214.8,0.26,23.27,0.0,True,False
2026-09-23 07:24:20,CAT-320-EXC-014,1809,32.95,45.58,4238.4,74.2,88.2,354.6,1.7,24.36,5.96,True,False
2026-09-23 07:24:20,CAT-745-ART-002,1741,32.89,45.58,4326.4,73.6,88.0,396.0,1.75,23.02,5.78,True,False
2026-09-23 07:24:20,CAT-D6-DOZ-008,1761,32.7,45.58,4141.9,75.5,88.6,404.8,1.7,24.38,5.77,True,False
2026-09-23 07:24:20,CAT-980-WLD-005,1758,33.29,45.58,4301.4,75.0,87.1,381.8,1.93,25.21,5.84,True,False
2026-09-23 07:24:25,CAT-320-EXC-014,1767,34.63,45.54,4184.2,74.2,87.3,354.1,1.7,22.65,6.98,True,False
2026-09-23 07:24:25,CAT-745-ART-002,1754,32.86,45.54,4241.7,74.8,88.5,376.3,2.01,23.25,6.89,True,False
2026-09-23 07:24:25,CAT-D6-DOZ-008,1764,33.16,45.54,4288.4,73.7,88.5,402.5,1.84,22.6,6.89,True,False
2026-09-23 07:24:25,CAT-980-WLD-005,1768,32.78,45.54,4288.7,73.8,90.1,387.6,1.85,23.95,7.02,True,False
2026-09-23 07:24:30,CAT-320-EXC-014,1702,31.95,45.49,4341.2,74.2,89.2,341.7,1.85,23.66,7.95,True,False
2026-09-23 07:24:30,CAT-745-ART-002,1788,30.88,45.49,4245.7,72.9,88.1,367.8,1.73,23.13,7.51,True,False
2026-09-23 07:24:30,CAT-D6-DOZ-008,1766,31.53,45.49,4273.6,75.7,88.0,370.9,2.14,24.8,7.51,True,False
2026-09-23 07:24:30,CAT-980-WLD-005,1761,30.76,45.49,4267.3,75.4,88.3,377.0,1.84,24.38,7.84,True,False
2026-09-23 07:24:35,CAT-320-EXC-014,1726,32.33,45.45,4160.4,74.1,88.7,386.9,1.96,23.37,8.53,True,False
2026-09-23 07:24:35,CAT-745-ART-002,1772,33.1,45.45,4166.6,74.5,88.7,369.4,1.65,24.9,8.58,True,False
2026-09-23 07:24:35,CAT-D6-DOZ-008,1725,32.22,45.45,4033.6,75.6,88.6,366.3,2.31,23.29,8.58,True,False
2026-09-23 07:24:35,CAT-980-WLD-005,1762,29.05,45.45,4193.9,74.1,89.5,367.9,2.25,22.03,9.02,True,False
2026-09-23 07:24:40,CAT-320-EXC-014,1752,31.68,45.4,4362.4,76.6,90.8,386.6,1.82,25.72,9.18,True,False
2026-09-23 07:24:40,CAT-745-ART-002,1764,31.8,45.4,4171.9,76.6,88.5,394.6,1.99,22.44,9.22,True,False
2026-09-23 07:24:40,CAT-D6-DOZ-008,1750,29.17,45.4,4276.8,74.4,88.0,395.1,2.45,23.13,8.9,True,False
2026-09-23 07:24:40,CAT-980-WLD-005,1756,30.04,45.4,4436.2,74.2,87.7,385.8,2.5,22.87,8.88,True,False
2026-09-23 07:24:45,CAT-320-EXC-014,1794,29.2,45.36,4005.0,75.2,88.9,377.1,2.0,24.08,9.52,True,False
2026-09-23 07:24:45,CAT-745-ART-002,1788,33.01,45.36,4119.9,73.3,87.7,390.6,2.33,24.56,9.66,True,False
2026-09-23 07:24:45,CAT-D6-DOZ-008,1757,33.08,45.36,3946.9,75.7,89.7,374.3,1.87,24.54,9.52,True,False
2026-09-23 07:24:45,CAT-980-WLD-005,1743,33.08,45.36,4828.1,73.8,87.7,350.1,1.92,25.75,9.31,True,False
2026-09-23 07:24:50,CAT-320-EXC-014,1768,34.23,45.31,4640.3,75.0,86.9,385.4,1.83,25.06,8.91,True,False
2026-09-23 07:24:50,CAT-745-ART-002,1776,31.94,45.31,4084.5,75.9,88.8,379.1,1.95,21.77,9.09,True,False
2026-09-23 07:24:50,CAT-D6-DOZ-008,1766,32.79,45.31,4477.3,74.9,87.8,370.2,1.79,24.38,9.22,True,False
2026-09-23 07:24:50,CAT-980-WLD-005,1783,31.36,45.31,4495.6,73.6,87.9,377.4,2.09,22.66,9.16,True,False
2026-09-23 07:24:55,CAT-320-EXC-014,1773,32.5,45.26,4572.2,75.0,87.9,370.8,1.61,24.32,8.64,True,False
2026-09-23 07:24:55,CAT-745-ART-002,1765,32.23,45.26,4252.9,76.0,87.4,393.1,2.32,25.2,9.08,True,False
2026-09-23 07:24:55,CAT-D6-DOZ-008,1759,33.79,45.26,4150.9,75.5,87.3,384.2,1.8,24.41,9.34,True,False
2026-09-23 07:24:55,CAT-980-WLD-005,1778,32.35,45.26,4301.6,76.3,87.8,355.0,2.23,25.12,9.07,True,False
2026-09-23 07:25:00,CAT-320-EXC-014,1815,32.41,45.22,4342.6,76.0,87.4,389.2,1.65,22.44,8.23,True,False
2026-09-23 07:25:00,CAT-745-ART-002,1720,33.2,45.22,4213.5,75.5,87.3,372.8,2.62,23.26,8.32,True,False
2026-09-23 07:25:00,CAT-D6-DOZ-008,1733,32.45,45.22,4221.2,74.6,87.8,377.0,1.96,22.51,8.53,True,False
2026-09-23 07:25:00,CAT-980-WLD-005,1739,33.07,45.22,4248.5,75.0,89.6,372.1,1.8,25.42,8.43,True,False
2026-09-23 07:25:05,CAT-320-EXC-014,1789,32.7,45.17,4030.8,74.0,89.2,392.1,2.56,23.58,7.12,True,False
2026-09-23 07:25:05,CAT-745-ART-002,1761,32.49,45.17,4252.7,73.8,88.8,382.8,1.96,22.44,7.49,True,False
2026-09-23 07:25:05,CAT-D6-DOZ-008,1751,31.63,45.17,4340.2,73.3,90.2,394.3,2.4,25.49,7.46,True,False
2026-09-23 07:25:05,CAT-980-WLD-005,1751,32.03,45.17,4398.6,73.7,87.7,404.7,2.14,23.65,7.15,True,False
2026-09-23 07:25:10,CAT-320-EXC-014,1753,30.83,45.13,4020.4,75.2,87.6,369.9,2.04,25.97,6.62,True,False
2026-09-23 07:25:10,CAT-745-ART-002,1789,34.4,45.13,4157.1,75.6,88.5,373.8,1.8,23.44,6.64,True,False
2026-09-23 07:25:10,CAT-D6-DOZ-008,1765,32.03,45.13,3971.2,73.8,89.2,393.7,2.08,24.03,6.12,True,False
2026-09-23 07:25:10,CAT-980-WLD-005,1753,30.76,45.13,4313.2,73.6,88.8,384.6,1.95,23.18,6.19,True,False
2026-09-23 07:25:15,CAT-320-EXC-014,1746,29.97,45.08,4143.7,76.2,87.7,401.7,2.2,22.79,5.33,True,False
2026-09-23 07:25:15,CAT-745-ART-002,1753,32.29,45.08,4020.3,75.7,89.6,367.4,1.79,24.55,5.71,True,False
2026-09-23 07:25:15,CAT-D6-DOZ-008,1760,33.85,45.08,4396.3,73.0,88.1,359.9,1.81,25.34,5.42,True,False
2026-09-23 07:25:15,CAT-980-WLD-005,1744,28.22,45.08,4130.6,76.4,88.0,374.4,1.93,23.56,5.71,True,False
2026-09-23 07:25:20,CAT-320-EXC-014,1760,32.01,45.03,4260.1,75.8,87.5,401.2,2.28,24.12,9.0,True,False
2026-09-23 07:25:20,CAT-745-ART-002,1763,33.39,45.03,3814.0,75.2,87.5,364.0,1.63,25.27,8.78,True,False
2026-09-23 07:25:20,CAT-D6-DOZ-008,1736,33.12,45.03,4102.5,73.0,87.8,399.9,1.83,26.15,9.49,True,False
2026-09-23 07:25:20,CAT-980-WLD-005,1796,32.62,45.03,4217.9,73.7,89.4,378.3,1.85,21.59,8.82,True,False
2026-09-23 07:25:25,CAT-320-EXC-014,1730,32.37,44.99,4419.5,75.2,89.1,363.6,2.22,25.62,9.54,True,False
2026-09-23 07:25:25,CAT-745-ART-002,1743,30.88,44.99,3798.7,75.9,90.3,373.6,1.79,24.81,8.72,True,False
2026-09-23 07:25:25,CAT-D6-DOZ-008,1757,32.16,44.99,4192.6,75.0,88.9,378.9,2.04,23.0,8.44,True,False
2026-09-23 07:25:25,CAT-980-WLD-005,1779,31.54,44.99,3999.5,73.8,89.3,381.9,2.11,22.26,9.0,True,False
2026-09-23 07:25:30,CAT-320-EXC-014,1771,31.78,44.94,4446.5,75.4,87.6,395.4,1.94,22.98,8.95,True,False
2026-09-23 07:25:30,CAT-745-ART-002,1757,31.95,44.94,4455.5,73.2,88.3,358.6,2.44,26.05,8.59,True,False
2026-09-23 07:25:30,CAT-D6-DOZ-008,1758,31.87,44.94,4245.2,74.0,88.5,375.1,1.63,23.28,8.36,True,False
2026-09-23 07:25:30,CAT-980-WLD-005,1771,30.25,44.94,4178.3,74.1,88.2,360.9,1.92,22.92,9.59,True,False
2026-09-23 07:25:35,CAT-320-EXC-014,1749,32.0,44.9,4350.2,74.5,90.0,404.0,1.69,23.97,8.78,True,False
2026-09-23 07:25:35,CAT-745-ART-002,1755,31.32,44.9,4367.3,74.9,87.1,393.6,1.82,25.19,9.35,True,False
2026-09-23 07:25:35,CAT-D6-DOZ-008,1758,30.9,44.9,4057.3,76.1,87.3,375.1,1.84,24.63,8.56,True,False
2026-09-23 07:25:35,CAT-980-WLD-005,1755,33.25,44.9,4343.1,74.0,86.7,386.7,1.97,26.59,8.76,True,False
2026-09-23 07:25:40,CAT-320-EXC-014,1709,33.0,44.85,3826.2,74.9,87.9,388.7,2.08,23.07,9.3,True,False
2026-09-23 07:25:40,CAT-745-ART-002,1729,30.36,44.85,4010.9,75.6,89.8,387.9,1.75,22.9,8.96,True,False
2026-09-23 07:25:40,CAT-D6-DOZ-008,1742,32.85,44.85,3935.5,76.2,88.9,384.3,2.0,24.97,8.35,True,False
2026-09-23 07:25:40,CAT-980-WLD-005,1739,31.44,44.85,4318.8,77.7,87.9,382.0,1.73,26.28,9.28,True,False
2026-09-23 07:25:45,CAT-320-EXC-014,1746,33.01,44.8,4289.0,75.1,88.8,378.9,1.98,22.55,9.1,True,False
2026-09-23 07:25:45,CAT-745-ART-002,1741,32.2,44.8,4116.7,73.8,88.6,413.1,2.13,23.96,8.81,True,False
2026-09-23 07:25:45,CAT-D6-DOZ-008,1743,32.54,44.8,4154.6,74.8,89.1,396.6,1.64,23.16,8.73,True,False
2026-09-23 07:25:45,CAT-980-WLD-005,1798,33.17,44.8,4388.2,73.1,89.5,377.8,1.79,25.63,8.65,True,False
2026-09-23 07:25:50,CAT-320-EXC-014,1736,32.91,44.76,4293.1,76.7,86.7,368.5,1.98,23.6,8.57,True,False
2026-09-23 07:25:50,CAT-745-ART-002,1764,32.06,44.76,4172.7,77.4,88.9,395.9,1.75,23.41,8.52,True,False
2026-09-23 07:25:50,CAT-D6-DOZ-008,1753,32.05,44.76,4083.9,74.1,88.2,364.1,2.38,24.14,8.99,True,False
2026-09-23 07:25:50,CAT-980-WLD-005,1760,32.34,44.76,4081.8,75.4,87.8,385.2,1.98,22.69,9.37,True,False
2026-09-23 07:25:55,CAT-320-EXC-014,1744,31.91,44.71,4206.0,76.0,87.7,380.8,2.06,23.43,8.47,True,False
2026-09-23 07:25:55,CAT-745-ART-002,1770,32.24,44.71,4253.3,74.0,88.3,373.0,1.63,25.73,8.92,True,False
2026-09-23 07:25:55,CAT-D6-DOZ-008,1737,32.35,44.71,4442.3,74.5,87.8,376.5,2.15,23.11,8.9,True,False
2026-09-23 07:25:55,CAT-980-WLD-005,1789,33.05,44.71,3941.6,76.2,88.5,363.8,1.69,24.69,9.18,True,False
2026-09-23 07:26:00,CAT-320-EXC-014,1791,33.03,44.67,4117.1,75.1,88.1,377.5,2.23,25.01,9.01,True,False
2026-09-23 07:26:00,CAT-745-ART-002,1801,30.96,44.67,4318.7,74.1,88.3,402.3,2.1,23.93,8.95,True,False
2026-09-23 07:26:00,CAT-D6-DOZ-008,1751,31.43,44.67,4258.8,76.7,87.9,378.5,1.67,24.34,9.08,True,False
2026-09-23 07:26:00,CAT-980-WLD-005,1747,31.75,44.67,4442.0,75.9,87.5,393.9,1.64,23.16,8.43,True,False
2026-09-23 07:26:05,CAT-320-EXC-014,1752,32.82,44.62,4265.3,74.2,88.0,362.8,1.96,25.19,9.14,True,False
2026-09-23 07:26:05,CAT-745-ART-002,1792,32.65,44.62,4489.9,76.0,88.5,397.2,1.75,25.34,8.51,True,False
2026-09-23 07:26:05,CAT-D6-DOZ-008,1784,32.22,44.62,4245.6,76.0,90.5,374.6,1.93,24.95,9.07,True,False
2026-09-23 07:26:05,CAT-980-WLD-005,1763,31.32,44.62,4068.9,74.8,89.8,371.3,1.62,24.46,8.98,True,False
2026-09-23 07:26:10,CAT-320-EXC-014,874,7.2,44.58,249.4,73.0,89.0,213.7,0.61,26.34,0.0,True,False
2026-09-23 07:26:10,CAT-745-ART-002,844,3.62,44.58,1037.8,75.3,88.8,200.9,0.35,22.5,0.0,True,False
2026-09-23 07:26:10,CAT-D6-DOZ-008,875,6.2,44.58,555.6,76.0,88.3,198.4,0.27,24.79,0.0,True,False
2026-09-23 07:26:10,CAT-980-WLD-005,893,6.86,44.58,523.0,73.9,89.4,194.4,0.36,23.06,0.0,True,False
2026-09-23 07:26:15,CAT-320-EXC-014,875,6.82,44.53,624.7,73.0,89.3,203.4,0.27,22.7,0.32,True,False
2026-09-23 07:26:15,CAT-745-ART-002,874,7.25,44.53,792.5,74.7,88.1,222.5,0.22,25.21,0.0,True,False
2026-09-23 07:26:15,CAT-D6-DOZ-008,873,5.25,44.53,707.9,76.4,88.1,206.4,0.12,24.28,0.0,True,False
2026-09-23 07:26:15,CAT-980-WLD-005,879,6.24,44.53,415.4,74.1,88.1,230.4,0.58,25.52,0.0,True,False
2026-09-23 07:26:20,CAT-320-EXC-014,891,6.73,44.48,531.1,74.8,88.8,198.1,0.5,3.4,0.0,True,False
2026-09-23 07:26:20,CAT-745-ART-002,922,6.18,44.48,379.2,73.3,88.2,242.3,0.5,3.4,0.0,True,False
2026-09-23 07:26:20,CAT-D6-DOZ-008,852,7.6,44.48,419.1,74.3,88.3,224.0,0.5,3.4,0.0,True,False
2026-09-23 07:26:20,CAT-980-WLD-005,900,5.98,44.48,673.2,74.9,87.2,229.4,0.5,3.4,0.0,True,False
2026-09-23 07:26:25,CAT-320-EXC-014,897,6.42,44.44,493.6,75.8,88.5,243.2,0.5,3.4,0.11,True,False
2026-09-23 07:26:25,CAT-745-ART-002,892,5.23,44.44,407.0,74.6,89.1,235.1,0.5,3.4,0.0,True,False
2026-09-23 07:26:25,CAT-D6-DOZ-008,866,4.41,44.44,1046.8,75.1,88.8,215.3,0.5,3.4,0.0,True,False
2026-09-23 07:26:25,CAT-980-WLD-005,879,5.7,44.44,780.0,75.7,88.3,209.4,0.5,3.4,0.27,True,False
2026-09-23 07:26:30,CAT-320-EXC-014,887,5.22,44.39,750.0,77.5,86.6,220.6,0.5,3.4,0.03,True,False
2026-09-23 07:26:30,CAT-745-ART-002,879,6.93,44.39,383.3,76.0,89.2,243.9,0.5,3.4,0.0,True,False
2026-09-23 07:26:30,CAT-D6-DOZ-008,845,4.97,44.39,633.3,73.8,86.6,210.4,0.5,3.4,0.07,True,False
2026-09-23 07:26:30,CAT-980-WLD-005,863,6.58,44.39,727.1,73.5,87.9,220.5,0.5,3.4,0.07,True,False
2026-09-23 07:26:35,CAT-320-EXC-014,1280,6.18,44.35,706.2,76.1,89.2,389.2,0.5,3.4,0.0,True,False
2026-09-23 07:26:35,CAT-745-ART-002,1208,6.99,44.35,676.3,74.3,88.8,372.4,0.5,3.4,0.0,True,False
2026-09-23 07:26:35,CAT-D6-DOZ-008,1267,5.73,44.35,661.4,75.4,90.4,391.4,0.5,3.4,0.4,True,False
2026-09-23 07:26:35,CAT-980-WLD-005,1243,6.11,44.35,411.7,75.3,86.9,411.8,0.5,3.4,0.09,True,False
2026-09-23 07:26:40,CAT-320-EXC-014,1229,8.01,44.3,795.1,75.0,87.7,369.2,0.5,3.4,0.16,True,False
2026-09-23 07:26:40,CAT-745-ART-002,1221,7.38,44.3,744.6,75.5,89.0,363.7,0.5,3.4,0.0,True,False
2026-09-23 07:26:40,CAT-D6-DOZ-008,1237,5.51,44.3,714.1,73.9,89.0,354.5,0.5,3.4,0.29,True,False
2026-09-23 07:26:40,CAT-980-WLD-005,1275,6.77,44.3,485.1,75.7,88.9,367.1,0.5,3.4,0.0,True,False
2026-09-23 07:26:45,CAT-320-EXC-014,1240,5.91,44.25,808.5,75.4,89.9,350.4,0.5,3.4,0.0,True,False
2026-09-23 07:26:45,CAT-745-ART-002,1245,7.03,44.25,831.8,75.1,87.6,366.5,0.5,3.4,0.31,True,False
2026-09-23 07:26:45,CAT-D6-DOZ-008,1265,7.66,44.25,689.5,74.3,89.3,389.5,0.5,3.4,0.0,True,False
2026-09-23 07:26:45,CAT-980-WLD-005,1235,5.9,44.25,727.9,73.9,88.3,367.2,0.5,3.4,0.12,True,False
2026-09-23 07:26:50,CAT-320-EXC-014,849,6.71,44.21,357.4,75.3,88.7,189.7,0.4,26.5,0.0,True,False
2026-09-23 07:26:50,CAT-745-ART-002,893,7.2,44.21,643.9,75.5,88.5,235.7,0.41,25.24,0.0,True,False
2026-09-23 07:26:50,CAT-D6-DOZ-008,908,7.41,44.21,424.9,74.2,87.4,216.0,0.14,22.34,0.0,True,False
2026-09-23 07:26:50,CAT-980-WLD-005,867,7.77,44.21,752.5,75.7,88.1,210.3,0.66,25.18,0.0,True,False
2026-09-23 07:26:55,CAT-320-EXC-014,883,5.56,44.16,615.9,75.8,89.3,216.8,0.11,24.79,0.32,True,False
2026-09-23 07:26:55,CAT-745-ART-002,828,6.49,44.16,220.0,74.0,86.4,244.0,0.23,24.04,0.31,True,False
2026-09-23 07:26:55,CAT-D6-DOZ-008,840,8.37,44.16,541.1,73.4,87.5,181.2,0.29,24.7,0.05,True,False
2026-09-23 07:26:55,CAT-980-WLD-005,890,5.75,44.16,472.6,74.0,89.8,206.7,0.04,24.24,0.0,True,False
2026-09-23 07:27:00,CAT-320-EXC-014,836,7.53,44.12,452.6,76.5,88.3,228.8,0.52,25.27,0.22,True,False
2026-09-23 07:27:00,CAT-745-ART-002,865,5.71,44.12,357.0,75.3,89.3,206.4,0.47,24.89,0.0,True,False
2026-09-23 07:27:00,CAT-D6-DOZ-008,898,7.17,44.12,720.2,75.2,87.8,193.5,0.18,23.91,0.4,True,False
2026-09-23 07:27:00,CAT-980-WLD-005,844,7.36,44.12,216.4,73.0,87.9,215.9,0.11,24.38,0.37,True,False
2026-09-23 07:27:05,CAT-320-EXC-014,1765,31.19,44.07,4039.5,76.3,85.8,367.5,1.82,22.31,5.21,True,False
2026-09-23 07:27:05,CAT-745-ART-002,1798,32.35,44.07,3980.4,75.2,88.7,367.0,1.8,22.85,5.39,True,False
2026-09-23 07:27:05,CAT-D6-DOZ-008,1770,30.85,44.07,4484.0,72.2,88.1,400.3,1.67,23.28,5.62,True,False
2026-09-23 07:27:05,CAT-980-WLD-005,1776,31.09,44.07,4147.5,76.0,88.7,357.1,1.75,25.34,5.42,True,False
2026-09-23 07:27:10,CAT-320-EXC-014,1781,31.65,44.03,4558.3,75.4,89.9,369.8,1.81,24.72,6.3,True,False
2026-09-23 07:27:10,CAT-745-ART-002,1777,33.29,44.03,4018.5,73.9,86.5,391.3,2.37,25.44,6.13,True,False
2026-09-23 07:27:10,CAT-D6-DOZ-008,1771,34.32,44.03,4140.7,74.3,89.2,396.5,1.73,23.62,6.05,True,False
2026-09-23 07:27:10,CAT-980-WLD-005,1722,33.06,44.03,4010.9,76.1,90.4,386.4,1.73,24.35,6.2,True,False
2026-09-23 07:27:15,CAT-320-EXC-014,1774,31.0,43.98,4484.0,77.1,87.2,379.5,2.26,24.91,7.0,True,False
2026-09-23 07:27:15,CAT-745-ART-002,1755,32.34,43.98,4289.8,75.8,89.7,394.8,2.02,24.56,7.13,True,False
2026-09-23 07:27:15,CAT-D6-DOZ-008,1757,29.06,43.98,4369.6,75.8,88.6,388.6,1.87,24.35,7.11,True,False
2026-09-23 07:27:15,CAT-980-WLD-005,1774,31.34,43.98,4132.7,75.6,89.4,374.8,2.14,24.38,7.07,True,False
2026-09-23 07:27:20,CAT-320-EXC-014,1761,32.41,43.93,4103.2,74.5,88.0,358.2,1.67,24.47,8.38,True,False
2026-09-23 07:27:20,CAT-745-ART-002,1759,31.19,43.93,4368.3,75.0,86.5,385.4,1.65,23.58,7.95,True,False
2026-09-23 07:27:20,CAT-D6-DOZ-008,1719,30.33,43.93,4146.1,75.6,89.1,386.9,2.03,23.16,8.09,True,False
2026-09-23 07:27:20,CAT-980-WLD-005,1751,33.5,43.93,3716.7,74.9,87.5,373.3,2.25,23.64,8.03,True,False
2026-09-23 07:27:25,CAT-320-EXC-014,1769,33.02,43.89,4165.1,73.9,87.9,350.8,1.94,24.7,8.91,True,False
2026-09-23 07:27:25,CAT-745-ART-002,1743,32.87,43.89,4356.2,75.4,87.0,370.0,1.7,23.32,8.96,True,False
2026-09-23 07:27:25,CAT-D6-DOZ-008,1798,32.94,43.89,4388.1,74.7,89.4,372.2,1.86,24.26,8.83,True,False
2026-09-23 07:27:25,CAT-980-WLD-005,1772,30.57,43.89,4623.7,76.3,87.9,391.8,2.03,24.51,8.58,True,False
2026-09-23 07:27:30,CAT-320-EXC-014,1787,32.21,43.84,3849.5,75.5,86.7,382.0,2.22,25.35,9.29,True,False
2026-09-23 07:27:30,CAT-745-ART-002,1764,32.41,43.84,3993.4,74.6,89.0,368.4,1.67,24.39,9.16,True,False
2026-09-23 07:27:30,CAT-D6-DOZ-008,1779,31.76,43.84,4017.3,74.5,89.5,403.9,1.93,24.99,9.27,True,False
2026-09-23 07:27:30,CAT-980-WLD-005,1768,31.09,43.84,4212.2,75.8,88.6,370.1,1.78,23.9,8.89,True,False
2026-09-23 07:27:35,CAT-320-EXC-014,1727,33.31,43.8,4043.2,75.9,86.2,361.8,1.98,23.52,9.43,True,False
2026-09-23 07:27:35,CAT-745-ART-002,1744,30.69,43.8,4279.5,77.2,87.5,390.1,1.6,25.08,9.57,True,False
2026-09-23 07:27:35,CAT-D6-DOZ-008,1726,32.06,43.8,4151.2,71.9,88.6,393.2,1.88,24.35,9.44,True,False
2026-09-23 07:27:35,CAT-980-WLD-005,1776,32.23,43.8,4252.1,73.9,88.1,371.2,2.05,24.77,9.51,True,False
2026-09-23 07:27:40,CAT-320-EXC-014,1778,31.36,43.75,4204.7,75.9,89.2,364.8,1.81,25.1,8.93,True,False
2026-09-23 07:27:40,CAT-745-ART-002,1747,32.13,43.75,4526.4,74.1,87.7,377.5,1.97,25.1,9.6,True,False
2026-09-23 07:27:40,CAT-D6-DOZ-008,1766,32.86,43.75,4486.4,75.6,87.0,386.7,2.26,21.79,9.18,True,False
2026-09-23 07:27:40,CAT-980-WLD-005,1791,31.02,43.75,4232.2,76.9,88.3,381.9,2.09,23.34,9.0,True,False
2026-09-23 07:27:45,CAT-320-EXC-014,1770,32.54,43.7,4209.6,74.7,87.9,398.0,1.76,23.09,8.75,True,False
2026-09-23 07:27:45,CAT-745-ART-002,1763,32.8,43.7,4399.2,76.5,89.8,385.7,2.02,24.93,8.72,True,False
2026-09-23 07:27:45,CAT-D6-DOZ-008,1801,30.77,43.7,4201.1,74.3,88.7,397.2,2.09,24.85,8.88,True,False
2026-09-23 07:27:45,CAT-980-WLD-005,1751,31.57,43.7,4093.1,76.7,87.6,373.0,1.94,22.91,8.47,True,False
2026-09-23 07:27:50,CAT-320-EXC-014,1782,33.23,43.66,4121.1,75.1,88.1,374.0,1.92,24.09,7.86,True,False
2026-09-23 07:27:50,CAT-745-ART-002,1761,31.7,43.66,4214.9,76.0,87.3,385.9,1.71,25.93,8.21,True,False
2026-09-23 07:27:50,CAT-D6-DOZ-008,1773,30.86,43.66,4147.5,75.3,89.7,373.5,2.12,25.98,8.38,True,False
2026-09-23 07:27:50,CAT-980-WLD-005,1800,32.61,43.66,4435.2,74.3,87.6,420.9,1.88,22.94,7.75,True,False
2026-09-23 07:27:55,CAT-320-EXC-014,1770,31.64,43.61,4374.7,74.8,88.8,353.1,1.92,23.77,6.97,True,False
2026-09-23 07:27:55,CAT-745-ART-002,1800,29.36,43.61,3952.3,75.6,88.3,380.1,2.28,21.32,6.95,True,False
2026-09-23 07:27:55,CAT-D6-DOZ-008,1747,33.03,43.61,4464.1,73.6,88.7,409.9,1.84,23.94,7.05,True,False
2026-09-23 07:27:55,CAT-980-WLD-005,1789,30.59,43.61,4519.7,75.4,89.5,375.6,1.72,23.95,7.25,True,False
2026-09-23 07:28:00,CAT-320-EXC-014,1745,32.27,43.57,4207.9,74.2,89.6,371.0,2.07,23.55,5.97,True,False
2026-09-23 07:28:00,CAT-745-ART-002,1755,31.04,43.57,4004.3,74.1,87.2,375.2,2.28,23.28,5.87,True,False
2026-09-23 07:28:00,CAT-D6-DOZ-008,1771,30.87,43.57,4448.1,74.6,90.3,383.8,1.74,25.11,6.38,True,False
2026-09-23 07:28:00,CAT-980-WLD-005,1768,31.99,43.57,4077.8,75.1,88.6,385.0,1.95,23.83,5.76,True,False
2026-09-23 07:28:05,CAT-320-EXC-014,1729,32.42,43.52,4621.2,75.0,89.3,407.8,2.24,25.01,9.17,True,False
2026-09-23 07:28:05,CAT-745-ART-002,1763,32.57,43.52,4343.3,75.9,87.1,384.4,1.86,24.94,9.01,True,False
2026-09-23 07:28:05,CAT-D6-DOZ-008,1787,33.83,43.52,4144.7,77.3,89.3,390.1,1.81,25.74,9.33,True,False
2026-09-23 07:28:05,CAT-980-WLD-005,1754,30.68,43.52,4472.8,75.3,88.5,357.2,1.71,23.44,8.99,True,False
2026-09-23 07:28:10,CAT-320-EXC-014,1774,32.76,43.47,4327.3,75.5,89.2,364.7,1.61,25.14,8.68,True,False
2026-09-23 07:28:10,CAT-745-ART-002,1741,31.82,43.47,4208.2,75.6,87.0,398.9,2.47,25.02,8.93,True,False
2026-09-23 07:28:10,CAT-D6-DOZ-008,1762,33.47,43.47,4265.5,73.6,88.4,394.6,1.9,25.02,8.91,True,False
2026-09-23 07:28:10,CAT-980-WLD-005,1763,30.02,43.47,4374.1,75.6,89.0,354.5,1.95,25.61,9.22,True,False
2026-09-23 07:28:15,CAT-320-EXC-014,1768,31.04,43.43,4213.9,74.1,89.1,360.0,2.02,25.15,8.58,True,False
2026-09-23 07:28:15,CAT-745-ART-002,1735,32.5,43.43,4494.3,75.4,90.5,377.9,2.17,23.78,8.6,True,False
2026-09-23 07:28:15,CAT-D6-DOZ-008,1764,32.56,43.43,4195.1,75.1,90.4,381.6,1.66,23.05,9.1,True,False
2026-09-23 07:28:15,CAT-980-WLD-005,1759,32.34,43.43,4107.7,74.5,89.4,419.7,1.73,23.46,9.05,True,False
2026-09-23 07:28:20,CAT-320-EXC-014,1747,33.18,43.38,4168.1,77.9,87.7,385.6,1.63,20.49,9.39,True,False
2026-09-23 07:28:20,CAT-745-ART-002,1760,32.05,43.38,4157.6,74.4,87.8,367.3,1.64,24.28,8.21,True,False
2026-09-23 07:28:20,CAT-D6-DOZ-008,1727,32.41,43.38,4100.2,73.6,88.8,370.2,1.96,25.6,8.33,True,False
2026-09-23 07:28:20,CAT-980-WLD-005,1748,31.63,43.38,4513.8,75.6,87.7,401.9,1.96,24.18,9.01,True,False
2026-09-23 07:28:25,CAT-320-EXC-014,1775,30.77,43.34,4587.3,74.8,88.1,402.9,2.01,24.73,9.14,True,False
2026-09-23 07:28:25,CAT-745-ART-002,1769,33.2,43.34,4007.4,75.1,90.5,374.4,2.12,24.96,9.2,True,False
2026-09-23 07:28:25,CAT-D6-DOZ-008,1744,32.58,43.34,4021.0,75.1,91.4,359.7,1.65,24.02,9.41,True,False
2026-09-23 07:28:25,CAT-980-WLD-005,1731,32.99,43.34,4408.1,76.1,88.8,393.4,2.37,24.2,9.17,True,False
2026-09-23 07:28:30,CAT-320-EXC-014,1785,31.56,43.29,4219.1,75.5,88.9,407.1,1.94,23.47,9.55,True,False
2026-09-23 07:28:30,CAT-745-ART-002,1738,30.93,43.29,4423.9,77.7,88.2,400.8,1.82,23.46,8.45,True,False
2026-09-23 07:28:30,CAT-D6-DOZ-008,1756,31.6,43.29,4376.2,73.1,88.4,385.0,1.96,25.27,9.41,True,False
2026-09-23 07:28:30,CAT-980-WLD-005,1738,32.03,43.29,4341.6,76.5,87.8,369.8,2.04,25.46,9.0,True,False
2026-09-23 07:28:35,CAT-320-EXC-014,1777,33.17,43.25,4311.4,76.1,88.7,406.0,1.71,25.77,8.16,True,False
2026-09-23 07:28:35,CAT-745-ART-002,1732,30.84,43.25,4281.4,76.5,88.8,414.0,2.24,22.72,9.1,True,False
2026-09-23 07:28:35,CAT-D6-DOZ-008,1733,31.03,43.25,4282.2,75.8,86.9,351.7,1.65,23.73,8.58,True,False
2026-09-23 07:28:35,CAT-980-WLD-005,1747,30.85,43.25,4094.4,76.0,87.8,380.2,1.73,22.39,8.66,True,False
2026-09-23 07:28:40,CAT-320-EXC-014,1750,32.89,43.2,4051.9,76.3,88.6,366.3,1.91,23.3,8.76,True,False
2026-09-23 07:28:40,CAT-745-ART-002,1804,31.13,43.2,4024.9,74.3,89.0,399.2,2.02,23.99,8.1,True,False
2026-09-23 07:28:40,CAT-D6-DOZ-008,1782,33.09,43.2,4304.9,73.9,87.4,381.3,2.43,25.14,9.28,True,False
2026-09-23 07:28:40,CAT-980-WLD-005,1762,32.02,43.2,4213.9,75.3,87.1,406.6,1.71,21.7,9.5,True,False
2026-09-23 07:28:45,CAT-320-EXC-014,1756,32.13,43.15,4273.8,74.3,89.1,405.2,1.71,24.61,8.85,True,False
2026-09-23 07:28:45,CAT-745-ART-002,1737,34.14,43.15,4174.7,75.6,87.2,389.1,1.62,22.49,9.48,True,False
2026-09-23 07:28:45,CAT-D6-DOZ-008,1748,30.13,43.15,4214.4,75.7,88.1,384.7,2.04,21.66,9.31,True,False
2026-09-23 07:28:45,CAT-980-WLD-005,1776,30.97,43.15,4424.6,77.3,89.6,394.7,1.77,24.67,8.85,True,False
2026-09-23 07:28:50,CAT-320-EXC-014,1771,33.04,43.11,4337.1,75.3,89.9,386.5,1.9,23.68,8.49,True,False
2026-09-23 07:28:50,CAT-745-ART-002,1755,32.56,43.11,4396.5,76.9,89.1,382.8,1.67,22.52,8.51,True,False
2026-09-23 07:28:50,CAT-D6-DOZ-008,1797,32.97,43.11,4423.3,74.2,88.8,410.7,1.86,24.17,8.73,True,False
2026-09-23 07:28:50,CAT-980-WLD-005,1751,33.11,43.11,4237.1,75.4,87.8,422.9,2.03,24.12,8.77,True,False
2026-09-23 07:28:55,CAT-320-EXC-014,903,5.87,43.06,559.9,74.8,88.2,222.0,0.15,23.88,0.01,True,False
2026-09-23 07:28:55,CAT-745-ART-002,867,6.94,43.06,587.5,74.6,85.7,193.0,0.12,25.3,0.04,True,False
2026-09-23 07:28:55,CAT-D6-DOZ-008,849,7.28,43.06,841.9,76.1,88.8,253.5,0.12,23.73,0.23,True,False
2026-09-23 07:28:55,CAT-980-WLD-005,868,6.59,43.06,340.6,74.9,88.8,228.4,0.04,23.87,0.4,True,False
2026-09-23 07:29:00,CAT-320-EXC-014,873,4.98,43.02,591.4,74.5,89.3,248.4,0.25,24.01,0.05,True,False
2026-09-23 07:29:00,CAT-745-ART-002,857,5.5,43.02,576.9,76.1,88.9,201.9,0.64,21.74,0.0,True,False
2026-09-23 07:29:00,CAT-D6-DOZ-008,914,4.66,43.02,397.1,75.1,88.1,262.9,0.47,24.56,0.05,True,False
2026-09-23 07:29:00,CAT-980-WLD-005,849,6.68,43.02,616.3,76.7,87.9,191.2,0.15,23.99,0.28,True,False
2026-09-23 07:29:05,CAT-320-EXC-014,873,4.0,42.97,452.4,75.3,88.5,185.0,0.29,22.07,0.2,True,False
2026-09-23 07:29:05,CAT-745-ART-002,835,5.38,42.97,399.4,75.6,86.4,245.7,0.28,23.95,0.0,True,False
2026-09-23 07:29:05,CAT-D6-DOZ-008,886,6.26,42.97,746.3,75.5,89.7,176.0,0.03,21.7,0.11,True,False
2026-09-23 07:29:05,CAT-980-WLD-005,888,7.37,42.97,744.9,77.1,88.5,207.4,0.53,24.8,0.04,True,False
2026-09-23 07:29:10,CAT-320-EXC-014,857,7.54,42.92,656.2,74.5,89.2,222.7,0.18,20.99,0.0,True,False
2026-09-23 07:29:10,CAT-745-ART-002,884,6.8,42.92,692.8,76.2,87.9,232.1,0.47,24.29,0.0,True,False
2026-09-23 07:29:10,CAT-D6-DOZ-008,868,7.12,42.92,630.0,75.9,87.1,255.4,0.5,23.78,0.09,True,False
2026-09-23 07:29:10,CAT-980-WLD-005,876,4.64,42.92,523.2,75.7,88.4,204.2,0.36,25.43,0.0,True,False
2026-09-23 07:29:15,CAT-320-EXC-014,879,6.19,42.88,308.2,74.7,89.1,228.7,0.17,24.87,0.0,True,False
2026-09-23 07:29:15,CAT-745-ART-002,875,7.24,42.88,455.3,75.0,88.3,243.1,0.06,22.93,0.0,True,False
2026-09-23 07:29:15,CAT-D6-DOZ-008,880,5.79,42.88,621.9,74.0,88.1,234.7,0.32,22.67,0.3,True,False
2026-09-23 07:29:15,CAT-980-WLD-005,861,4.92,42.88,417.3,75.9,89.0,233.8,0.06,22.87,0.21,True,False
2026-09-23 07:29:20,CAT-320-EXC-014,1265,5.94,42.83,777.9,75.0,87.0,389.0,7.51,23.08,0.0,True,False
2026-09-23 07:29:20,CAT-745-ART-002,1271,4.82,42.83,824.8,75.5,90.0,371.3,7.6,22.28,0.0,True,False
2026-09-23 07:29:20,CAT-D6-DOZ-008,1256,7.83,42.83,912.2,75.7,90.4,386.5,7.54,24.21,0.02,True,False
2026-09-23 07:29:20,CAT-980-WLD-005,1250,4.67,42.83,558.0,76.4,87.8,383.3,7.82,22.84,0.24,True,False
2026-09-23 07:29:25,CAT-320-EXC-014,1235,6.04,42.79,502.7,75.4,88.0,364.8,7.6,23.33,0.0,True,False
2026-09-23 07:29:25,CAT-745-ART-002,1224,5.49,42.79,623.3,73.8,86.6,385.5,7.58,24.33,0.18,True,False
2026-09-23 07:29:25,CAT-D6-DOZ-008,1229,5.77,42.79,673.7,74.4,89.6,367.2,7.51,25.88,0.19,True,False
2026-09-23 07:29:25,CAT-980-WLD-005,1238,6.02,42.79,437.6,75.0,88.7,394.8,7.69,23.75,0.4,True,False
2026-09-23 07:29:30,CAT-320-EXC-014,1202,6.64,42.74,616.7,75.3,88.9,393.3,7.58,23.58,0.0,True,False
2026-09-23 07:29:30,CAT-745-ART-002,1260,7.76,42.74,572.3,77.2,89.6,328.7,8.32,23.39,0.12,True,False
2026-09-23 07:29:30,CAT-D6-DOZ-008,1263,6.93,42.74,708.2,74.5,87.8,388.3,7.75,23.77,0.0,True,False
2026-09-23 07:29:30,CAT-980-WLD-005,1252,7.58,42.74,822.8,75.9,87.6,361.1,8.42,25.02,0.0,True,False
2026-09-23 07:29:35,CAT-320-EXC-014,1271,6.72,42.69,645.2,73.9,87.9,368.5,7.89,24.22,0.0,True,False
2026-09-23 07:29:35,CAT-745-ART-002,1252,7.3,42.69,671.6,74.9,89.0,399.6,7.74,25.35,0.01,True,False
2026-09-23 07:29:35,CAT-D6-DOZ-008,1243,5.33,42.69,607.5,76.1,87.6,403.8,7.75,23.64,0.0,True,False
2026-09-23 07:29:35,CAT-980-WLD-005,1187,8.24,42.69,577.4,75.1,88.5,419.0,8.05,23.21,0.0,True,False
2026-09-23 07:29:40,CAT-320-EXC-014,907,6.34,42.65,490.8,78.1,89.7,251.7,0.35,26.64,0.0,True,False
2026-09-23 07:29:40,CAT-745-ART-002,886,5.67,42.65,670.6,76.3,88.1,220.6,0.01,25.31,0.12,True,False
2026-09-23 07:29:40,CAT-D6-DOZ-008,896,7.76,42.65,506.6,77.1,87.5,213.6,0.07,23.63,0.0,True,False
2026-09-23 07:29:40,CAT-980-WLD-005,887,7.27,42.65,383.5,76.6,88.4,200.8,0.19,25.37,0.18,True,False
2026-09-23 07:29:45,CAT-320-EXC-014,867,6.45,42.6,732.8,73.9,89.1,213.0,0.43,25.64,0.0,True,False
2026-09-23 07:29:45,CAT-745-ART-002,895,5.68,42.6,948.9,75.3,87.2,215.3,0.61,23.28,0.06,True,False
2026-09-23 07:29:45,CAT-D6-DOZ-008,901,5.65,42.6,339.7,73.4,88.1,203.4,0.58,22.03,0.12,True,False
2026-09-23 07:29:45,CAT-980-WLD-005,874,7.44,42.6,285.2,74.8,89.1,218.7,0.11,26.04,0.06,True,False
2026-09-23 07:29:50,CAT-320-EXC-014,888,6.01,42.56,805.6,74.0,88.7,234.1,0.44,24.49,0.36,True,False
2026-09-23 07:29:50,CAT-745-ART-002,838,4.82,42.56,388.7,75.2,89.7,242.1,0.11,23.91,0.02,True,False
2026-09-23 07:29:50,CAT-D6-DOZ-008,890,4.44,42.56,573.5,75.1,89.9,218.3,0.33,24.1,0.09,True,False
2026-09-23 07:29:50,CAT-980-WLD-005,893,6.39,42.56,906.1,77.4,87.9,216.6,0.66,23.46,0.0,True,False
2026-09-23 07:29:55,CAT-320-EXC-014,1788,32.09,42.51,4093.3,77.5,89.3,368.6,1.91,23.35,5.96,True,False
2026-09-23 07:29:55,CAT-745-ART-002,1735,32.36,42.51,4138.2,75.4,87.2,384.6,1.94,22.51,6.07,True,False
2026-09-23 07:29:55,CAT-D6-DOZ-008,1736,32.62,42.51,4497.3,74.7,88.8,366.3,1.81,24.57,5.75,True,False
2026-09-23 07:29:55,CAT-980-WLD-005,1739,31.46,42.51,4204.7,74.9,91.4,373.2,2.48,23.91,5.67,True,False
2026-09-23 07:30:00,CAT-320-EXC-014,1723,32.29,42.47,4765.0,75.3,88.4,380.3,1.61,24.49,6.36,True,False
2026-09-23 07:30:00,CAT-745-ART-002,1747,34.5,42.47,4382.2,75.6,89.3,347.6,1.94,24.15,7.02,True,False
2026-09-23 07:30:00,CAT-D6-DOZ-008,1755,30.58,42.47,4174.2,72.2,87.2,353.2,1.99,23.61,7.09,True,False
2026-09-23 07:30:00,CAT-980-WLD-005,1763,31.98,42.47,4509.6,75.0,87.7,345.7,1.69,25.54,6.69,True,False
2026-09-23 07:30:05,CAT-320-EXC-014,1735,33.51,42.42,4445.5,75.8,88.2,401.1,1.89,24.12,7.42,True,False
2026-09-23 07:30:05,CAT-745-ART-002,1742,30.96,42.42,4208.2,75.5,88.2,389.8,1.73,23.94,7.83,True,False
2026-09-23 07:30:05,CAT-D6-DOZ-008,1742,31.09,42.42,4001.2,75.2,87.7,406.2,2.21,23.8,7.53,True,False
2026-09-23 07:30:05,CAT-980-WLD-005,1758,32.42,42.42,4310.8,74.4,88.8,404.5,1.75,23.52,7.37,True,False
2026-09-23 07:30:10,CAT-320-EXC-014,1803,30.85,42.37,4119.3,76.1,88.5,389.3,1.88,23.72,8.75,True,False
2026-09-23 07:30:10,CAT-745-ART-002,1727,32.99,42.37,4107.0,76.2,89.6,369.7,2.34,25.83,8.37,True,False
2026-09-23 07:30:10,CAT-D6-DOZ-008,1755,33.98,42.37,4080.5,75.3,89.1,385.9,2.1,24.06,8.13,True,False
2026-09-23 07:30:10,CAT-980-WLD-005,1772,33.08,42.37,4184.0,74.0,88.8,383.5,1.92,21.88,8.93,True,False
2026-09-23 07:30:15,CAT-320-EXC-014,1731,33.09,42.33,4114.6,76.0,89.0,355.5,1.79,22.76,9.31,True,False
2026-09-23 07:30:15,CAT-745-ART-002,1719,32.42,42.33,4418.1,74.4,90.2,378.1,1.87,25.68,9.08,True,False
2026-09-23 07:30:15,CAT-D6-DOZ-008,1793,32.5,42.33,4210.4,74.8,87.7,355.1,1.79,23.77,8.97,True,False
2026-09-23 07:30:15,CAT-980-WLD-005,1782,33.32,42.33,4330.1,75.9,89.1,390.3,1.99,24.12,9.42,True,False
2026-09-23 07:30:20,CAT-320-EXC-014,1738,31.6,42.28,4631.2,74.4,88.2,393.2,1.96,24.0,9.45,True,False
2026-09-23 07:30:20,CAT-745-ART-002,1762,31.53,42.28,4528.6,77.1,89.7,368.7,2.35,24.64,9.1,True,False
2026-09-23 07:30:20,CAT-D6-DOZ-008,1776,30.56,42.28,4020.3,76.2,88.6,375.1,2.0,23.87,9.34,True,False
2026-09-23 07:30:20,CAT-980-WLD-005,1733,33.41,42.28,4361.6,77.1,89.5,362.3,1.89,23.46,9.21,True,False
2026-09-23 07:30:25,CAT-320-EXC-014,1746,31.64,42.24,4357.0,76.3,88.5,410.4,1.78,24.64,8.98,True,False
2026-09-23 07:30:25,CAT-745-ART-002,1765,32.43,42.24,4511.6,76.6,88.0,322.8,1.64,23.86,9.15,True,False
2026-09-23 07:30:25,CAT-D6-DOZ-008,1778,32.64,42.24,4629.2,77.4,89.0,377.8,1.87,24.13,9.53,True,False
2026-09-23 07:30:25,CAT-980-WLD-005,1765,31.39,42.24,4170.4,75.3,89.7,378.0,1.71,25.36,9.75,True,False
2026-09-23 07:30:30,CAT-320-EXC-014,1740,32.94,42.19,4463.6,77.3,88.6,415.8,1.76,25.2,8.64,True,False
2026-09-23 07:30:30,CAT-745-ART-002,1768,31.7,42.19,4448.2,77.3,89.9,398.2,1.87,22.88,8.75,True,False
2026-09-23 07:30:30,CAT-D6-DOZ-008,1730,33.23,42.19,4362.2,77.1,88.3,396.0,2.27,23.49,8.93,True,False
2026-09-23 07:30:30,CAT-980-WLD-005,1820,31.92,42.19,4393.7,75.0,87.6,357.7,1.7,22.23,9.07,True,False
2026-09-23 07:30:35,CAT-320-EXC-014,1798,32.97,42.14,4515.0,76.1,87.3,390.3,2.2,24.26,8.48,True,False
2026-09-23 07:30:35,CAT-745-ART-002,1708,32.27,42.14,4396.9,75.2,88.4,419.8,1.79,24.43,8.32,True,False
2026-09-23 07:30:35,CAT-D6-DOZ-008,1747,31.87,42.14,4259.9,75.2,90.3,371.5,2.06,23.22,8.65,True,False
2026-09-23 07:30:35,CAT-980-WLD-005,1800,31.44,42.14,4391.5,77.2,87.8,386.0,2.04,23.78,8.64,True,False
2026-09-23 07:30:40,CAT-320-EXC-014,1770,31.71,42.1,4151.4,75.5,87.6,407.0,1.98,23.87,8.03,True,False
2026-09-23 07:30:40,CAT-745-ART-002,1758,31.85,42.1,3761.1,77.1,89.0,377.9,1.62,23.42,7.68,True,False
2026-09-23 07:30:40,CAT-D6-DOZ-008,1766,31.0,42.1,4211.4,77.0,87.5,408.6,1.72,25.29,7.41,True,False
2026-09-23 07:30:40,CAT-980-WLD-005,1768,29.73,42.1,4212.8,79.0,89.1,380.3,1.84,24.25,7.7,True,False
2026-09-23 07:30:45,CAT-320-EXC-014,1791,31.2,42.05,4132.8,75.5,87.2,370.3,1.65,25.11,6.39,True,False
2026-09-23 07:30:45,CAT-745-ART-002,1769,30.68,42.05,4466.2,75.8,88.6,394.1,2.0,24.24,6.88,True,False
2026-09-23 07:30:45,CAT-D6-DOZ-008,1772,29.71,42.05,4038.1,77.7,87.4,362.1,2.26,25.12,7.03,True,False
2026-09-23 07:30:45,CAT-980-WLD-005,1756,32.09,42.05,4326.4,74.7,88.2,370.6,1.73,23.38,6.4,True,False
2026-09-23 07:30:50,CAT-320-EXC-014,1724,30.46,42.01,4098.6,73.8,89.6,392.8,1.65,24.68,5.61,True,False
2026-09-23 07:30:50,CAT-745-ART-002,1759,32.43,42.01,4094.8,76.0,87.2,403.4,1.69,23.85,5.27,True,False
2026-09-23 07:30:50,CAT-D6-DOZ-008,1771,31.21,42.01,4172.5,76.2,87.1,364.7,1.67,23.14,5.13,True,False
2026-09-23 07:30:50,CAT-980-WLD-005,1778,33.6,42.01,4077.3,77.5,87.8,369.0,2.1,23.97,5.54,True,False
2026-09-23 07:30:55,CAT-320-EXC-014,1742,32.63,41.96,4058.1,76.0,88.5,353.4,1.69,21.92,9.13,True,False
2026-09-23 07:30:55,CAT-745-ART-002,1763,32.06,41.96,4666.8,76.8,89.5,367.7,1.88,23.02,8.72,True,False
2026-09-23 07:30:55,CAT-D6-DOZ-008,1773,34.32,41.96,4621.4,77.3,90.0,392.0,2.46,22.16,9.26,True,False
2026-09-23 07:30:55,CAT-980-WLD-005,1770,32.7,41.96,4179.9,75.0,89.3,367.0,1.77,21.81,9.3,True,False
2026-09-23 07:31:00,CAT-320-EXC-014,1741,32.84,41.92,4053.4,76.6,88.9,341.4,2.28,23.07,9.34,True,False
2026-09-23 07:31:00,CAT-745-ART-002,1762,33.05,41.92,4299.6,76.7,89.0,371.7,2.25,25.66,8.2,True,False
2026-09-23 07:31:00,CAT-D6-DOZ-008,1784,32.52,41.92,4208.3,75.7,89.2,384.1,1.7,23.33,9.33,True,False
2026-09-23 07:31:00,CAT-980-WLD-005,1727,31.16,41.92,4075.7,75.1,89.2,362.7,1.66,24.98,9.39,True,False
2026-09-23 07:31:05,CAT-320-EXC-014,1755,31.28,41.87,3936.9,78.1,87.6,361.9,1.69,23.93,9.3,True,False
2026-09-23 07:31:05,CAT-745-ART-002,1783,32.13,41.87,4249.6,76.1,89.4,353.5,2.16,23.79,9.3,True,False
2026-09-23 07:31:05,CAT-D6-DOZ-008,1749,32.17,41.87,4048.5,75.9,87.6,384.9,1.68,26.36,9.02,True,False
2026-09-23 07:31:05,CAT-980-WLD-005,1768,30.95,41.87,4306.3,76.4,88.8,366.5,1.82,24.85,9.11,True,False
2026-09-23 07:31:10,CAT-320-EXC-014,1781,32.37,41.82,4324.6,76.7,88.0,411.0,1.84,25.22,8.95,True,False
2026-09-23 07:31:10,CAT-745-ART-002,1730,32.66,41.82,4179.2,76.9,88.1,346.3,1.96,23.72,9.18,True,False
2026-09-23 07:31:10,CAT-D6-DOZ-008,1758,30.52,41.82,4354.5,77.2,90.1,358.1,1.72,23.15,8.8,True,False
2026-09-23 07:31:10,CAT-980-WLD-005,1769,32.04,41.82,4215.1,76.7,89.2,396.0,1.65,24.86,9.22,True,False
2026-09-23 07:31:15,CAT-320-EXC-014,1733,31.83,41.78,3984.5,74.5,89.6,374.8,2.08,23.7,8.83,True,False
2026-09-23 07:31:15,CAT-745-ART-002,1780,32.86,41.78,4450.4,75.5,88.1,333.1,1.85,24.44,9.66,True,False
2026-09-23 07:31:15,CAT-D6-DOZ-008,1756,32.87,41.78,4137.5,74.8,89.8,349.3,1.9,24.02,8.64,True,False
2026-09-23 07:31:15,CAT-980-WLD-005,1785,32.71,41.78,4334.7,75.3,89.0,380.8,1.85,23.95,9.47,True,False
2026-09-23 07:31:20,CAT-320-EXC-014,1742,30.92,41.73,4149.6,74.4,88.9,382.3,1.86,23.84,8.8,True,False
2026-09-23 07:31:20,CAT-745-ART-002,1745,31.63,41.73,4182.5,76.6,88.7,421.4,1.84,23.84,8.67,True,False
2026-09-23 07:31:20,CAT-D6-DOZ-008,1737,31.13,41.73,4189.4,74.4,90.1,400.0,1.69,24.02,9.22,True,False
2026-09-23 07:31:20,CAT-980-WLD-005,1774,33.31,41.73,3932.3,76.4,89.0,397.2,1.66,24.3,8.85,True,False
2026-09-23 07:31:25,CAT-320-EXC-014,1765,32.07,41.69,4197.9,75.8,89.8,382.6,2.1,24.58,8.46,True,False
2026-09-23 07:31:25,CAT-745-ART-002,1781,31.35,41.69,4320.7,76.8,86.4,416.2,1.75,22.18,9.32,True,False
2026-09-23 07:31:25,CAT-D6-DOZ-008,1726,30.65,41.69,4121.5,75.2,89.9,387.6,2.13,24.7,9.5,True,False
2026-09-23 07:31:25,CAT-980-WLD-005,1760,32.12,41.69,4314.3,76.7,89.8,406.5,1.97,22.74,8.66,True,False
2026-09-23 07:31:30,CAT-320-EXC-014,1781,31.11,41.64,3959.5,73.9,88.0,380.3,1.92,23.92,9.25,True,False
2026-09-23 07:31:30,CAT-745-ART-002,1801,32.24,41.64,4262.6,75.2,86.7,367.8,1.78,21.76,9.54,True,False
2026-09-23 07:31:30,CAT-D6-DOZ-008,1812,34.16,41.64,4316.1,75.7,88.1,381.8,2.11,23.55,8.85,True,False
2026-09-23 07:31:30,CAT-980-WLD-005,1755,32.94,41.64,4302.2,75.5,89.6,379.1,1.65,24.1,9.47,True,False
2026-09-23 07:31:35,CAT-320-EXC-014,1725,32.5,41.59,4285.6,76.6,87.8,394.6,2.22,24.14,9.41,True,False
2026-09-23 07:31:35,CAT-745-ART-002,1738,33.14,41.59,4576.1,74.4,88.8,398.0,2.33,26.25,8.71,True,False
2026-09-23 07:31:35,CAT-D6-DOZ-008,1743,33.17,41.59,4378.4,77.0,88.8,366.1,1.68,24.31,8.78,True,False
2026-09-23 07:31:35,CAT-980-WLD-005,1756,32.8,41.59,4369.0,76.4,87.8,350.8,1.78,23.99,8.98,True,False
2026-09-23 07:31:40,CAT-320-EXC-014,1762,32.91,41.55,3982.6,74.5,90.5,381.4,2.21,23.65,8.78,True,False
2026-09-23 07:31:40,CAT-745-ART-002,1757,31.46,41.55,4087.7,73.9,86.9,375.6,1.68,24.72,8.31,True,False
2026-09-23 07:31:40,CAT-D6-DOZ-008,1749,31.39,41.55,4211.9,75.0,88.4,348.8,1.62,24.69,8.59,True,False
2026-09-23 07:31:40,CAT-980-WLD-005,1768,31.02,41.55,4399.9,75.1,88.7,366.8,1.73,22.25,8.46,True,False
2026-09-23 07:31:45,CAT-320-EXC-014,881,5.4,41.5,402.5,76.9,87.7,201.6,0.12,24.12,0.17,True,False
2026-09-23 07:31:45,CAT-745-ART-002,865,5.32,41.5,805.4,74.2,89.8,248.0,0.18,22.73,0.09,True,False
2026-09-23 07:31:45,CAT-D6-DOZ-008,906,5.68,41.5,311.9,74.0,88.7,219.5,0.74,24.86,0.04,True,False
2026-09-23 07:31:45,CAT-980-WLD-005,861,7.74,41.5,346.3,75.5,90.5,194.7,0.81,24.72,0.27,True,False
2026-09-23 07:31:50,CAT-320-EXC-014,871,5.26,41.46,1066.5,74.2,90.2,205.5,0.02,24.37,0.23,True,False
2026-09-23 07:31:50,CAT-745-ART-002,902,5.73,41.46,364.8,73.6,86.6,194.8,0.06,24.54,0.27,True,False
2026-09-23 07:31:50,CAT-D6-DOZ-008,843,6.73,41.46,325.1,74.1,88.3,228.9,0.07,24.47,0.14,True,False
2026-09-23 07:31:50,CAT-980-WLD-005,869,7.98,41.46,783.4,74.9,87.4,207.4,0.42,24.49,0.0,True,False
2026-09-23 07:31:55,CAT-320-EXC-014,900,4.18,41.41,233.2,78.2,87.8,224.1,0.19,23.52,0.16,True,False
2026-09-23 07:31:55,CAT-745-ART-002,863,6.7,41.41,741.0,75.2,88.7,264.3,0.41,24.54,0.23,True,False
2026-09-23 07:31:55,CAT-D6-DOZ-008,850,5.96,41.41,696.6,76.7,88.1,244.3,0.54,24.27,0.15,True,False
2026-09-23 07:31:55,CAT-980-WLD-005,906,6.78,41.41,580.8,76.3,89.5,220.9,0.06,24.93,0.0,True,False
2026-09-23 07:32:00,CAT-320-EXC-014,847,7.15,41.36,1051.4,75.8,90.0,217.9,0.61,23.88,0.14,True,False
2026-09-23 07:32:00,CAT-745-ART-002,840,5.87,41.36,565.2,76.4,90.5,189.4,0.08,25.26,0.18,True,False
2026-09-23 07:32:00,CAT-D6-DOZ-008,888,7.56,41.36,564.4,77.4,88.9,226.5,0.47,25.86,0.02,True,False
2026-09-23 07:32:00,CAT-980-WLD-005,850,5.86,41.36,388.6,76.3,88.1,235.7,0.63,24.09,0.0,True,False
2026-09-23 07:32:05,CAT-320-EXC-014,916,7.66,41.32,710.9,77.4,88.5,205.7,0.16,24.68,0.0,True,False
2026-09-23 07:32:05,CAT-745-ART-002,870,6.21,41.32,643.3,75.8,89.2,232.4,0.68,25.96,0.0,True,False
2026-09-23 07:32:05,CAT-D6-DOZ-008,879,7.23,41.32,644.7,77.7,88.3,228.5,0.14,24.59,0.23,True,False
2026-09-23 07:32:05,CAT-980-WLD-005,870,6.67,41.32,574.2,76.3,88.5,216.9,0.13,22.66,0.32,True,False
2026-09-23 07:32:10,CAT-320-EXC-014,1227,7.27,41.27,248.3,75.3,89.0,338.2,7.64,22.76,0.0,True,False
2026-09-23 07:32:10,CAT-745-ART-002,1251,5.96,41.27,421.7,77.5,88.6,372.0,7.59,25.1,0.0,True,False
2026-09-23 07:32:10,CAT-D6-DOZ-008,1241,7.66,41.27,541.5,75.4,89.2,392.0,7.79,24.39,0.0,True,False
2026-09-23 07:32:10,CAT-980-WLD-005,1246,6.63,41.27,402.4,76.2,86.9,378.8,7.75,24.23,0.0,True,False
2026-09-23 07:32:15,CAT-320-EXC-014,1244,7.57,41.23,912.6,75.7,88.2,350.5,7.55,23.78,0.0,True,False
2026-09-23 07:32:15,CAT-745-ART-002,1221,7.36,41.23,840.0,78.0,89.8,382.6,7.87,22.89,0.0,True,False
2026-09-23 07:32:15,CAT-D6-DOZ-008,1262,6.5,41.23,933.3,77.2,89.0,365.0,7.68,27.15,0.34,True,False
2026-09-23 07:32:15,CAT-980-WLD-005,1245,7.93,41.23,807.3,73.8,86.8,357.7,7.66,24.42,0.35,True,False
2026-09-23 07:32:20,CAT-320-EXC-014,1275,5.95,41.18,941.8,75.3,89.0,388.1,7.83,25.01,0.0,True,False
2026-09-23 07:32:20,CAT-745-ART-002,1238,5.64,41.18,646.1,75.4,88.8,387.6,8.17,23.01,0.0,True,False
2026-09-23 07:32:20,CAT-D6-DOZ-008,1263,5.38,41.18,630.8,75.2,88.7,379.2,8.12,23.67,0.24,True,False
2026-09-23 07:32:20,CAT-980-WLD-005,1246,6.98,41.18,619.4,75.5,87.8,379.0,7.82,23.46,0.04,True,False
2026-09-23 07:32:25,CAT-320-EXC-014,900,5.68,41.14,640.6,76.3,87.2,214.1,0.23,25.54,0.0,True,False
2026-09-23 07:32:25,CAT-745-ART-002,848,6.48,41.14,933.6,75.6,88.3,211.5,0.65,22.84,0.0,True,False
2026-09-23 07:32:25,CAT-D6-DOZ-008,888,5.6,41.14,443.3,76.5,88.2,260.5,0.19,23.11,0.03,True,False
2026-09-23 07:32:25,CAT-980-WLD-005,896,3.69,41.14,505.2,77.9,91.1,227.1,0.16,24.38,0.02,True,False
2026-09-23 07:32:30,CAT-320-EXC-014,832,6.25,41.09,699.0,76.6,89.5,203.1,0.56,21.66,0.07,True,False
2026-09-23 07:32:30,CAT-745-ART-002,876,6.71,41.09,817.0,76.4,88.5,220.8,0.47,25.65,0.0,True,False
2026-09-23 07:32:30,CAT-D6-DOZ-008,876,5.94,41.09,323.6,76.7,89.2,218.3,0.17,24.96,0.09,True,False
2026-09-23 07:32:30,CAT-980-WLD-005,882,6.16,41.09,755.3,76.3,87.9,238.3,0.41,24.34,0.0,True,False
2026-09-23 07:32:35,CAT-320-EXC-014,867,6.08,41.04,338.0,75.7,89.0,197.8,0.22,26.14,0.03,True,False
2026-09-23 07:32:35,CAT-745-ART-002,834,6.81,41.04,605.2,76.9,88.2,232.8,0.65,23.68,0.0,True,False
2026-09-23 07:32:35,CAT-D6-DOZ-008,899,6.57,41.04,421.2,77.1,89.4,208.2,0.77,25.73,0.0,True,False
2026-09-23 07:32:35,CAT-980-WLD-005,915,8.28,41.04,666.9,75.8,88.6,230.9,0.55,24.18,0.0,True,False
2026-09-23 07:32:40,CAT-320-EXC-014,892,6.25,41.0,624.2,75.3,89.0,233.4,0.1,23.41,0.0,True,False
2026-09-23 07:32:40,CAT-745-ART-002,900,6.43,41.0,514.8,76.1,88.3,202.6,0.19,22.63,0.0,True,False
2026-09-23 07:32:40,CAT-D6-DOZ-008,895,3.44,41.0,872.7,74.2,89.2,203.6,0.03,24.32,0.0,True,False
2026-09-23 07:32:40,CAT-980-WLD-005,887,6.43,41.0,415.2,75.7,88.2,188.6,0.09,25.04,0.33,True,False
2026-09-23 07:32:45,CAT-320-EXC-014,1763,32.87,40.95,4420.4,74.6,88.9,384.6,1.72,26.47,6.48,True,False
2026-09-23 07:32:45,CAT-745-ART-002,1711,30.18,40.95,4366.5,77.1,89.3,398.3,2.3,23.43,6.03,True,False
2026-09-23 07:32:45,CAT-D6-DOZ-008,1771,31.63,40.95,4196.0,76.1,88.6,381.9,2.0,26.19,6.51,True,False
2026-09-23 07:32:45,CAT-980-WLD-005,1762,31.43,40.95,4281.6,75.9,89.5,386.5,1.68,25.57,5.85,True,False
2026-09-23 07:32:50,CAT-320-EXC-014,1805,31.57,40.91,4075.8,76.3,87.0,413.5,2.06,24.05,7.57,True,False
2026-09-23 07:32:50,CAT-745-ART-002,1790,34.36,40.91,4397.8,75.0,89.0,392.5,2.03,23.0,7.09,True,False
2026-09-23 07:32:50,CAT-D6-DOZ-008,1780,30.78,40.91,4213.0,76.4,88.9,386.5,1.75,25.63,7.29,True,False
2026-09-23 07:32:50,CAT-980-WLD-005,1766,32.26,40.91,4026.3,76.1,90.6,374.0,1.69,22.95,7.15,True,False
2026-09-23 07:32:55,CAT-320-EXC-014,1740,31.72,40.86,4360.9,75.7,88.6,398.8,1.64,23.5,7.71,True,False
2026-09-23 07:32:55,CAT-745-ART-002,1786,31.58,40.86,4368.9,77.0,88.3,399.5,1.72,23.55,8.2,True,False
2026-09-23 07:32:55,CAT-D6-DOZ-008,1776,31.03,40.86,4241.9,74.9,89.5,375.1,2.1,22.93,8.14,True,False
2026-09-23 07:32:55,CAT-980-WLD-005,1752,30.28,40.86,4197.3,75.4,89.9,361.4,1.82,25.19,8.48,True,False
2026-09-23 07:33:00,CAT-320-EXC-014,1773,31.74,40.81,4682.1,76.4,88.3,383.3,1.74,23.39,8.81,True,False
2026-09-23 07:33:00,CAT-745-ART-002,1784,31.14,40.81,4530.4,75.6,88.0,391.4,1.83,23.26,8.39,True,False
2026-09-23 07:33:00,CAT-D6-DOZ-008,1754,31.39,40.81,4254.8,76.0,88.0,376.0,1.94,23.08,9.09,True,False
2026-09-23 07:33:00,CAT-980-WLD-005,1767,33.75,40.81,4260.8,76.8,88.0,369.1,1.71,24.44,8.73,True,False
2026-09-23 07:33:05,CAT-320-EXC-014,1749,32.34,40.77,4480.7,76.0,86.3,393.0,2.25,23.94,9.05,True,False
2026-09-23 07:33:05,CAT-745-ART-002,1774,31.59,40.77,3907.8,75.5,89.3,406.1,2.12,23.28,8.94,True,False
2026-09-23 07:33:05,CAT-D6-DOZ-008,1773,30.87,40.77,4099.6,76.0,87.0,396.2,2.45,22.93,9.45,True,False
2026-09-23 07:33:05,CAT-980-WLD-005,1829,31.16,40.77,4279.4,77.3,90.3,363.9,1.76,22.57,9.08,True,False
2026-09-23 07:33:10,CAT-320-EXC-014,1699,32.73,40.72,4190.7,76.2,88.4,376.5,1.95,22.79,9.36,True,False
2026-09-23 07:33:10,CAT-745-ART-002,1779,33.16,40.72,4442.7,75.9,88.8,339.4,1.83,24.39,9.32,True,False
2026-09-23 07:33:10,CAT-D6-DOZ-008,1782,30.52,40.72,4309.1,77.2,88.5,374.1,1.76,23.91,9.44,True,False
2026-09-23 07:33:10,CAT-980-WLD-005,1719,32.88,40.72,4364.5,76.3,88.9,357.9,1.88,23.92,9.28,True,False
2026-09-23 07:33:15,CAT-320-EXC-014,1788,33.86,40.68,4342.4,74.5,88.0,406.5,1.8,25.17,9.66,True,False
2026-09-23 07:33:15,CAT-745-ART-002,1731,32.55,40.68,3918.8,76.1,89.2,389.1,1.74,25.12,9.15,True,False
2026-09-23 07:33:15,CAT-D6-DOZ-008,1764,31.64,40.68,4428.1,75.4,89.3,394.5,1.76,25.16,9.08,True,False
2026-09-23 07:33:15,CAT-980-WLD-005,1722,33.37,40.68,4297.8,76.8,89.2,368.6,1.88,24.38,9.01,True,False
2026-09-23 07:33:20,CAT-320-EXC-014,1758,32.28,40.63,4475.2,75.2,87.9,379.4,2.28,23.0,8.69,True,False
2026-09-23 07:33:20,CAT-745-ART-002,1733,34.55,40.63,4261.5,76.4,88.1,372.9,2.07,24.54,8.95,True,False
2026-09-23 07:33:20,CAT-D6-DOZ-008,1773,33.88,40.63,3918.4,75.2,90.3,420.3,2.36,24.85,9.11,True,False
2026-09-23 07:33:20,CAT-980-WLD-005,1758,33.33,40.63,4046.2,76.8,88.1,378.6,1.83,25.36,9.06,True,False
2026-09-23 07:33:25,CAT-320-EXC-014,1752,33.57,40.59,4454.5,75.7,89.6,388.5,1.96,23.75,7.87,True,False
2026-09-23 07:33:25,CAT-745-ART-002,1799,30.9,40.59,4072.4,76.1,87.2,358.0,2.33,22.7,8.55,True,False
2026-09-23 07:33:25,CAT-D6-DOZ-008,1749,33.16,40.59,4291.1,79.6,87.4,375.9,1.71,23.7,7.75,True,False
2026-09-23 07:33:25,CAT-980-WLD-005,1836,32.15,40.59,3943.6,77.3,89.9,400.2,1.69,24.92,7.99,True,False
2026-09-23 07:33:30,CAT-320-EXC-014,1738,32.22,40.54,4061.1,73.7,88.4,375.3,1.94,26.26,7.64,True,False
2026-09-23 07:33:30,CAT-745-ART-002,1777,31.08,40.54,4392.9,75.6,90.3,403.1,1.73,25.69,7.27,True,False
2026-09-23 07:33:30,CAT-D6-DOZ-008,1778,32.49,40.54,4384.2,77.0,88.0,362.7,1.62,23.99,7.52,True,False
2026-09-23 07:33:30,CAT-980-WLD-005,1742,28.76,40.54,3910.1,75.1,87.7,398.6,1.66,21.56,7.04,True,False
2026-09-23 07:33:35,CAT-320-EXC-014,1751,32.54,40.49,4356.5,78.0,86.9,400.7,2.29,23.49,6.01,True,False
2026-09-23 07:33:35,CAT-745-ART-002,1748,32.43,40.49,4151.3,75.0,91.7,428.8,2.66,23.83,6.21,True,False
2026-09-23 07:33:35,CAT-D6-DOZ-008,1759,30.54,40.49,4436.9,74.4,87.9,346.0,1.82,21.79,6.44,True,False
2026-09-23 07:33:35,CAT-980-WLD-005,1756,31.37,40.49,4479.1,76.7,89.7,367.1,2.52,23.41,6.25,True,False
2026-09-23 07:33:40,CAT-320-EXC-014,1757,33.42,40.45,4403.5,77.8,88.1,373.4,1.82,21.93,8.4,True,False
2026-09-23 07:33:40,CAT-745-ART-002,1785,32.54,40.45,4254.8,77.0,88.6,397.6,1.64,23.63,9.46,True,False
2026-09-23 07:33:40,CAT-D6-DOZ-008,1757,33.26,40.45,4215.4,75.9,88.0,381.2,2.19,23.52,8.46,True,False
2026-09-23 07:33:40,CAT-980-WLD-005,1735,32.71,40.45,4084.4,77.0,88.5,400.2,1.7,21.79,8.28,True,False
2026-09-23 07:33:45,CAT-320-EXC-014,1763,31.16,40.4,4034.0,78.3,91.2,406.6,1.9,26.08,8.95,True,False
2026-09-23 07:33:45,CAT-745-ART-002,1764,31.95,40.4,4359.4,76.1,88.6,395.1,1.73,24.51,9.33,True,False
2026-09-23 07:33:45,CAT-D6-DOZ-008,1771,31.14,40.4,4039.2,75.6,90.7,361.2,1.7,23.75,9.03,True,False
2026-09-23 07:33:45,CAT-980-WLD-005,1825,31.38,40.4,4134.9,76.0,87.9,377.0,1.66,25.68,9.13,True,False
2026-09-23 07:33:50,CAT-320-EXC-014,1721,31.11,40.36,4239.3,74.4,87.2,366.1,1.76,22.66,8.72,True,False
2026-09-23 07:33:50,CAT-745-ART-002,1734,30.98,40.36,4244.7,77.3,87.8,405.9,2.03,24.7,9.02,True,False
2026-09-23 07:33:50,CAT-D6-DOZ-008,1786,31.45,40.36,4302.2,74.8,88.8,371.3,2.11,23.51,9.41,True,False
2026-09-23 07:33:50,CAT-980-WLD-005,1751,31.3,40.36,4086.3,76.7,87.5,380.1,1.63,26.4,8.9,True,False
2026-09-23 07:33:55,CAT-320-EXC-014,1782,32.48,40.31,4152.2,75.4,87.7,383.0,1.9,22.22,8.64,True,False
2026-09-23 07:33:55,CAT-745-ART-002,1769,31.19,40.31,4423.7,76.2,88.7,356.1,1.63,22.29,8.38,True,False
2026-09-23 07:33:55,CAT-D6-DOZ-008,1764,31.54,40.31,4126.0,75.5,88.5,357.7,2.0,25.55,9.12,True,False
2026-09-23 07:33:55,CAT-980-WLD-005,1802,32.69,40.31,4262.8,75.8,87.4,377.8,2.01,24.72,8.72,True,False
2026-09-23 07:34:00,CAT-320-EXC-014,1751,31.02,40.26,4204.1,77.7,89.5,377.3,1.81,22.12,8.42,True,False
2026-09-23 07:34:00,CAT-745-ART-002,1766,33.93,40.26,4395.7,75.6,88.8,394.9,1.74,24.93,8.54,True,False
2026-09-23 07:34:00,CAT-D6-DOZ-008,1784,33.48,40.26,4004.3,75.3,86.6,377.7,1.64,22.99,8.17,True,False
2026-09-23 07:34:00,CAT-980-WLD-005,1743,31.56,40.26,4244.1,76.8,89.0,377.8,1.71,23.56,8.92,True,False
2026-09-23 07:34:05,CAT-320-EXC-014,1773,33.52,40.22,4493.9,77.5,88.6,395.6,1.74,22.55,8.79,True,False
2026-09-23 07:34:05,CAT-745-ART-002,1761,30.74,40.22,4272.1,76.4,89.6,359.2,1.95,24.0,8.54,True,False
2026-09-23 07:34:05,CAT-D6-DOZ-008,1768,32.81,40.22,4170.6,76.5,89.7,383.0,2.22,23.99,9.11,True,False
2026-09-23 07:34:05,CAT-980-WLD-005,1728,31.47,40.22,4202.0,74.1,88.6,396.0,2.13,24.87,8.43,True,False
2026-09-23 07:34:10,CAT-320-EXC-014,1738,32.7,40.17,4342.0,77.1,86.4,392.8,2.42,25.2,9.16,True,False
2026-09-23 07:34:10,CAT-745-ART-002,1770,33.13,40.17,3949.9,73.9,88.9,369.9,1.64,23.9,9.19,True,False
2026-09-23 07:34:10,CAT-D6-DOZ-008,1780,30.58,40.17,4405.5,76.9,88.7,358.5,1.67,23.28,9.52,True,False
2026-09-23 07:34:10,CAT-980-WLD-005,1767,32.03,40.17,4220.5,75.6,88.2,400.7,1.72,22.84,9.14,True,False
2026-09-23 07:34:15,CAT-320-EXC-014,1745,32.02,40.13,4195.3,76.9,87.2,384.2,2.05,24.18,8.41,True,False
2026-09-23 07:34:15,CAT-745-ART-002,1794,32.22,40.13,3828.7,75.9,89.1,393.6,1.96,23.66,9.13,True,False
2026-09-23 07:34:15,CAT-D6-DOZ-008,1755,33.14,40.13,4185.8,76.8,91.2,379.5,2.73,25.91,8.73,True,False
2026-09-23 07:34:15,CAT-980-WLD-005,1759,32.53,40.13,4338.8,77.1,87.5,368.0,1.81,25.35,8.3,True,False
2026-09-23 07:34:20,CAT-320-EXC-014,1743,34.31,40.08,4057.2,76.0,87.1,358.8,1.75,22.85,9.38,True,False
2026-09-23 07:34:20,CAT-745-ART-002,1770,32.55,40.08,4199.2,75.3,89.1,366.0,1.66,24.05,8.84,True,False
2026-09-23 07:34:20,CAT-D6-DOZ-008,1773,33.1,40.08,4386.3,75.6,90.5,384.6,1.69,24.38,9.44,True,False
2026-09-23 07:34:20,CAT-980-WLD-005,1733,32.2,40.08,4055.2,77.2,89.5,359.4,1.78,24.76,8.69,True,False
2026-09-23 07:34:25,CAT-320-EXC-014,1793,32.16,40.03,4249.1,75.0,88.0,381.3,2.2,25.08,9.56,True,False
2026-09-23 07:34:25,CAT-745-ART-002,1768,33.29,40.03,4274.4,74.8,88.5,371.9,2.19,26.6,8.92,True,False
2026-09-23 07:34:25,CAT-D6-DOZ-008,1768,31.88,40.03,4394.7,73.5,88.1,384.1,1.82,27.28,8.78,True,False
2026-09-23 07:34:25,CAT-980-WLD-005,1776,33.19,40.03,4220.9,79.5,88.6,377.4,2.04,23.87,9.13,True,False
2026-09-23 07:34:30,CAT-320-EXC-014,908,5.36,39.99,773.0,75.6,88.0,250.2,0.7,24.49,0.17,True,False
2026-09-23 07:34:30,CAT-745-ART-002,860,5.67,39.99,419.8,73.5,87.8,196.9,0.05,24.63,0.04,True,False
2026-09-23 07:34:30,CAT-D6-DOZ-008,883,7.23,39.99,713.8,75.8,89.2,216.5,0.51,21.45,0.06,True,False
2026-09-23 07:34:30,CAT-980-WLD-005,913,6.93,39.99,565.7,77.1,88.5,198.7,0.52,23.65,0.0,True,False
2026-09-23 07:34:35,CAT-320-EXC-014,893,6.78,39.94,635.1,77.4,89.3,201.7,0.29,24.39,0.21,True,False
2026-09-23 07:34:35,CAT-745-ART-002,872,5.66,39.94,455.5,76.6,87.9,232.5,0.62,23.85,0.0,True,False
2026-09-23 07:34:35,CAT-D6-DOZ-008,815,6.17,39.94,301.2,76.7,87.1,214.5,0.27,25.8,0.0,True,False
2026-09-23 07:34:35,CAT-980-WLD-005,876,4.84,39.94,502.7,75.8,89.6,187.7,0.02,25.85,0.0,True,False
2026-09-23 07:34:40,CAT-320-EXC-014,910,7.57,39.9,222.3,74.6,88.5,218.5,0.37,21.48,0.0,True,False
2026-09-23 07:34:40,CAT-745-ART-002,850,8.34,39.9,1022.8,75.7,89.2,228.5,0.03,25.52,0.0,True,False
2026-09-23 07:34:40,CAT-D6-DOZ-008,854,6.48,39.9,836.9,76.8,87.7,251.1,0.09,21.68,0.0,True,False
2026-09-23 07:34:40,CAT-980-WLD-005,872,6.55,39.9,768.4,76.6,88.0,247.4,0.48,24.14,0.0,True,False
2026-09-23 07:34:45,CAT-320-EXC-014,872,5.17,39.85,690.4,76.1,88.1,248.8,0.48,24.68,0.2,True,False
2026-09-23 07:34:45,CAT-745-ART-002,887,6.0,39.85,718.7,75.8,89.4,218.9,0.31,24.14,0.0,True,False
2026-09-23 07:34:45,CAT-D6-DOZ-008,849,6.68,39.85,628.2,78.7,89.8,243.0,0.41,22.37,0.0,True,False
2026-09-23 07:34:45,CAT-980-WLD-005,881,6.3,39.85,620.2,74.3,87.7,208.5,0.06,23.15,0.0,True,False
2026-09-23 07:34:50,CAT-320-EXC-014,883,7.51,39.81,331.1,74.8,89.8,246.3,0.0,25.85,0.4,True,False
2026-09-23 07:34:50,CAT-745-ART-002,900,6.1,39.81,608.7,75.1,87.9,246.6,0.11,22.49,0.17,True,False
2026-09-23 07:34:50,CAT-D6-DOZ-008,889,5.88,39.81,720.5,76.8,88.2,219.8,0.3,25.55,0.03,True,False
2026-09-23 07:34:50,CAT-980-WLD-005,903,6.45,39.81,871.0,77.6,89.0,212.5,0.03,22.94,0.0,True,False
2026-09-23 07:34:55,CAT-320-EXC-014,899,5.98,39.76,454.6,75.8,89.6,211.0,0.39,24.63,0.4,True,False
2026-09-23 07:34:55,CAT-745-ART-002,885,6.98,39.76,812.9,75.4,87.9,221.3,0.11,24.07,0.0,True,False
2026-09-23 07:34:55,CAT-D6-DOZ-008,905,3.65,39.76,525.4,75.5,87.8,218.2,0.3,22.39,0.0,True,False
2026-09-23 07:34:55,CAT-980-WLD-005,901,6.92,39.76,631.4,75.7,89.8,224.9,0.12,23.54,0.38,True,False
2026-09-23 07:35:00,CAT-320-EXC-014,1243,5.68,39.71,759.3,77.7,88.2,373.5,8.24,22.74,0.29,True,False
2026-09-23 07:35:00,CAT-745-ART-002,1219,5.83,39.71,809.7,73.4,87.5,350.8,7.51,22.55,0.4,True,False
2026-09-23 07:35:00,CAT-D6-DOZ-008,1275,4.78,39.71,601.1,75.1,88.9,411.8,8.14,20.99,0.2,True,False
2026-09-23 07:35:00,CAT-980-WLD-005,1261,6.32,39.71,674.1,76.3,87.9,385.3,8.07,24.22,0.0,True,False
2026-09-23 07:35:05,CAT-320-EXC-014,1248,6.64,39.67,633.0,76.3,89.2,378.1,7.53,23.48,0.0,True,False
2026-09-23 07:35:05,CAT-745-ART-002,1275,5.7,39.67,829.7,76.5,87.4,398.4,8.0,23.98,0.0,True,False
2026-09-23 07:35:05,CAT-D6-DOZ-008,1238,8.8,39.67,736.3,76.0,89.5,390.7,7.6,24.48,0.05,True,False
2026-09-23 07:35:05,CAT-980-WLD-005,1262,5.65,39.67,734.5,78.0,89.1,368.1,7.63,22.21,0.0,True,False
2026-09-23 07:35:10,CAT-320-EXC-014,1265,4.54,39.62,671.6,75.6,89.8,370.3,7.81,24.8,0.2,True,False
2026-09-23 07:35:10,CAT-745-ART-002,1268,4.88,39.62,450.6,75.6,89.4,366.0,7.81,22.84,0.0,True,False
2026-09-23 07:35:10,CAT-D6-DOZ-008,1266,7.44,39.62,200.0,77.1,88.4,399.8,7.99,22.55,0.4,True,False
2026-09-23 07:35:10,CAT-980-WLD-005,1243,6.84,39.62,750.8,77.2,89.3,395.2,7.82,25.11,0.08,True,False
2026-09-23 07:35:15,CAT-320-EXC-014,858,5.98,39.58,679.4,77.2,87.5,216.2,0.16,27.06,0.4,True,False
2026-09-23 07:35:15,CAT-745-ART-002,873,4.87,39.58,567.6,77.3,89.3,221.4,0.35,22.36,0.4,True,False
2026-09-23 07:35:15,CAT-D6-DOZ-008,871,5.94,39.58,919.8,75.6,88.0,213.3,0.65,24.93,0.0,True,False
2026-09-23 07:35:15,CAT-980-WLD-005,861,6.79,39.58,447.8,76.0,90.4,227.4,0.49,23.29,0.23,True,False
2026-09-23 07:35:20,CAT-320-EXC-014,875,6.97,39.53,581.0,75.4,88.9,210.7,0.5,22.6,0.0,True,False
2026-09-23 07:35:20,CAT-745-ART-002,901,7.21,39.53,861.0,75.8,88.7,227.9,0.26,23.17,0.03,True,False
2026-09-23 07:35:20,CAT-D6-DOZ-008,891,6.01,39.53,973.7,76.8,88.1,215.6,0.6,23.42,0.21,True,False
2026-09-23 07:35:20,CAT-980-WLD-005,882,5.65,39.53,869.5,78.2,90.1,226.0,0.13,23.24,0.0,True,False
2026-09-23 07:35:25,CAT-320-EXC-014,893,7.07,39.48,501.7,74.5,89.6,196.7,0.7,23.88,0.24,True,False
2026-09-23 07:35:25,CAT-745-ART-002,910,7.23,39.48,739.9,76.5,88.1,236.6,0.1,25.3,0.0,True,False
2026-09-23 07:35:25,CAT-D6-DOZ-008,840,4.64,39.48,830.6,75.0,87.6,236.2,0.18,23.52,0.0,True,False
2026-09-23 07:35:25,CAT-980-WLD-005,859,8.06,39.48,572.8,79.9,88.2,226.5,0.01,24.61,0.35,True,False
2026-09-23 07:35:30,CAT-320-EXC-014,1793,28.99,39.44,4350.8,76.4,88.1,345.0,1.86,25.48,5.17,True,False
2026-09-23 07:35:30,CAT-745-ART-002,1771,31.89,39.44,4380.2,77.5,88.7,401.1,1.63,22.49,5.43,True,False
2026-09-23 07:35:30,CAT-D6-DOZ-008,1800,30.58,39.44,4006.9,75.8,89.0,385.6,1.79,22.24,5.71,True,False
2026-09-23 07:35:30,CAT-980-WLD-005,1766,29.82,39.44,4326.6,76.9,87.9,396.0,2.06,25.61,5.84,True,False
2026-09-23 07:35:35,CAT-320-EXC-014,1755,31.99,39.39,4589.8,77.6,90.5,365.3,1.82,24.02,6.36,True,False
2026-09-23 07:35:35,CAT-745-ART-002,1757,31.02,39.39,4687.5,76.3,88.8,374.4,1.7,26.51,6.5,True,False
2026-09-23 07:35:35,CAT-D6-DOZ-008,1742,33.67,39.39,4373.4,76.9,90.5,371.6,1.89,21.59,6.84,True,False
2026-09-23 07:35:35,CAT-980-WLD-005,1764,30.87,39.39,4081.3,76.1,88.2,408.3,2.04,23.69,6.78,True,False
2026-09-23 07:35:40,CAT-320-EXC-014,1710,31.91,39.35,4253.2,76.6,90.5,391.9,1.72,24.88,7.18,True,False
2026-09-23 07:35:40,CAT-745-ART-002,1775,32.13,39.35,3973.0,77.5,87.1,404.0,1.86,24.26,7.7,True,False
2026-09-23 07:35:40,CAT-D6-DOZ-008,1797,31.29,39.35,4354.9,75.6,88.6,368.2,2.02,21.04,7.88,True,False
2026-09-23 07:35:40,CAT-980-WLD-005,1761,32.64,39.35,4355.8,77.2,91.1,371.2,1.64,22.65,7.44,True,False
2026-09-23 07:35:45,CAT-320-EXC-014,1780,31.03,39.3,4428.1,76.2,87.4,391.3,1.7,25.04,8.49,True,False
2026-09-23 07:35:45,CAT-745-ART-002,1776,33.15,39.3,4133.8,76.9,89.4,357.6,1.68,26.6,8.42,True,False
2026-09-23 07:35:45,CAT-D6-DOZ-008,1775,31.99,39.3,4460.0,75.8,89.2,364.3,1.87,26.56,8.58,True,False
2026-09-23 07:35:45,CAT-980-WLD-005,1745,32.66,39.3,4044.0,74.7,88.3,364.9,1.86,22.87,8.76,True,False
2026-09-23 07:35:50,CAT-320-EXC-014,1714,29.9,39.26,4340.1,79.2,88.8,362.0,1.74,22.94,8.84,True,False
2026-09-23 07:35:50,CAT-745-ART-002,1756,32.52,39.26,4246.8,77.0,87.9,397.6,1.84,23.26,9.26,True,False
2026-09-23 07:35:50,CAT-D6-DOZ-008,1795,31.1,39.26,4011.7,76.9,88.6,370.7,1.74,23.73,8.6,True,False
2026-09-23 07:35:50,CAT-980-WLD-005,1758,32.21,39.26,4285.8,76.2,88.4,368.4,1.8,24.09,8.86,True,False
2026-09-23 07:35:55,CAT-320-EXC-014,1749,30.72,39.21,4464.4,76.3,89.3,362.5,2.02,24.98,9.33,True,False
2026-09-23 07:35:55,CAT-745-ART-002,1781,32.1,39.21,4412.2,77.0,88.8,411.3,1.75,25.25,9.08,True,False
2026-09-23 07:35:55,CAT-D6-DOZ-008,1786,32.93,39.21,4452.6,77.6,89.5,402.7,1.61,23.28,9.07,True,False
2026-09-23 07:35:55,CAT-980-WLD-005,1776,31.1,39.21,4231.1,75.7,89.0,366.4,1.79,22.01,9.56,True,False
2026-09-23 07:36:00,CAT-320-EXC-014,1795,33.61,39.16,4072.5,76.3,88.4,387.8,1.77,24.27,9.28,True,False
2026-09-23 07:36:00,CAT-745-ART-002,1779,30.94,39.16,4414.4,78.3,88.0,369.4,2.22,23.4,9.11,True,False
2026-09-23 07:36:00,CAT-D6-DOZ-008,1762,31.16,39.16,4324.6,77.0,87.2,382.4,1.75,26.96,9.07,True,False
2026-09-23 07:36:00,CAT-980-WLD-005,1764,32.35,39.16,4256.0,74.2,88.7,368.4,2.6,23.82,9.55,True,False
2026-09-23 07:36:05,CAT-320-EXC-014,1749,31.3,39.12,4302.2,75.8,87.4,403.6,1.94,24.18,9.2,True,False
2026-09-23 07:36:05,CAT-745-ART-002,1787,32.21,39.12,4114.8,76.0,89.2,372.7,2.32,24.82,9.13,True,False
2026-09-23 07:36:05,CAT-D6-DOZ-008,1759,31.45,39.12,4398.2,76.0,88.4,363.7,2.14,24.24,9.03,True,False
2026-09-23 07:36:05,CAT-980-WLD-005,1792,31.56,39.12,4357.5,76.6,88.6,385.9,1.63,24.16,9.05,True,False
2026-09-23 07:36:10,CAT-320-EXC-014,1775,31.69,39.07,4367.5,75.5,89.8,371.2,2.59,24.4,8.42,True,False
2026-09-23 07:36:10,CAT-745-ART-002,1762,30.99,39.07,4187.0,76.7,88.2,409.2,1.79,25.04,8.34,True,False
2026-09-23 07:36:10,CAT-D6-DOZ-008,1761,30.02,39.07,4281.0,75.4,89.2,379.2,1.98,22.69,8.48,True,False
2026-09-23 07:36:10,CAT-980-WLD-005,1721,29.8,39.07,4410.9,76.6,87.1,405.6,2.21,24.57,8.46,True,False
2026-09-23 07:36:15,CAT-320-EXC-014,1750,31.13,39.03,4290.4,75.9,88.4,383.7,1.99,22.12,7.64,True,False
2026-09-23 07:36:15,CAT-745-ART-002,1757,32.85,39.03,4050.9,78.3,88.5,380.0,1.67,24.3,7.78,True,False
2026-09-23 07:36:15,CAT-D6-DOZ-008,1757,31.94,39.03,4366.2,76.4,89.7,365.8,2.56,23.38,7.41,True,False
2026-09-23 07:36:15,CAT-980-WLD-005,1755,31.44,39.03,4241.7,75.6,88.0,372.1,1.68,22.31,7.92,True,False
2026-09-23 07:36:20,CAT-320-EXC-014,1763,30.28,38.98,4173.0,76.5,88.3,355.2,2.05,25.06,6.94,True,False
2026-09-23 07:36:20,CAT-745-ART-002,1749,29.93,38.98,4305.0,77.8,87.7,377.6,1.86,22.83,6.44,True,False
2026-09-23 07:36:20,CAT-D6-DOZ-008,1750,30.17,38.98,4124.3,75.6,90.2,354.7,1.77,23.33,7.02,True,False
2026-09-23 07:36:20,CAT-980-WLD-005,1781,31.66,38.98,4271.0,77.1,89.3,390.2,2.31,26.1,6.96,True,False
2026-09-23 07:36:25,CAT-320-EXC-014,1766,31.25,38.93,4272.4,72.6,88.0,372.2,2.32,23.18,5.89,True,False
2026-09-23 07:36:25,CAT-745-ART-002,1756,32.28,38.93,4226.8,77.4,87.6,345.6,1.69,24.32,5.58,True,False
2026-09-23 07:36:25,CAT-D6-DOZ-008,1774,31.64,38.93,4067.3,75.3,88.8,390.3,2.2,24.74,5.57,True,False
2026-09-23 07:36:25,CAT-980-WLD-005,1763,30.74,38.93,4554.3,76.4,89.8,356.7,1.71,23.32,5.51,True,False
2026-09-23 07:36:30,CAT-320-EXC-014,1763,31.51,38.89,3995.9,75.3,88.9,365.8,1.65,23.77,9.33,True,False
2026-09-23 07:36:30,CAT-745-ART-002,1758,32.3,38.89,4404.4,75.8,90.3,387.5,1.63,22.17,8.83,True,False
2026-09-23 07:36:30,CAT-D6-DOZ-008,1737,31.67,38.89,4001.4,75.7,90.5,388.5,2.28,24.05,8.17,True,False
2026-09-23 07:36:30,CAT-980-WLD-005,1765,31.71,38.89,4064.7,77.4,90.9,381.1,2.31,24.74,9.69,True,False
2026-09-23 07:36:35,CAT-320-EXC-014,1718,33.66,38.84,4347.1,76.0,90.8,370.3,1.79,23.82,8.46,True,False
2026-09-23 07:36:35,CAT-745-ART-002,1795,32.42,38.84,4277.9,76.2,89.1,375.5,1.74,24.18,8.5,True,False
2026-09-23 07:36:35,CAT-D6-DOZ-008,1734,31.75,38.84,4421.4,75.2,88.3,386.7,1.62,24.82,9.73,True,False
2026-09-23 07:36:35,CAT-980-WLD-005,1752,31.26,38.84,4143.6,75.5,88.1,372.7,1.79,23.94,9.24,True,False
2026-09-23 07:36:40,CAT-320-EXC-014,1764,30.91,38.8,4329.3,76.0,87.7,379.2,2.06,23.51,9.23,True,False
2026-09-23 07:36:40,CAT-745-ART-002,1745,31.44,38.8,4364.7,77.4,88.1,404.6,1.8,24.45,8.88,True,False
2026-09-23 07:36:40,CAT-D6-DOZ-008,1767,32.03,38.8,4106.9,77.6,88.3,392.7,2.32,24.42,8.93,True,False
2026-09-23 07:36:40,CAT-980-WLD-005,1783,32.83,38.8,4256.6,75.5,88.9,398.2,2.1,23.1,9.23,True,False
2026-09-23 07:36:45,CAT-320-EXC-014,1749,31.88,38.75,4269.5,78.2,89.2,378.8,1.88,24.71,8.9,True,False
2026-09-23 07:36:45,CAT-745-ART-002,1771,33.38,38.75,4494.8,77.0,87.8,368.1,1.68,24.31,8.93,True,False
2026-09-23 07:36:45,CAT-D6-DOZ-008,1754,31.79,38.75,4405.1,77.0,89.0,384.1,1.97,22.94,9.43,True,False
2026-09-23 07:36:45,CAT-980-WLD-005,1786,32.6,38.75,4325.2,75.9,85.8,391.9,1.8,25.08,9.4,True,False
2026-09-23 07:36:50,CAT-320-EXC-014,1769,31.78,38.7,4409.7,76.3,87.4,384.1,1.71,25.06,9.31,True,False
2026-09-23 07:36:50,CAT-745-ART-002,1792,31.13,38.7,4137.7,78.1,87.4,376.3,1.64,22.78,9.09,True,False
2026-09-23 07:36:50,CAT-D6-DOZ-008,1812,31.85,38.7,4096.3,76.3,89.0,350.0,1.76,21.84,9.06,True,False
2026-09-23 07:36:50,CAT-980-WLD-005,1748,30.82,38.7,4325.1,76.8,88.8,374.6,1.7,23.17,9.04,True,False
2026-09-23 07:36:55,CAT-320-EXC-014,1791,30.04,38.66,3905.7,75.3,88.8,397.1,1.68,24.13,8.43,True,False
2026-09-23 07:36:55,CAT-745-ART-002,1781,32.04,38.66,4168.8,77.2,90.6,377.5,2.06,25.63,9.35,True,False
2026-09-23 07:36:55,CAT-D6-DOZ-008,1773,32.74,38.66,4343.7,78.9,89.3,363.0,1.79,22.16,8.59,True,False
2026-09-23 07:36:55,CAT-980-WLD-005,1794,32.29,38.66,4666.7,76.8,90.0,359.4,2.24,24.43,9.11,True,False
2026-09-23 07:37:00,CAT-320-EXC-014,1754,31.43,38.61,4363.2,76.1,87.5,391.7,1.63,23.91,8.52,True,False
2026-09-23 07:37:00,CAT-745-ART-002,1775,30.71,38.61,4223.6,77.8,87.6,395.7,2.09,23.49,8.21,True,False
2026-09-23 07:37:00,CAT-D6-DOZ-008,1724,33.05,38.61,4031.0,77.0,88.0,365.1,1.8,23.7,8.3,True,False
2026-09-23 07:37:00,CAT-980-WLD-005,1782,30.91,38.61,4342.3,77.6,88.1,389.7,1.98,23.57,8.72,True,False
2026-09-23 07:37:05,CAT-320-EXC-014,1747,30.48,38.57,4157.2,76.1,88.1,383.9,1.62,24.17,8.7,True,False
2026-09-23 07:37:05,CAT-745-ART-002,1730,31.65,38.57,4453.1,75.0,88.6,379.4,1.73,24.02,9.46,True,False
2026-09-23 07:37:05,CAT-D6-DOZ-008,1767,31.4,38.57,4318.6,77.0,89.0,391.8,1.85,22.09,8.66,True,False
2026-09-23 07:37:05,CAT-980-WLD-005,1777,32.36,38.57,4319.6,76.7,88.9,355.9,1.67,24.78,9.27,True,False
2026-09-23 07:37:10,CAT-320-EXC-014,1754,32.6,38.52,4439.5,77.2,87.7,383.9,1.73,27.06,9.16,True,False
2026-09-23 07:37:10,CAT-745-ART-002,1760,31.99,38.52,4409.3,75.9,89.7,379.5,1.89,24.43,8.27,True,False
2026-09-23 07:37:10,CAT-D6-DOZ-008,1757,30.38,38.52,4220.1,75.3,89.0,370.0,1.6,23.34,9.39,True,False
2026-09-23 07:37:10,CAT-980-WLD-005,1787,34.7,38.52,4490.2,77.2,89.2,357.3,2.18,22.76,9.21,True,False
2026-09-23 07:37:15,CAT-320-EXC-014,1747,33.12,38.48,4321.7,76.6,88.5,336.7,1.63,21.46,8.45,True,False
2026-09-23 07:37:15,CAT-745-ART-002,1791,32.27,38.48,4178.9,77.1,89.4,412.6,1.9,25.18,8.88,True,False
2026-09-23 07:37:15,CAT-D6-DOZ-008,1788,32.42,38.48,4110.1,75.3,90.2,380.2,1.98,24.12,8.51,True,False
2026-09-23 07:37:15,CAT-980-WLD-005,1758,32.07,38.48,4671.4,77.5,87.5,388.9,2.05,22.74,8.49,True,False
2026-09-23 07:37:20,CAT-320-EXC-014,894,4.58,38.43,433.1,76.1,88.4,225.6,0.03,24.31,0.36,True,False
2026-09-23 07:37:20,CAT-745-ART-002,844,7.14,38.43,681.5,75.9,89.3,229.1,1.02,24.47,0.0,True,False
2026-09-23 07:37:20,CAT-D6-DOZ-008,891,6.62,38.43,653.7,75.9,88.7,199.1,0.16,24.28,0.0,True,False
2026-09-23 07:37:20,CAT-980-WLD-005,877,6.69,38.43,605.1,76.7,89.6,208.3,0.49,23.41,0.0,True,False
2026-09-23 07:37:25,CAT-320-EXC-014,849,6.44,38.38,1091.1,77.4,89.6,225.1,0.28,22.58,0.2,True,False
2026-09-23 07:37:25,CAT-745-ART-002,881,7.06,38.38,574.4,76.2,87.9,252.7,0.05,24.36,0.26,True,False
2026-09-23 07:37:25,CAT-D6-DOZ-008,853,8.29,38.38,630.9,76.2,89.5,239.4,0.83,23.51,0.0,True,False
2026-09-23 07:37:25,CAT-980-WLD-005,867,7.55,38.38,763.1,76.8,90.8,215.4,0.03,24.15,0.04,True,False
2026-09-23 07:37:30,CAT-320-EXC-014,871,5.32,38.34,715.4,75.4,89.3,232.7,0.02,23.05,0.01,True,False
2026-09-23 07:37:30,CAT-745-ART-002,882,6.88,38.34,786.7,77.4,90.5,252.0,0.19,24.13,0.0,True,False
2026-09-23 07:37:30,CAT-D6-DOZ-008,877,6.32,38.34,337.4,75.7,87.8,202.0,0.4,23.9,0.17,True,False
2026-09-23 07:37:30,CAT-980-WLD-005,889,6.74,38.34,670.6,77.1,89.1,197.0,0.25,24.92,0.0,True,False
2026-09-23 07:37:35,CAT-320-EXC-014,907,5.71,38.29,357.0,77.2,88.1,193.3,1.13,24.16,0.05,True,False
2026-09-23 07:37:35,CAT-745-ART-002,866,6.56,38.29,410.2,77.6,90.0,232.5,0.28,22.99,0.0,True,False
2026-09-23 07:37:35,CAT-D6-DOZ-008,899,7.6,38.29,395.7,77.5,88.6,240.6,0.18,23.84,0.03,True,False
2026-09-23 07:37:35,CAT-980-WLD-005,876,8.69,38.29,581.6,76.2,88.6,230.5,0.46,23.73,0.22,True,False
2026-09-23 07:37:40,CAT-320-EXC-014,896,3.57,38.25,661.7,76.0,87.9,244.2,0.16,24.43,0.14,True,False
2026-09-23 07:37:40,CAT-745-ART-002,925,6.59,38.25,565.3,76.0,92.1,184.1,0.03,23.22,0.0,True,False
2026-09-23 07:37:40,CAT-D6-DOZ-008,873,6.32,38.25,654.9,78.3,89.4,225.0,0.55,25.23,0.0,True,False
2026-09-23 07:37:40,CAT-980-WLD-005,847,7.16,38.25,387.7,76.7,89.2,196.0,0.56,25.68,0.28,True,False
2026-09-23 07:37:45,CAT-320-EXC-014,1266,5.71,38.2,449.0,77.0,88.2,381.6,7.66,25.13,0.0,True,False
2026-09-23 07:37:45,CAT-745-ART-002,1258,6.95,38.2,690.8,75.5,89.7,367.7,7.62,25.4,0.25,True,False
2026-09-23 07:37:45,CAT-D6-DOZ-008,1258,5.64,38.2,669.5,77.9,90.5,402.5,7.66,22.33,0.0,True,False
2026-09-23 07:37:45,CAT-980-WLD-005,1284,5.89,38.2,481.5,75.1,88.2,368.9,7.76,24.47,0.11,True,False
2026-09-23 07:37:50,CAT-320-EXC-014,1261,7.15,38.15,859.1,74.6,87.5,382.8,8.18,24.03,0.0,True,False
2026-09-23 07:37:50,CAT-745-ART-002,1266,8.11,38.15,295.4,75.1,88.4,406.2,7.84,22.21,0.0,True,False
2026-09-23 07:37:50,CAT-D6-DOZ-008,1273,7.24,38.15,642.2,77.5,89.0,394.2,7.72,25.22,0.4,True,False
2026-09-23 07:37:50,CAT-980-WLD-005,1223,4.33,38.15,484.1,76.0,89.7,344.6,8.07,25.88,0.0,True,False
2026-09-23 07:37:55,CAT-320-EXC-014,1241,7.6,38.11,539.9,77.4,87.6,393.3,8.42,25.79,0.0,True,False
2026-09-23 07:37:55,CAT-745-ART-002,1257,7.78,38.11,613.4,78.1,90.6,355.0,7.98,23.16,0.09,True,False
2026-09-23 07:37:55,CAT-D6-DOZ-008,1237,5.24,38.11,352.1,77.2,90.2,392.4,7.73,21.43,0.0,True,False
2026-09-23 07:37:55,CAT-980-WLD-005,1274,5.51,38.11,404.3,77.5,88.1,397.8,8.19,22.3,0.0,True,False
2026-09-23 07:38:00,CAT-320-EXC-014,871,8.77,38.06,923.8,75.8,88.0,197.9,0.33,23.58,0.0,True,False
2026-09-23 07:38:00,CAT-745-ART-002,905,6.27,38.06,715.8,76.8,88.4,214.4,0.15,25.13,0.0,True,False
2026-09-23 07:38:00,CAT-D6-DOZ-008,882,5.74,38.06,874.7,77.8,89.1,213.5,0.09,24.94,0.07,True,False
2026-09-23 07:38:00,CAT-980-WLD-005,901,6.0,38.06,676.3,75.5,89.4,196.0,0.64,24.25,0.08,True,False
2026-09-23 07:38:05,CAT-320-EXC-014,915,6.79,38.02,681.2,76.2,88.5,227.9,1.18,23.33,0.37,True,False
2026-09-23 07:38:05,CAT-745-ART-002,889,6.2,38.02,716.2,74.1,88.4,239.7,0.34,24.38,0.0,True,False
2026-09-23 07:38:05,CAT-D6-DOZ-008,842,5.19,38.02,585.1,78.9,87.8,229.2,0.17,22.86,0.14,True,False
2026-09-23 07:38:05,CAT-980-WLD-005,858,6.8,38.02,393.3,78.1,89.9,203.4,0.07,23.92,0.0,True,False
2026-09-23 07:38:10,CAT-320-EXC-014,876,5.51,37.97,872.6,78.5,90.8,228.1,0.06,22.79,0.18,True,False
2026-09-23 07:38:10,CAT-745-ART-002,885,6.16,37.97,847.1,77.0,88.6,233.1,0.25,25.43,0.0,True,False
2026-09-23 07:38:10,CAT-D6-DOZ-008,871,6.81,37.97,558.8,76.2,89.3,200.2,0.19,22.3,0.13,True,False
2026-09-23 07:38:10,CAT-980-WLD-005,875,6.29,37.97,827.4,77.2,88.3,191.7,0.05,23.66,0.06,True,False
2026-09-23 07:38:15,CAT-320-EXC-014,877,6.1,37.92,927.3,77.4,89.8,203.1,0.25,22.88,0.0,True,False
2026-09-23 07:38:15,CAT-745-ART-002,897,5.38,37.92,550.6,77.9,87.0,232.8,1.6,23.57,0.27,True,False
2026-09-23 07:38:15,CAT-D6-DOZ-008,896,6.93,37.92,599.9,76.3,88.5,199.4,0.06,25.52,0.0,True,False
2026-09-23 07:38:15,CAT-980-WLD-005,876,6.54,37.92,606.9,77.5,89.5,226.2,0.05,25.2,0.0,True,False
2026-09-23 07:38:20,CAT-320-EXC-014,1752,32.5,37.88,4133.9,76.9,88.5,391.3,2.16,23.39,5.83,True,False
2026-09-23 07:38:20,CAT-745-ART-002,1786,31.16,37.88,4613.1,77.7,89.3,361.4,1.87,22.32,5.73,True,False
2026-09-23 07:38:20,CAT-D6-DOZ-008,1777,32.45,37.88,4124.5,76.8,87.6,410.4,1.68,25.99,5.84,True,False
2026-09-23 07:38:20,CAT-980-WLD-005,1749,32.8,37.88,4313.1,76.7,89.7,365.2,2.22,23.86,5.81,True,False
2026-09-23 07:38:25,CAT-320-EXC-014,1764,30.74,37.83,4266.2,77.0,87.5,390.3,1.85,22.83,6.94,True,False
2026-09-23 07:38:25,CAT-745-ART-002,1772,29.18,37.83,4311.5,78.5,87.5,383.2,1.79,23.71,6.8,True,False
2026-09-23 07:38:25,CAT-D6-DOZ-008,1784,31.67,37.83,4271.4,76.5,89.0,376.5,1.66,24.48,6.56,True,False
2026-09-23 07:38:25,CAT-980-WLD-005,1771,30.32,37.83,3869.8,78.1,88.0,365.7,2.1,24.23,7.36,True,False
2026-09-23 07:38:30,CAT-320-EXC-014,1770,31.17,37.79,4200.9,77.6,88.4,354.1,1.91,23.04,7.51,True,False
2026-09-23 07:38:30,CAT-745-ART-002,1781,32.97,37.79,4080.1,79.1,89.5,354.8,2.07,21.92,8.24,True,False
2026-09-23 07:38:30,CAT-D6-DOZ-008,1765,30.7,37.79,4245.7,75.9,89.3,374.4,2.21,23.85,8.01,True,False
2026-09-23 07:38:30,CAT-980-WLD-005,1762,33.21,37.79,4349.0,76.9,88.9,387.5,1.95,22.92,7.85,True,False
2026-09-23 07:38:35,CAT-320-EXC-014,1756,33.06,37.74,4340.6,77.8,88.1,350.5,2.29,23.15,8.82,True,False
2026-09-23 07:38:35,CAT-745-ART-002,1807,31.87,37.74,4310.9,75.5,87.1,367.0,1.65,24.33,8.73,True,False
2026-09-23 07:38:35,CAT-D6-DOZ-008,1787,31.93,37.74,3995.2,76.4,89.0,371.3,2.13,22.13,8.43,True,False
2026-09-23 07:38:35,CAT-980-WLD-005,1767,33.41,37.74,3962.5,76.0,87.3,363.8,2.21,25.79,8.97,True,False
2026-09-23 07:38:40,CAT-320-EXC-014,1739,33.21,37.7,4275.7,76.9,88.1,339.9,2.31,23.74,9.17,True,False
2026-09-23 07:38:40,CAT-745-ART-002,1793,31.33,37.7,4206.5,77.7,89.5,369.2,1.83,22.48,9.43,True,False
2026-09-23 07:38:40,CAT-D6-DOZ-008,1739,31.17,37.7,4257.4,76.5,90.7,375.5,2.01,23.37,9.57,True,False
2026-09-23 07:38:40,CAT-980-WLD-005,1794,31.95,37.7,4268.4,77.2,87.8,382.6,1.66,22.26,9.11,True,False
2026-09-23 07:38:45,CAT-320-EXC-014,1780,30.29,37.65,4139.9,78.6,90.6,413.6,1.89,24.03,9.56,True,False
2026-09-23 07:38:45,CAT-745-ART-002,1739,31.7,37.65,4248.9,75.1,89.6,408.9,1.71,24.3,9.57,True,False
2026-09-23 07:38:45,CAT-D6-DOZ-008,1750,33.38,37.65,4469.1,76.6,88.1,382.0,1.99,23.49,9.51,True,False
2026-09-23 07:38:45,CAT-980-WLD-005,1782,30.56,37.65,4507.7,77.2,88.8,375.4,1.7,23.44,9.18,True,False
2026-09-23 07:38:50,CAT-320-EXC-014,1736,31.95,37.6,4284.2,76.7,89.2,367.6,2.57,23.8,9.28,True,False
2026-09-23 07:38:50,CAT-745-ART-002,1782,32.04,37.6,4295.3,75.9,87.6,379.6,1.81,24.13,8.99,True,False
2026-09-23 07:38:50,CAT-D6-DOZ-008,1749,31.54,37.6,4279.1,76.4,89.6,366.6,1.64,23.28,9.71,True,False
2026-09-23 07:38:50,CAT-980-WLD-005,1707,32.01,37.6,4320.6,76.5,89.6,374.3,1.99,23.77,9.05,True,False
2026-09-23 07:38:55,CAT-320-EXC-014,1790,32.7,37.56,4153.3,78.7,88.5,371.0,2.03,22.49,8.64,True,False
2026-09-23 07:38:55,CAT-745-ART-002,1752,32.15,37.56,3963.5,77.5,88.4,366.7,1.94,24.36,8.9,True,False
2026-09-23 07:38:55,CAT-D6-DOZ-008,1739,31.74,37.56,4334.1,79.6,91.7,358.2,1.71,27.56,9.34,True,False
2026-09-23 07:38:55,CAT-980-WLD-005,1726,32.81,37.56,4161.7,76.2,89.0,365.6,1.67,25.06,8.91,True,False
2026-09-23 07:39:00,CAT-320-EXC-014,1783,30.78,37.51,4316.3,78.2,88.6,371.5,1.78,24.92,8.13,True,False
2026-09-23 07:39:00,CAT-745-ART-002,1741,31.51,37.51,4105.1,75.9,89.6,396.4,2.18,22.74,8.08,True,False
2026-09-23 07:39:00,CAT-D6-DOZ-008,1768,30.7,37.51,4566.7,76.7,90.0,379.3,2.12,24.22,8.23,True,False
2026-09-23 07:39:00,CAT-980-WLD-005,1752,31.75,37.51,4381.2,75.6,89.2,386.2,2.38,23.98,8.18,True,False
2026-09-23 07:39:05,CAT-320-EXC-014,1759,33.4,37.47,4097.6,77.7,87.7,410.0,2.11,24.06,7.84,True,False
2026-09-23 07:39:05,CAT-745-ART-002,1753,31.35,37.47,4553.0,76.3,90.8,390.9,1.74,25.23,7.33,True,False
2026-09-23 07:39:05,CAT-D6-DOZ-008,1730,32.62,37.47,4095.0,77.8,89.6,337.6,1.77,22.99,7.14,True,False
2026-09-23 07:39:05,CAT-980-WLD-005,1754,33.08,37.47,4617.9,79.0,89.8,380.2,1.9,24.3,7.4,True,False
2026-09-23 07:39:10,CAT-320-EXC-014,1759,32.13,37.42,4139.5,77.2,88.7,367.3,1.72,25.51,6.51,True,False
2026-09-23 07:39:10,CAT-745-ART-002,1729,32.51,37.42,4440.3,78.0,89.1,380.0,1.8,25.42,6.53,True,False
2026-09-23 07:39:10,CAT-D6-DOZ-008,1721,32.49,37.42,4273.8,76.2,88.6,388.2,1.9,25.01,6.6,True,False
2026-09-23 07:39:10,CAT-980-WLD-005,1746,32.61,37.42,4120.0,77.3,88.3,390.1,2.7,24.64,6.31,True,False
2026-09-23 07:39:15,CAT-320-EXC-014,1770,31.31,37.37,4462.8,76.3,90.3,410.8,1.91,21.6,5.11,True,False
2026-09-23 07:39:15,CAT-745-ART-002,1771,32.59,37.37,4258.2,78.1,88.9,386.8,1.89,22.99,5.35,True,False
2026-09-23 07:39:15,CAT-D6-DOZ-008,1753,31.96,37.37,4464.6,76.8,89.2,386.3,1.75,26.09,5.45,True,False
2026-09-23 07:39:15,CAT-980-WLD-005,1752,35.29,37.37,4516.2,76.5,89.1,393.7,2.84,22.73,4.91,True,False
2026-09-23 07:39:20,CAT-320-EXC-014,1735,29.57,37.33,4291.1,77.4,87.4,363.4,1.78,23.72,9.19,True,False
2026-09-23 07:39:20,CAT-745-ART-002,1773,31.9,37.33,4325.4,76.3,89.3,376.4,1.6,23.68,9.45,True,False
2026-09-23 07:39:20,CAT-D6-DOZ-008,1761,32.99,37.33,4028.5,77.0,88.7,387.4,2.05,24.65,9.27,True,False
2026-09-23 07:39:20,CAT-980-WLD-005,1774,32.4,37.33,4346.0,77.5,89.8,389.4,1.65,26.31,8.99,True,False
2026-09-23 07:39:25,CAT-320-EXC-014,1776,33.82,37.28,4426.4,77.1,88.4,366.0,1.66,22.43,8.32,True,False
2026-09-23 07:39:25,CAT-745-ART-002,1742,32.16,37.28,4245.2,78.2,88.3,382.6,2.0,24.66,8.87,True,False
2026-09-23 07:39:25,CAT-D6-DOZ-008,1736,31.46,37.28,4150.1,77.0,88.6,391.5,2.64,24.87,9.28,True,False
2026-09-23 07:39:25,CAT-980-WLD-005,1742,30.98,37.28,3966.1,76.6,90.1,382.4,1.6,24.25,9.56,True,False
2026-09-23 07:39:30,CAT-320-EXC-014,1754,30.61,37.24,4069.0,77.8,91.0,397.4,1.73,22.59,8.61,True,False
2026-09-23 07:39:30,CAT-745-ART-002,1788,34.04,37.24,4082.5,74.3,89.6,401.0,1.82,24.13,8.5,True,False
2026-09-23 07:39:30,CAT-D6-DOZ-008,1791,31.61,37.24,4537.7,78.9,89.4,425.0,2.17,25.44,9.66,True,False
2026-09-23 07:39:30,CAT-980-WLD-005,1774,32.26,37.24,4177.0,78.1,88.4,418.2,2.21,21.55,9.1,True,False
2026-09-23 07:39:35,CAT-320-EXC-014,1785,31.9,37.19,4460.5,75.8,89.0,394.3,1.63,24.51,8.65,True,False
2026-09-23 07:39:35,CAT-745-ART-002,1742,31.73,37.19,4028.1,77.0,89.1,374.4,1.82,21.84,8.91,True,False
2026-09-23 07:39:35,CAT-D6-DOZ-008,1772,31.12,37.19,4276.0,76.7,87.4,387.7,2.33,24.54,8.49,True,False
2026-09-23 07:39:35,CAT-980-WLD-005,1774,31.81,37.19,4198.9,76.7,88.3,357.6,1.76,21.49,9.3,True,False
2026-09-23 07:39:40,CAT-320-EXC-014,1759,30.0,37.15,4414.0,76.3,89.5,387.3,1.67,22.18,9.62,True,False
2026-09-23 07:39:40,CAT-745-ART-002,1728,31.56,37.15,4408.7,77.6,89.0,368.4,1.78,23.52,8.47,True,False
2026-09-23 07:39:40,CAT-D6-DOZ-008,1763,33.43,37.15,3826.0,75.7,88.8,353.2,2.04,23.53,8.54,True,False
2026-09-23 07:39:40,CAT-980-WLD-005,1761,32.04,37.15,4165.3,75.8,87.4,390.3,1.87,26.93,8.69,True,False
2026-09-23 07:39:45,CAT-320-EXC-014,1778,33.98,37.1,4124.0,75.5,89.4,393.9,1.99,21.13,9.23,True,False
2026-09-23 07:39:45,CAT-745-ART-002,1779,32.68,37.1,3975.4,78.5,90.7,389.6,1.73,23.36,9.27,True,False
2026-09-23 07:39:45,CAT-D6-DOZ-008,1767,31.7,37.1,4084.7,77.0,90.1,386.9,1.68,24.41,8.93,True,False
2026-09-23 07:39:45,CAT-980-WLD-005,1773,30.13,37.1,4139.2,77.4,89.3,383.9,1.75,23.86,8.43,True,False
2026-09-23 07:39:50,CAT-320-EXC-014,1772,32.77,37.05,4068.2,78.3,90.1,419.3,2.04,25.15,8.66,True,False
2026-09-23 07:39:50,CAT-745-ART-002,1784,32.86,37.05,4273.1,77.3,89.0,383.1,1.7,22.39,9.05,True,False
2026-09-23 07:39:50,CAT-D6-DOZ-008,1815,31.63,37.05,4474.9,76.9,90.1,369.3,2.44,24.66,8.75,True,False
2026-09-23 07:39:50,CAT-980-WLD-005,1761,32.38,37.05,4315.8,77.1,90.0,392.1,1.67,22.99,8.99,True,False
2026-09-23 07:39:55,CAT-320-EXC-014,1773,34.39,37.01,4361.8,75.2,89.3,384.8,1.95,23.98,9.19,True,False
2026-09-23 07:39:55,CAT-745-ART-002,1748,31.12,37.01,4196.2,76.3,89.1,392.9,2.42,25.71,9.17,True,False
2026-09-23 07:39:55,CAT-D6-DOZ-008,1733,30.12,37.01,4353.9,77.6,88.7,366.3,1.97,23.61,8.98,True,False
2026-09-23 07:39:55,CAT-980-WLD-005,1753,30.21,37.01,4325.9,78.0,90.5,415.9,2.23,23.05,8.34,True,False
2026-09-23 07:40:00,CAT-320-EXC-014,1766,29.87,36.96,4228.3,78.2,89.0,412.6,1.74,23.18,8.95,True,False
2026-09-23 07:40:00,CAT-745-ART-002,1733,31.46,36.96,4105.8,78.0,87.8,395.6,2.6,23.34,9.07,True,False
2026-09-23 07:40:00,CAT-D6-DOZ-008,1766,32.6,36.96,4398.6,77.4,89.8,396.1,1.7,25.67,9.35,True,False
2026-09-23 07:40:00,CAT-980-WLD-005,1775,29.01,36.96,4020.2,78.8,90.1,358.3,1.72,22.42,9.07,True,False
2026-09-23 07:40:05,CAT-320-EXC-014,1727,31.89,36.92,3997.7,77.5,88.1,374.7,1.6,23.22,8.69,True,False
2026-09-23 07:40:05,CAT-745-ART-002,1740,32.23,36.92,4250.5,77.4,90.5,370.3,1.82,23.67,9.79,True,False
2026-09-23 07:40:05,CAT-D6-DOZ-008,1757,32.26,36.92,4158.8,76.6,89.3,351.5,1.71,21.64,9.39,True,False
2026-09-23 07:40:05,CAT-980-WLD-005,1766,31.63,36.92,4089.1,80.1,88.5,383.2,2.16,27.13,8.25,True,False
2026-09-23 07:40:10,CAT-320-EXC-014,875,7.1,36.87,579.4,78.0,88.3,213.2,0.22,22.87,0.0,True,False
2026-09-23 07:40:10,CAT-745-ART-002,873,6.29,36.87,526.3,77.0,89.9,209.4,0.77,24.56,0.4,True,False
2026-09-23 07:40:10,CAT-D6-DOZ-008,860,6.8,36.87,753.9,77.6,90.2,204.3,0.18,24.3,0.0,True,False
2026-09-23 07:40:10,CAT-980-WLD-005,861,6.89,36.87,448.9,77.7,88.5,231.5,0.23,24.92,0.0,True,False
2026-09-23 07:40:15,CAT-320-EXC-014,891,5.46,36.82,732.0,76.0,89.5,213.6,0.19,23.99,0.0,True,False
2026-09-23 07:40:15,CAT-745-ART-002,906,4.43,36.82,838.8,75.9,88.1,194.5,0.33,22.89,0.39,True,False
2026-09-23 07:40:15,CAT-D6-DOZ-008,905,5.89,36.82,700.5,78.9,89.2,187.2,0.39,24.04,0.0,True,False
2026-09-23 07:40:15,CAT-980-WLD-005,875,6.55,36.82,533.7,77.6,86.6,206.4,0.46,20.95,0.0,True,False
2026-09-23 07:40:20,CAT-320-EXC-014,890,7.06,36.78,740.8,78.1,89.2,267.6,0.06,24.68,0.0,True,False
2026-09-23 07:40:20,CAT-745-ART-002,835,6.81,36.78,359.2,78.1,87.9,207.1,0.15,27.03,0.4,True,False
2026-09-23 07:40:20,CAT-D6-DOZ-008,892,6.53,36.78,890.3,77.0,89.5,221.8,0.3,21.88,0.0,True,False
2026-09-23 07:40:20,CAT-980-WLD-005,861,5.82,36.78,794.1,79.6,90.2,225.5,0.06,23.68,0.24,True,False
2026-09-23 07:40:25,CAT-320-EXC-014,882,5.28,36.73,678.6,75.9,89.0,229.3,0.29,24.22,0.4,True,False
2026-09-23 07:40:25,CAT-745-ART-002,859,5.98,36.73,734.3,76.3,89.3,204.8,0.27,25.99,0.0,True,False
2026-09-23 07:40:25,CAT-D6-DOZ-008,864,7.1,36.73,989.0,78.0,87.5,191.9,0.17,23.33,0.0,True,False
2026-09-23 07:40:25,CAT-980-WLD-005,881,4.75,36.73,842.1,77.3,87.5,213.4,0.2,24.66,0.0,True,False
2026-09-23 07:40:30,CAT-320-EXC-014,846,4.7,36.69,608.3,77.4,89.1,179.0,0.03,24.37,0.0,True,False
2026-09-23 07:40:30,CAT-745-ART-002,876,5.9,36.69,793.5,77.1,90.9,244.9,0.14,22.98,0.03,True,False
2026-09-23 07:40:30,CAT-D6-DOZ-008,867,6.28,36.69,812.7,78.0,89.7,217.9,0.14,22.71,0.23,True,False
2026-09-23 07:40:30,CAT-980-WLD-005,853,6.93,36.69,683.8,77.1,90.0,219.7,0.14,20.56,0.26,True,False
2026-09-23 07:40:35,CAT-320-EXC-014,1254,6.03,36.64,200.0,78.6,90.5,384.4,7.81,26.35,0.11,True,False
2026-09-23 07:40:35,CAT-745-ART-002,1244,4.41,36.64,810.3,77.8,87.3,369.9,7.87,25.13,0.0,True,False
2026-09-23 07:40:35,CAT-D6-DOZ-008,1273,6.41,36.64,810.3,77.4,89.9,409.8,7.86,22.68,0.37,True,False
2026-09-23 07:40:35,CAT-980-WLD-005,1263,5.92,36.64,830.0,78.6,88.0,353.4,8.07,23.73,0.0,True,False
2026-09-23 07:40:40,CAT-320-EXC-014,1287,7.68,36.59,1117.4,76.9,88.9,414.2,7.69,24.72,0.03,True,False
2026-09-23 07:40:40,CAT-745-ART-002,1223,5.23,36.59,507.2,77.2,90.7,375.9,7.89,23.48,0.11,True,False
2026-09-23 07:40:40,CAT-D6-DOZ-008,1222,7.05,36.59,715.0,76.1,88.3,348.1,8.18,24.62,0.06,True,False
2026-09-23 07:40:40,CAT-980-WLD-005,1215,6.92,36.59,476.6,77.3,90.4,363.4,8.17,26.13,0.16,True,False
2026-09-23 07:40:45,CAT-320-EXC-014,1271,6.75,36.55,381.7,78.3,89.1,312.6,8.14,22.76,0.0,True,False
2026-09-23 07:40:45,CAT-745-ART-002,1249,5.21,36.55,892.0,76.8,88.6,384.1,7.74,23.98,0.0,True,False
2026-09-23 07:40:45,CAT-D6-DOZ-008,1242,7.02,36.55,1058.0,75.4,89.1,344.9,7.87,23.77,0.18,True,False
2026-09-23 07:40:45,CAT-980-WLD-005,1272,6.77,36.55,447.9,76.1,88.3,358.4,7.55,23.18,0.27,True,False
2026-09-23 07:40:50,CAT-320-EXC-014,888,7.49,36.5,630.3,77.0,88.6,237.2,0.08,26.2,0.4,True,False
2026-09-23 07:40:50,CAT-745-ART-002,901,5.39,36.5,517.2,76.8,88.4,238.0,0.55,22.2,0.23,True,False
2026-09-23 07:40:50,CAT-D6-DOZ-008,860,5.13,36.5,723.6,77.3,87.6,201.0,0.26,22.55,0.0,True,False
2026-09-23 07:40:50,CAT-980-WLD-005,880,7.08,36.5,291.9,76.0,90.5,224.3,0.07,27.51,0.0,True,False
2026-09-23 07:40:55,CAT-320-EXC-014,911,4.82,36.46,488.3,76.7,88.8,215.4,0.63,23.83,0.0,True,False
2026-09-23 07:40:55,CAT-745-ART-002,878,7.61,36.46,461.8,75.5,89.9,209.4,0.04,24.23,0.0,True,False
2026-09-23 07:40:55,CAT-D6-DOZ-008,867,5.06,36.46,413.3,76.9,88.4,212.7,0.43,25.16,0.0,True,False
2026-09-23 07:40:55,CAT-980-WLD-005,878,7.34,36.46,802.4,78.4,87.9,235.2,0.53,25.55,0.4,True,False
2026-09-23 07:41:00,CAT-320-EXC-014,881,7.01,36.41,1030.1,77.1,88.7,233.8,0.12,21.69,0.28,True,False
2026-09-23 07:41:00,CAT-745-ART-002,877,6.48,36.41,682.9,77.2,89.6,221.0,0.1,21.45,0.0,True,False
2026-09-23 07:41:00,CAT-D6-DOZ-008,893,6.77,36.41,584.6,77.0,87.8,217.9,0.15,22.4,0.0,True,False
2026-09-23 07:41:00,CAT-980-WLD-005,845,6.69,36.41,642.5,77.8,90.7,243.4,0.09,26.45,0.4,True,False
2026-09-23 07:41:05,CAT-320-EXC-014,1725,31.32,36.37,4154.5,78.8,90.2,411.2,2.22,23.43,5.44,True,False
2026-09-23 07:41:05,CAT-745-ART-002,1775,31.83,36.37,3963.5,78.6,88.3,393.9,2.11,24.12,5.24,True,False
2026-09-23 07:41:05,CAT-D6-DOZ-008,1777,33.31,36.37,4100.2,77.0,88.2,368.3,1.85,23.69,4.9,True,False
2026-09-23 07:41:05,CAT-980-WLD-005,1779,32.54,36.37,4036.8,75.8,90.1,390.1,2.14,23.13,5.31,True,False
2026-09-23 07:41:10,CAT-320-EXC-014,1767,31.56,36.32,4254.6,76.2,89.8,376.0,1.75,23.18,6.58,True,False
2026-09-23 07:41:10,CAT-745-ART-002,1798,31.61,36.32,4116.8,77.6,89.6,385.1,2.54,20.9,6.1,True,False
2026-09-23 07:41:10,CAT-D6-DOZ-008,1745,32.54,36.32,4286.2,75.6,89.2,386.1,1.63,25.66,6.02,True,False
2026-09-23 07:41:10,CAT-980-WLD-005,1728,33.02,36.32,4170.2,79.3,89.6,387.6,1.79,24.25,6.61,True,False
2026-09-23 07:41:15,CAT-320-EXC-014,1796,32.41,36.27,4290.7,77.7,89.5,383.2,1.64,22.86,7.27,True,False
2026-09-23 07:41:15,CAT-745-ART-002,1788,31.4,36.27,4172.7,78.3,88.6,371.7,1.89,24.99,7.17,True,False
2026-09-23 07:41:15,CAT-D6-DOZ-008,1748,31.3,36.27,4239.4,77.3,89.0,401.3,1.93,24.83,7.43,True,False
2026-09-23 07:41:15,CAT-980-WLD-005,1756,32.72,36.27,4215.9,76.1,89.2,355.9,1.76,25.54,7.05,True,False
2026-09-23 07:41:20,CAT-320-EXC-014,1774,29.85,36.23,4508.5,77.4,90.2,394.6,1.83,23.67,8.58,True,False
2026-09-23 07:41:20,CAT-745-ART-002,1782,30.33,36.23,4333.6,76.8,88.3,346.1,1.63,23.5,8.23,True,False
2026-09-23 07:41:20,CAT-D6-DOZ-008,1737,33.14,36.23,4287.9,77.3,88.9,400.5,2.08,24.49,8.31,True,False
2026-09-23 07:41:20,CAT-980-WLD-005,1759,32.95,36.23,4258.5,75.7,89.4,372.1,1.74,23.38,8.37,True,False
2026-09-23 07:41:25,CAT-320-EXC-014,1775,33.37,36.18,4211.4,78.0,89.1,402.9,2.3,23.8,8.98,True,False
2026-09-23 07:41:25,CAT-745-ART-002,1755,30.4,36.18,4106.3,76.8,88.6,384.8,2.41,23.96,8.97,True,False
2026-09-23 07:41:25,CAT-D6-DOZ-008,1735,32.11,36.18,3982.9,78.1,88.0,386.5,1.82,20.74,9.01,True,False
2026-09-23 07:41:25,CAT-980-WLD-005,1723,33.75,36.18,4585.3,76.0,87.5,383.7,1.62,26.25,9.17,True,False
2026-09-23 07:41:30,CAT-320-EXC-014,1736,30.31,36.14,4206.0,77.8,89.0,386.5,1.9,23.74,9.33,True,False
2026-09-23 07:41:30,CAT-745-ART-002,1758,33.19,36.14,3976.0,76.4,88.4,353.0,1.83,23.64,9.15,True,False
2026-09-23 07:41:30,CAT-D6-DOZ-008,1772,31.1,36.14,4466.0,77.3,89.5,363.9,1.95,22.46,9.35,True,False
2026-09-23 07:41:30,CAT-980-WLD-005,1734,32.8,36.14,4367.6,78.9,90.1,363.9,1.87,22.84,9.32,True,False
2026-09-23 07:41:35,CAT-320-EXC-014,1772,31.13,36.09,4212.7,77.2,88.2,376.8,1.88,24.97,9.75,True,False
2026-09-23 07:41:35,CAT-745-ART-002,1744,32.28,36.09,4258.3,75.6,91.4,359.5,2.34,24.77,9.37,True,False
2026-09-23 07:41:35,CAT-D6-DOZ-008,1781,32.29,36.09,4370.4,78.0,90.4,358.6,1.94,24.04,9.8,True,False
2026-09-23 07:41:35,CAT-980-WLD-005,1767,31.38,36.09,4111.2,76.9,88.8,359.5,1.98,23.58,9.33,True,False
2026-09-23 07:41:40,CAT-320-EXC-014,1768,32.04,36.04,4175.2,78.0,88.3,385.2,2.06,23.75,9.6,True,False
2026-09-23 07:41:40,CAT-745-ART-002,1771,32.44,36.04,4155.9,75.3,90.1,380.6,1.82,23.62,9.33,True,False
2026-09-23 07:41:40,CAT-D6-DOZ-008,1767,32.0,36.04,4270.4,77.2,89.4,383.8,2.32,26.17,9.49,True,False
2026-09-23 07:41:40,CAT-980-WLD-005,1744,32.65,36.04,4086.1,78.3,87.8,388.0,1.67,23.94,8.99,True,False
2026-09-23 07:41:45,CAT-320-EXC-014,1803,33.11,36.0,4129.6,78.6,89.7,391.4,1.96,24.22,8.73,True,False
2026-09-23 07:41:45,CAT-745-ART-002,1785,33.37,36.0,4334.6,77.4,89.7,386.2,1.76,21.22,8.85,True,False
2026-09-23 07:41:45,CAT-D6-DOZ-008,1805,31.97,36.0,4524.0,75.6,89.4,351.9,1.7,22.38,8.87,True,False
2026-09-23 07:41:45,CAT-980-WLD-005,1787,30.81,36.0,4713.5,76.5,89.3,381.0,1.63,21.3,8.55,True,False
2026-09-23 07:41:50,CAT-320-EXC-014,1788,33.22,35.95,4146.7,78.1,88.5,362.8,1.69,25.45,8.38,True,False
2026-09-23 07:41:50,CAT-745-ART-002,1794,32.78,35.95,3910.4,77.5,89.4,370.7,1.83,23.23,8.17,True,False
2026-09-23 07:41:50,CAT-D6-DOZ-008,1762,31.72,35.95,4090.3,76.3,90.0,365.1,1.94,23.46,7.66,True,False
2026-09-23 07:41:50,CAT-980-WLD-005,1768,31.52,35.95,4292.6,77.0,88.6,378.4,1.98,25.39,8.35,True,False
2026-09-23 07:41:55,CAT-320-EXC-014,1698,31.57,35.91,4339.7,79.3,89.1,387.1,1.64,24.04,6.94,True,False
2026-09-23 07:41:55,CAT-745-ART-002,1736,32.96,35.91,4212.2,77.8,90.6,374.6,1.62,25.05,7.45,True,False
2026-09-23 07:41:55,CAT-D6-DOZ-008,1782,30.07,35.91,4452.6,79.2,89.3,372.9,1.6,23.44,7.17,True,False
2026-09-23 07:41:55,CAT-980-WLD-005,1755,31.19,35.91,4478.4,77.0,90.2,370.5,1.6,24.61,7.07,True,False
2026-09-23 07:42:00,CAT-320-EXC-014,1730,31.22,35.86,4172.8,76.5,88.3,399.6,1.72,22.97,5.84,True,False
2026-09-23 07:42:00,CAT-745-ART-002,1752,32.65,35.86,4251.2,77.7,88.8,349.8,1.67,22.53,6.1,True,False
2026-09-23 07:42:00,CAT-D6-DOZ-008,1770,31.56,35.86,4393.2,76.9,89.3,394.6,1.72,25.22,6.01,True,False
2026-09-23 07:42:00,CAT-980-WLD-005,1771,33.37,35.86,4178.9,77.1,89.9,383.7,1.79,24.48,6.22,True,False
2026-09-23 07:42:05,CAT-320-EXC-014,1779,32.95,35.82,4069.8,79.0,91.0,385.7,2.28,25.11,8.98,True,False
2026-09-23 07:42:05,CAT-745-ART-002,1779,32.31,35.82,4069.4,78.8,88.4,382.5,1.65,24.95,8.22,True,False
2026-09-23 07:42:05,CAT-D6-DOZ-008,1787,30.41,35.82,4456.2,76.9,89.3,382.7,1.89,24.85,8.9,True,False
2026-09-23 07:42:05,CAT-980-WLD-005,1722,31.73,35.82,4256.6,78.7,88.7,362.5,1.76,22.82,9.15,True,False
2026-09-23 07:42:10,CAT-320-EXC-014,1754,33.68,35.77,3954.4,76.9,88.8,382.6,2.1,24.38,9.36,True,False
2026-09-23 07:42:10,CAT-745-ART-002,1759,33.18,35.77,4218.6,77.5,88.2,398.0,1.79,23.93,8.68,True,False
2026-09-23 07:42:10,CAT-D6-DOZ-008,1779,30.47,35.77,3818.0,78.1,90.0,377.4,2.1,24.77,9.71,True,False
2026-09-23 07:42:10,CAT-980-WLD-005,1801,30.59,35.77,4333.5,75.4,89.7,386.3,2.55,24.44,9.01,True,False
2026-09-23 07:42:15,CAT-320-EXC-014,1750,32.99,35.72,4269.1,76.5,88.0,383.0,1.67,23.21,9.13,True,False
2026-09-23 07:42:15,CAT-745-ART-002,1800,32.21,35.72,4254.4,77.5,88.3,406.7,1.79,24.25,8.71,True,False
2026-09-23 07:42:15,CAT-D6-DOZ-008,1776,31.53,35.72,4266.6,77.9,89.2,370.4,2.39,24.54,8.81,True,False
2026-09-23 07:42:15,CAT-980-WLD-005,1795,30.46,35.72,4403.6,77.7,89.8,366.6,1.63,20.73,8.72,True,False
2026-09-23 07:42:20,CAT-320-EXC-014,1754,31.49,35.68,4350.7,77.4,90.7,393.1,1.6,24.77,8.9,True,False
2026-09-23 07:42:20,CAT-745-ART-002,1749,32.04,35.68,4090.8,78.0,89.0,364.2,1.94,22.34,8.76,True,False
2026-09-23 07:42:20,CAT-D6-DOZ-008,1776,31.09,35.68,4298.9,77.3,88.8,401.0,1.66,24.19,8.2,True,False
2026-09-23 07:42:20,CAT-980-WLD-005,1683,33.17,35.68,4221.3,76.7,89.6,383.9,1.63,23.23,8.73,True,False
2026-09-23 07:42:25,CAT-320-EXC-014,1719,31.73,35.63,4336.3,76.6,88.6,398.7,2.14,21.78,8.78,True,False
2026-09-23 07:42:25,CAT-745-ART-002,1762,32.38,35.63,4203.9,79.0,88.0,353.5,1.75,25.41,9.08,True,False
2026-09-23 07:42:25,CAT-D6-DOZ-008,1756,32.63,35.63,4353.0,79.5,89.2,387.8,1.7,25.82,8.98,True,False
2026-09-23 07:42:25,CAT-980-WLD-005,1766,32.08,35.63,4044.5,77.0,91.2,406.8,2.06,23.96,9.41,True,False
2026-09-23 07:42:30,CAT-320-EXC-014,1747,31.49,35.59,4250.2,79.9,90.5,391.1,1.67,23.95,9.05,True,False
2026-09-23 07:42:30,CAT-745-ART-002,1760,29.52,35.59,4405.8,75.7,87.6,364.7,2.15,24.08,9.21,True,False
2026-09-23 07:42:30,CAT-D6-DOZ-008,1766,31.45,35.59,4095.5,77.3,87.2,368.6,2.09,23.57,8.67,True,False
2026-09-23 07:42:30,CAT-980-WLD-005,1750,31.97,35.59,4512.1,75.8,91.0,404.6,2.11,23.84,8.78,True,False
2026-09-23 07:42:35,CAT-320-EXC-014,1781,32.3,35.54,4063.0,78.3,90.0,373.7,1.82,25.11,8.87,True,False
2026-09-23 07:42:35,CAT-745-ART-002,1760,33.05,35.54,4412.3,77.5,90.0,369.1,1.96,24.83,9.29,True,False
2026-09-23 07:42:35,CAT-D6-DOZ-008,1756,32.6,35.54,4536.9,77.2,89.6,374.7,2.1,24.65,8.87,True,False
2026-09-23 07:42:35,CAT-980-WLD-005,1761,29.59,35.54,4134.1,77.6,90.0,387.9,1.63,24.26,9.11,True,False
2026-09-23 07:42:40,CAT-320-EXC-014,1757,32.19,35.49,3794.7,75.8,88.1,351.2,1.85,24.12,9.04,True,False
2026-09-23 07:42:40,CAT-745-ART-002,1785,32.22,35.49,4489.2,77.9,90.8,390.5,1.62,25.34,9.33,True,False
2026-09-23 07:42:40,CAT-D6-DOZ-008,1752,31.44,35.49,3932.3,76.7,89.9,361.4,1.65,25.4,9.29,True,False
2026-09-23 07:42:40,CAT-980-WLD-005,1814,30.76,35.49,4195.0,76.1,89.2,383.0,1.7,23.42,9.02,True,False
2026-09-23 07:42:45,CAT-320-EXC-014,1747,32.37,35.45,3910.5,77.5,88.6,398.6,1.62,22.09,9.14,True,False
2026-09-23 07:42:45,CAT-745-ART-002,1780,30.54,35.45,4256.2,77.4,88.4,359.1,2.08,24.2,8.72,True,False
2026-09-23 07:42:45,CAT-D6-DOZ-008,1740,30.57,35.45,4195.7,76.3,88.9,389.9,2.17,23.26,9.5,True,False
2026-09-23 07:42:45,CAT-980-WLD-005,1758,32.51,35.45,4031.3,76.6,91.2,365.2,1.84,23.31,9.1,True,False
2026-09-23 07:42:50,CAT-320-EXC-014,1764,30.57,35.4,4285.9,80.1,88.5,393.7,2.34,25.56,9.64,True,False
2026-09-23 07:42:50,CAT-745-ART-002,1780,32.28,35.4,4447.3,77.2,90.0,389.4,2.14,23.95,9.53,True,False
2026-09-23 07:42:50,CAT-D6-DOZ-008,1739,31.9,35.4,4200.9,76.8,91.0,380.5,1.61,23.63,8.2,True,False
2026-09-23 07:42:50,CAT-980-WLD-005,1743,30.97,35.4,4268.9,77.0,88.3,381.8,1.69,24.98,8.63,True,False
2026-09-23 07:42:55,CAT-320-EXC-014,896,5.75,35.36,200.0,76.8,89.5,192.8,0.69,22.97,0.01,True,False
2026-09-23 07:42:55,CAT-745-ART-002,910,5.99,35.36,1007.1,79.4,88.9,230.2,0.39,26.53,0.0,True,False
2026-09-23 07:42:55,CAT-D6-DOZ-008,872,5.12,35.36,423.8,75.6,90.1,229.5,0.55,25.45,0.01,True,False
2026-09-23 07:42:55,CAT-980-WLD-005,907,6.26,35.36,300.0,74.9,88.5,185.3,0.44,24.17,0.32,True,False
2026-09-23 07:43:00,CAT-320-EXC-014,930,7.91,35.31,669.9,77.1,89.1,213.3,0.4,22.66,0.0,True,False
2026-09-23 07:43:00,CAT-745-ART-002,903,4.7,35.31,661.3,76.0,88.5,209.8,0.06,23.31,0.0,True,False
2026-09-23 07:43:00,CAT-D6-DOZ-008,907,6.16,35.31,441.7,75.1,87.9,190.0,0.52,24.49,0.05,True,False
2026-09-23 07:43:00,CAT-980-WLD-005,878,7.17,35.31,581.0,77.2,89.8,233.8,0.35,23.71,0.0,True,False
2026-09-23 07:43:05,CAT-320-EXC-014,846,6.44,35.26,675.1,77.9,89.1,207.3,0.38,24.66,0.22,True,False
2026-09-23 07:43:05,CAT-745-ART-002,894,6.17,35.26,562.4,79.1,88.8,185.3,0.32,21.99,0.17,True,False
2026-09-23 07:43:05,CAT-D6-DOZ-008,878,6.25,35.26,415.6,76.3,90.8,219.0,0.31,23.24,0.35,True,False
2026-09-23 07:43:05,CAT-980-WLD-005,885,6.69,35.26,815.8,77.2,89.6,212.8,0.04,23.54,0.0,True,False
2026-09-23 07:43:10,CAT-320-EXC-014,889,5.6,35.22,351.3,77.6,90.3,235.2,8.0,24.1,0.0,False,False
2026-09-23 07:43:10,CAT-745-ART-002,894,6.46,35.22,590.1,76.6,89.3,187.7,8.0,24.47,0.0,False,False
2026-09-23 07:43:10,CAT-D6-DOZ-008,897,6.3,35.22,483.9,75.7,90.0,207.9,8.0,25.62,0.09,False,False
2026-09-23 07:43:10,CAT-980-WLD-005,893,5.7,35.22,681.5,78.4,89.8,202.0,8.0,23.13,0.4,False,False
2026-09-23 07:43:15,CAT-320-EXC-014,880,6.78,35.17,1058.7,77.0,88.7,191.1,8.0,23.05,0.07,False,False
2026-09-23 07:43:15,CAT-745-ART-002,844,6.27,35.17,755.5,78.0,88.2,192.1,8.0,24.52,0.0,False,False
2026-09-23 07:43:15,CAT-D6-DOZ-008,890,6.13,35.17,200.0,78.7,89.1,160.2,8.0,24.25,0.2,False,False
2026-09-23 07:43:15,CAT-980-WLD-005,877,6.05,35.17,603.1,77.5,88.1,228.8,8.0,24.77,0.01,False,False
2026-09-23 07:43:20,CAT-320-EXC-014,1256,6.14,35.13,310.8,76.8,89.4,391.2,8.0,23.47,0.0,False,False
2026-09-23 07:43:20,CAT-745-ART-002,1253,6.33,35.13,750.3,78.1,87.9,377.5,8.0,24.4,0.0,False,False
2026-09-23 07:43:20,CAT-D6-DOZ-008,1262,6.44,35.13,525.4,79.2,88.3,366.0,8.0,21.85,0.05,False,False
2026-09-23 07:43:20,CAT-980-WLD-005,1259,5.57,35.13,467.1,76.3,87.5,369.6,8.0,24.44,0.0,False,False
2026-09-23 07:43:25,CAT-320-EXC-014,1234,8.07,35.08,887.2,76.6,91.1,363.9,8.0,25.43,0.0,False,False
2026-09-23 07:43:25,CAT-745-ART-002,1243,6.3,35.08,323.1,77.7,89.5,378.2,8.0,22.84,0.24,False,False
2026-09-23 07:43:25,CAT-D6-DOZ-008,1206,6.37,35.08,573.8,77.8,88.1,377.1,8.0,25.07,0.0,False,False
2026-09-23 07:43:25,CAT-980-WLD-005,1227,7.36,35.08,234.9,77.0,90.7,395.3,8.0,25.05,0.0,False,False
2026-09-23 07:43:30,CAT-320-EXC-014,1229,5.7,35.04,874.8,75.7,90.2,377.7,8.0,24.54,0.0,False,False
2026-09-23 07:43:30,CAT-745-ART-002,1235,5.63,35.04,772.9,80.7,87.1,369.6,8.0,24.39,0.0,False,False
2026-09-23 07:43:30,CAT-D6-DOZ-008,1228,6.38,35.04,467.1,77.2,89.3,399.8,8.0,25.63,0.0,False,False
2026-09-23 07:43:30,CAT-980-WLD-005,1315,7.2,35.04,666.5,76.2,89.5,403.1,8.0,25.78,0.0,False,False
2026-09-23 07:43:35,CAT-320-EXC-014,1263,6.74,34.99,525.5,76.2,90.4,350.7,8.0,26.19,0.27,False,False
2026-09-23 07:43:35,CAT-745-ART-002,1240,5.87,34.99,654.8,76.8,90.3,384.4,8.0,24.3,0.28,False,False
2026-09-23 07:43:35,CAT-D6-DOZ-008,1275,6.78,34.99,717.4,75.9,90.6,396.4,8.0,24.99,0.0,False,False
2026-09-23 07:43:35,CAT-980-WLD-005,1241,5.51,34.99,673.5,79.2,88.5,410.1,8.0,21.71,0.34,False,False
2026-09-23 07:43:40,CAT-320-EXC-014,907,7.03,34.94,508.6,77.7,89.7,194.4,8.0,23.81,0.0,False,False
2026-09-23 07:43:40,CAT-745-ART-002,894,4.38,34.94,471.9,75.0,90.2,224.7,8.0,26.31,0.0,False,False
2026-09-23 07:43:40,CAT-D6-DOZ-008,893,7.97,34.94,699.1,78.0,87.6,249.5,8.0,24.32,0.0,False,False
2026-09-23 07:43:40,CAT-980-WLD-005,845,8.47,34.94,729.5,78.1,88.3,208.5,8.0,22.81,0.15,False,False
2026-09-23 07:43:45,CAT-320-EXC-014,882,6.92,34.9,513.3,77.4,89.6,229.3,8.0,23.83,0.0,False,False
2026-09-23 07:43:45,CAT-745-ART-002,909,5.2,34.9,576.8,78.7,90.9,235.2,8.0,26.56,0.0,False,False
2026-09-23 07:43:45,CAT-D6-DOZ-008,862,5.3,34.9,359.6,78.4,89.4,235.9,8.0,22.95,0.0,False,False
2026-09-23 07:43:45,CAT-980-WLD-005,890,8.79,34.9,802.9,79.6,89.5,223.6,8.0,24.67,0.22,False,False
2026-09-23 07:43:50,CAT-320-EXC-014,873,5.76,34.85,764.9,78.1,87.6,246.1,0.35,24.56,0.29,True,False
2026-09-23 07:43:50,CAT-745-ART-002,910,5.94,34.85,472.6,76.9,91.1,225.0,0.13,24.57,0.22,True,False
2026-09-23 07:43:50,CAT-D6-DOZ-008,857,6.13,34.85,676.7,78.6,87.7,170.1,0.15,23.59,0.0,True,False
2026-09-23 07:43:50,CAT-980-WLD-005,917,5.7,34.85,488.3,79.9,88.8,188.1,0.08,25.29,0.0,True,False
2026-09-23 07:43:55,CAT-320-EXC-014,1763,31.42,34.81,3981.6,79.2,87.8,383.0,2.09,23.46,5.76,True,False
2026-09-23 07:43:55,CAT-745-ART-002,1753,31.16,34.81,4589.0,76.2,89.5,386.6,2.17,23.41,5.62,True,False
2026-09-23 07:43:55,CAT-D6-DOZ-008,1758,32.94,34.81,4412.3,77.0,89.7,374.6,1.77,25.01,5.59,True,False
2026-09-23 07:43:55,CAT-980-WLD-005,1752,31.58,34.81,4380.2,76.2,89.7,398.4,2.1,24.82,5.84,True,False
2026-09-23 07:44:00,CAT-320-EXC-014,1790,30.36,34.76,4335.4,78.4,90.3,387.4,1.83,21.98,6.85,True,False
2026-09-23 07:44:00,CAT-745-ART-002,1801,33.0,34.76,4029.9,79.3,88.5,419.7,1.7,26.3,7.12,True,False
2026-09-23 07:44:00,CAT-D6-DOZ-008,1777,31.47,34.76,4367.8,79.0,88.8,391.8,1.95,25.88,6.79,True,False
2026-09-23 07:44:00,CAT-980-WLD-005,1751,33.89,34.76,4241.8,77.3,89.3,406.6,2.09,22.75,6.59,True,False
2026-09-23 07:44:05,CAT-320-EXC-014,1762,33.68,34.71,4390.0,80.0,89.0,373.8,2.18,24.76,7.76,True,False
2026-09-23 07:44:05,CAT-745-ART-002,1763,30.91,34.71,4377.6,75.5,88.5,405.0,2.02,22.53,7.41,True,False
2026-09-23 07:44:05,CAT-D6-DOZ-008,1753,31.89,34.71,4317.7,77.7,88.9,346.2,1.68,25.88,8.14,True,False
2026-09-23 07:44:05,CAT-980-WLD-005,1733,32.07,34.71,4184.2,78.3,90.4,391.4,1.63,24.35,7.98,True,False
2026-09-23 07:44:10,CAT-320-EXC-014,1713,31.25,34.67,4393.2,78.9,88.7,377.1,2.03,25.21,8.93,True,False
2026-09-23 07:44:10,CAT-745-ART-002,1770,31.36,34.67,4035.1,78.3,89.9,378.5,1.92,22.99,8.56,True,False
2026-09-23 07:44:10,CAT-D6-DOZ-008,1786,32.2,34.67,4231.1,76.4,88.5,386.5,1.77,24.0,8.64,True,False
2026-09-23 07:44:10,CAT-980-WLD-005,1758,32.24,34.67,4497.1,78.2,89.3,385.6,1.78,24.51,8.48,True,False
2026-09-23 07:44:15,CAT-320-EXC-014,1776,30.48,34.62,4063.4,78.6,89.0,361.2,1.81,25.63,9.21,True,False
2026-09-23 07:44:15,CAT-745-ART-002,1768,31.19,34.62,4160.8,76.3,89.2,364.3,1.69,24.67,8.95,True,False
2026-09-23 07:44:15,CAT-D6-DOZ-008,1793,32.53,34.62,4295.4,78.7,89.3,389.6,1.68,26.24,9.31,True,False
2026-09-23 07:44:15,CAT-980-WLD-005,1767,32.19,34.62,4072.1,77.9,90.3,391.6,2.01,23.02,9.42,True,False
2026-09-23 07:44:20,CAT-320-EXC-014,1764,32.5,34.58,4500.3,78.4,89.9,391.5,1.9,22.75,9.0,True,False
2026-09-23 07:44:20,CAT-745-ART-002,1775,31.82,34.58,4667.3,78.4,87.9,361.8,2.04,22.11,9.46,True,False
2026-09-23 07:44:20,CAT-D6-DOZ-008,1828,32.29,34.58,4446.8,79.3,89.6,406.8,1.62,22.97,8.97,True,False
2026-09-23 07:44:20,CAT-980-WLD-005,1723,32.01,34.58,4427.8,78.8,90.7,362.2,1.9,25.21,9.5,True,False
2026-09-23 07:44:25,CAT-320-EXC-014,1787,30.72,34.53,4057.4,78.4,87.4,374.2,1.72,25.43,9.2,True,False
2026-09-23 07:44:25,CAT-745-ART-002,1731,30.85,34.53,4285.9,77.6,90.7,383.3,2.19,22.71,9.45,True,False
2026-09-23 07:44:25,CAT-D6-DOZ-008,1743,32.07,34.53,4366.7,74.6,89.0,348.1,1.76,26.11,8.99,True,False
2026-09-23 07:44:25,CAT-980-WLD-005,1793,30.62,34.53,4297.9,77.1,89.1,356.0,1.64,22.74,9.68,True,False
2026-09-23 07:44:30,CAT-320-EXC-014,1775,29.52,34.49,4163.6,77.2,89.9,369.8,1.93,22.43,9.13,True,False
2026-09-23 07:44:30,CAT-745-ART-002,1753,30.99,34.49,4371.9,77.2,90.2,353.3,2.49,25.68,9.26,True,False
2026-09-23 07:44:30,CAT-D6-DOZ-008,1746,31.81,34.49,4503.5,77.7,89.8,395.8,2.01,23.53,9.44,True,False
2026-09-23 07:44:30,CAT-980-WLD-005,1756,30.23,34.49,4436.2,78.8,89.7,350.4,2.1,26.16,8.93,True,False
2026-09-23 07:44:35,CAT-320-EXC-014,1800,33.4,34.44,4310.8,77.4,89.3,349.9,1.78,24.97,8.48,True,False
2026-09-23 07:44:35,CAT-745-ART-002,1735,31.6,34.44,4291.9,79.1,88.1,364.2,1.61,24.13,8.43,True,False
2026-09-23 07:44:35,CAT-D6-DOZ-008,1760,31.61,34.44,4419.5,77.0,87.9,390.0,1.89,23.99,8.21,True,False
2026-09-23 07:44:35,CAT-980-WLD-005,1771,31.13,34.44,4330.6,78.6,89.6,371.5,2.1,23.31,8.57,True,False
2026-09-23 07:44:40,CAT-320-EXC-014,1822,30.31,34.39,4204.5,74.9,89.3,384.4,1.86,23.08,8.03,True,False
2026-09-23 07:44:40,CAT-745-ART-002,1778,32.46,34.39,4516.6,79.6,89.3,381.7,1.7,25.26,7.76,True,False
2026-09-23 07:44:40,CAT-D6-DOZ-008,1751,31.33,34.39,4287.2,76.9,88.3,384.9,1.86,24.64,7.38,True,False
2026-09-23 07:44:40,CAT-980-WLD-005,1754,31.77,34.39,3967.8,79.2,88.1,389.2,1.62,23.37,8.03,True,False
2026-09-23 07:44:45,CAT-320-EXC-014,1771,29.89,34.35,4435.2,77.7,87.6,356.7,1.82,24.86,6.75,True,False
2026-09-23 07:44:45,CAT-745-ART-002,1732,33.3,34.35,4584.6,77.8,90.1,392.7,1.69,23.5,6.79,True,False
2026-09-23 07:44:45,CAT-D6-DOZ-008,1767,31.87,34.35,4429.9,79.6,90.2,409.8,2.17,23.87,6.97,True,False
2026-09-23 07:44:45,CAT-980-WLD-005,1791,30.77,34.35,4218.6,77.8,88.7,393.5,2.0,22.89,6.79,True,False
2026-09-23 07:44:50,CAT-320-EXC-014,1770,32.01,34.3,4355.8,79.5,89.5,384.1,1.67,23.95,5.46,True,False
2026-09-23 07:44:50,CAT-745-ART-002,1739,33.33,34.3,4027.7,76.3,87.8,373.7,1.65,25.96,5.44,True,False
2026-09-23 07:44:50,CAT-D6-DOZ-008,1790,32.03,34.3,4100.3,78.2,88.6,411.8,1.71,24.61,5.13,True,False
2026-09-23 07:44:50,CAT-980-WLD-005,1751,30.59,34.3,4446.6,76.3,90.2,411.2,2.31,24.7,5.63,True,False
2026-09-23 07:44:55,CAT-320-EXC-014,1778,31.16,34.26,4282.3,78.8,88.3,359.4,1.7,25.0,8.43,True,False
2026-09-23 07:44:55,CAT-745-ART-002,1775,30.49,34.26,4176.9,77.3,90.8,384.9,2.04,22.66,8.58,True,False
2026-09-23 07:44:55,CAT-D6-DOZ-008,1736,30.68,34.26,4627.1,79.1,87.6,364.1,1.9,22.91,8.94,True,False
2026-09-23 07:44:55,CAT-980-WLD-005,1744,34.23,34.26,3940.0,76.7,88.8,374.9,1.9,23.99,8.55,True,False
2026-09-23 07:45:00,CAT-320-EXC-014,1741,30.54,34.21,4435.7,75.5,89.2,378.9,2.21,24.62,8.85,True,False
2026-09-23 07:45:00,CAT-745-ART-002,1744,31.01,34.21,4055.3,77.3,90.5,353.0,1.84,22.16,9.06,True,False
2026-09-23 07:45:00,CAT-D6-DOZ-008,1732,31.17,34.21,3961.5,78.9,90.5,370.0,2.38,25.12,9.05,True,False
2026-09-23 07:45:00,CAT-980-WLD-005,1760,31.33,34.21,4518.7,78.7,90.6,417.3,1.73,23.16,9.06,True,False
2026-09-23 07:45:05,CAT-320-EXC-014,1773,33.1,34.16,4331.5,78.5,90.5,375.3,2.02,23.07,8.64,True,False
2026-09-23 07:45:05,CAT-745-ART-002,1755,31.22,34.16,4206.7,79.9,91.9,394.6,2.27,26.55,8.97,True,False
2026-09-23 07:45:05,CAT-D6-DOZ-008,1762,33.25,34.16,4523.7,77.8,91.0,367.5,1.86,23.92,8.99,True,False
2026-09-23 07:45:05,CAT-980-WLD-005,1782,31.12,34.16,3788.4,77.2,89.0,372.9,1.72,24.88,8.96,True,False
2026-09-23 07:45:10,CAT-320-EXC-014,1736,33.11,34.12,4240.8,77.9,89.6,393.4,2.34,24.87,8.71,True,False
2026-09-23 07:45:10,CAT-745-ART-002,1791,30.74,34.12,4181.8,78.4,89.3,396.8,1.64,24.24,9.53,True,False
2026-09-23 07:45:10,CAT-D6-DOZ-008,1743,31.3,34.12,4428.1,78.1,88.9,376.4,1.96,22.79,8.95,True,False
2026-09-23 07:45:10,CAT-980-WLD-005,1741,32.59,34.12,4083.6,78.3,87.4,375.9,2.07,21.37,9.27,True,False
2026-09-23 07:45:15,CAT-320-EXC-014,1769,30.89,34.07,4397.7,78.2,91.2,433.8,2.27,25.79,8.56,True,False
2026-09-23 07:45:15,CAT-745-ART-002,1765,32.22,34.07,4120.1,77.2,88.4,345.2,1.63,24.29,9.07,True,False
2026-09-23 07:45:15,CAT-D6-DOZ-008,1763,32.4,34.07,4014.8,79.0,89.9,368.0,1.95,22.73,8.63,True,False
2026-09-23 07:45:15,CAT-980-WLD-005,1737,32.75,34.07,4540.8,77.0,88.6,381.6,2.47,24.87,8.61,True,False
2026-09-23 07:45:20,CAT-320-EXC-014,1732,33.23,34.03,3878.9,79.2,88.2,379.9,1.76,23.21,9.46,True,False
2026-09-23 07:45:20,CAT-745-ART-002,1757,32.11,34.03,4130.4,76.1,90.0,386.0,1.62,23.9,9.1,True,False
2026-09-23 07:45:20,CAT-D6-DOZ-008,1735,31.4,34.03,4284.1,79.5,88.9,391.2,2.03,22.93,9.45,True,False
2026-09-23 07:45:20,CAT-980-WLD-005,1765,33.01,34.03,4157.5,78.1,89.7,362.4,2.51,25.46,8.89,True,False
2026-09-23 07:45:25,CAT-320-EXC-014,1794,32.78,33.98,4376.8,78.3,88.5,351.4,1.82,26.27,9.18,True,False
2026-09-23 07:45:25,CAT-745-ART-002,1729,31.03,33.98,4295.6,77.0,89.9,351.7,1.8,24.53,8.49,True,False
2026-09-23 07:45:25,CAT-D6-DOZ-008,1736,32.58,33.98,4173.2,77.9,88.2,350.9,1.78,24.42,9.17,True,False
2026-09-23 07:45:25,CAT-980-WLD-005,1751,31.55,33.98,4325.5,77.5,89.1,383.1,3.28,25.04,8.96,True,False
2026-09-23 07:45:30,CAT-320-EXC-014,1770,31.39,33.93,4273.3,78.0,88.3,388.5,2.08,25.42,9.15,True,False
2026-09-23 07:45:30,CAT-745-ART-002,1740,32.91,33.93,4150.9,77.6,89.0,421.9,1.92,24.31,8.53,True,False
2026-09-23 07:45:30,CAT-D6-DOZ-008,1760,31.58,33.93,4236.5,76.5,89.0,369.9,1.74,22.14,8.67,True,False
2026-09-23 07:45:30,CAT-980-WLD-005,1776,31.81,33.93,4287.0,78.4,89.0,394.4,1.66,23.08,9.27,True,False
2026-09-23 07:45:35,CAT-320-EXC-014,1785,32.24,33.89,4290.2,78.0,90.4,375.4,1.71,22.17,8.84,True,False
2026-09-23 07:45:35,CAT-745-ART-002,1750,31.79,33.89,3985.9,78.1,89.4,396.7,1.79,21.62,9.11,True,False
2026-09-23 07:45:35,CAT-D6-DOZ-008,1775,30.39,33.89,4338.4,79.8,87.7,398.5,1.78,23.28,8.62,True,False
2026-09-23 07:45:35,CAT-980-WLD-005,1777,32.23,33.89,4184.0,77.5,89.3,385.9,2.46,23.61,9.48,True,False
2026-09-23 07:45:40,CAT-320-EXC-014,1740,30.08,33.84,4428.5,77.7,91.1,366.0,2.14,23.31,8.83,True,False
2026-09-23 07:45:40,CAT-745-ART-002,1776,31.63,33.84,4518.5,79.4,89.4,380.8,1.73,22.45,9.41,True,False
2026-09-23 07:45:40,CAT-D6-DOZ-008,1751,31.61,33.84,4372.8,74.3,90.3,375.7,1.94,23.11,8.54,True,False
2026-09-23 07:45:40,CAT-980-WLD-005,1811,32.45,33.84,4547.7,77.8,87.9,355.7,1.81,23.82,8.83,True,False
2026-09-23 07:45:45,CAT-320-EXC-014,900,6.01,33.8,465.1,78.2,88.3,223.8,0.52,24.33,0.0,True,False
2026-09-23 07:45:45,CAT-745-ART-002,875,4.72,33.8,389.8,78.1,89.2,231.6,0.14,22.75,0.16,True,False
2026-09-23 07:45:45,CAT-D6-DOZ-008,881,6.83,33.8,679.1,77.7,89.9,196.8,0.51,25.62,0.17,True,False
2026-09-23 07:45:45,CAT-980-WLD-005,925,6.32,33.8,633.7,78.8,90.9,243.5,0.8,23.55,0.0,True,False
2026-09-23 07:45:50,CAT-320-EXC-014,887,8.75,33.75,667.5,79.1,88.5,210.0,0.27,24.03,0.0,True,False
2026-09-23 07:45:50,CAT-745-ART-002,867,6.36,33.75,622.6,77.6,90.6,225.2,0.98,23.12,0.36,True,False
2026-09-23 07:45:50,CAT-D6-DOZ-008,897,4.07,33.75,964.8,78.1,90.5,191.5,0.1,23.74,0.21,True,False
2026-09-23 07:45:50,CAT-980-WLD-005,861,5.48,33.75,448.6,78.8,90.5,191.3,0.4,25.22,0.0,True,False
2026-09-23 07:45:55,CAT-320-EXC-014,871,6.84,33.71,680.4,78.0,89.3,225.8,0.22,23.73,0.31,True,False
2026-09-23 07:45:55,CAT-745-ART-002,917,5.52,33.71,898.9,76.2,89.9,213.4,0.1,24.39,0.35,True,False
2026-09-23 07:45:55,CAT-D6-DOZ-008,855,5.94,33.71,779.6,78.1,90.1,241.8,0.13,25.45,0.0,True,False
2026-09-23 07:45:55,CAT-980-WLD-005,862,7.91,33.71,494.1,78.1,87.5,240.0,0.01,23.35,0.0,True,False
2026-09-23 07:46:00,CAT-320-EXC-014,852,6.78,33.66,974.4,79.2,89.1,226.8,0.12,25.42,0.29,True,False
2026-09-23 07:46:00,CAT-745-ART-002,872,6.25,33.66,320.9,76.6,89.1,239.6,0.42,23.41,0.09,True,False
2026-09-23 07:46:00,CAT-D6-DOZ-008,876,6.39,33.66,472.5,78.3,88.3,230.7,0.19,24.97,0.09,True,False
2026-09-23 07:46:00,CAT-980-WLD-005,880,7.48,33.66,828.7,76.9,89.3,239.2,0.74,24.75,0.4,True,False
2026-09-23 07:46:05,CAT-320-EXC-014,901,7.29,33.61,519.3,77.0,89.9,231.7,0.57,23.12,0.4,True,False
2026-09-23 07:46:05,CAT-745-ART-002,897,5.07,33.61,679.0,78.2,88.6,206.7,0.1,23.49,0.0,True,False
2026-09-23 07:46:05,CAT-D6-DOZ-008,867,7.66,33.61,515.8,80.2,89.0,251.3,0.17,23.75,0.04,True,False
2026-09-23 07:46:05,CAT-980-WLD-005,872,6.69,33.61,459.4,79.2,89.7,221.6,0.28,21.87,0.4,True,False
2026-09-23 07:46:10,CAT-320-EXC-014,1285,5.76,33.57,739.5,78.9,89.0,361.8,8.07,23.46,0.17,True,False
2026-09-23 07:46:10,CAT-745-ART-002,1261,7.79,33.57,611.1,78.5,89.6,379.2,7.75,24.15,0.04,True,False
2026-09-23 07:46:10,CAT-D6-DOZ-008,1257,4.21,33.57,454.9,76.8,89.8,368.4,7.51,22.42,0.01,True,False
2026-09-23 07:46:10,CAT-980-WLD-005,1176,6.73,33.57,519.3,77.7,89.6,353.4,8.26,22.32,0.0,True,False
2026-09-23 07:46:15,CAT-320-EXC-014,1221,7.53,33.52,549.4,77.7,90.6,403.3,7.88,24.39,0.4,True,False
2026-09-23 07:46:15,CAT-745-ART-002,1241,4.68,33.52,712.3,78.2,90.0,343.7,7.95,24.56,0.0,True,False
2026-09-23 07:46:15,CAT-D6-DOZ-008,1253,8.15,33.52,237.1,79.2,89.2,388.4,8.43,25.33,0.0,True,False
2026-09-23 07:46:15,CAT-980-WLD-005,1228,5.25,33.52,525.9,78.7,91.3,385.7,7.69,23.19,0.0,True,False
2026-09-23 07:46:20,CAT-320-EXC-014,1274,8.14,33.48,717.6,78.2,90.0,372.5,7.74,23.14,0.0,True,False
2026-09-23 07:46:20,CAT-745-ART-002,1250,4.02,33.48,773.4,78.0,90.3,360.8,7.69,23.99,0.0,True,False
2026-09-23 07:46:20,CAT-D6-DOZ-008,1261,6.73,33.48,637.4,78.0,89.9,370.3,7.91,23.99,0.28,True,False
2026-09-23 07:46:20,CAT-980-WLD-005,1250,5.38,33.48,824.0,76.9,88.6,373.0,7.55,24.65,0.23,True,False
2026-09-23 07:46:25,CAT-320-EXC-014,908,6.73,33.43,688.7,80.7,89.2,204.0,0.71,22.82,0.0,True,False
2026-09-23 07:46:25,CAT-745-ART-002,889,5.56,33.43,532.0,79.0,88.1,218.0,0.03,23.67,0.18,True,False
2026-09-23 07:46:25,CAT-D6-DOZ-008,880,7.22,33.43,647.1,80.4,89.9,227.0,0.4,26.02,0.0,True,False
2026-09-23 07:46:25,CAT-980-WLD-005,880,6.38,33.43,1025.0,76.9,89.3,208.8,0.25,21.42,0.0,True,False
2026-09-23 07:46:30,CAT-320-EXC-014,877,6.16,33.38,405.6,75.7,88.2,215.9,0.39,23.63,0.15,True,False
2026-09-23 07:46:30,CAT-745-ART-002,873,6.91,33.38,588.7,78.0,89.5,225.5,0.26,24.67,0.0,True,False
2026-09-23 07:46:30,CAT-D6-DOZ-008,881,7.31,33.38,580.9,78.0,89.0,209.0,0.07,22.95,0.0,True,False
2026-09-23 07:46:30,CAT-980-WLD-005,898,5.92,33.38,444.6,79.7,90.2,215.3,0.37,22.21,0.01,True,False
2026-09-23 07:46:35,CAT-320-EXC-014,881,6.53,33.34,440.7,77.6,89.2,204.0,0.18,26.22,0.0,True,False
2026-09-23 07:46:35,CAT-745-ART-002,858,4.24,33.34,491.5,77.7,88.7,233.0,0.4,20.82,0.4,True,False
2026-09-23 07:46:35,CAT-D6-DOZ-008,888,7.53,33.34,358.3,78.4,91.8,231.3,0.04,24.14,0.0,True,False
2026-09-23 07:46:35,CAT-980-WLD-005,867,5.9,33.34,403.2,78.0,90.8,232.3,0.42,25.12,0.15,True,False
2026-09-23 07:46:40,CAT-320-EXC-014,849,5.54,33.29,806.0,78.2,91.9,215.9,0.22,23.84,0.37,True,False
2026-09-23 07:46:40,CAT-745-ART-002,886,5.72,33.29,321.7,75.3,87.5,232.2,0.2,25.52,0.4,True,False
2026-09-23 07:46:40,CAT-D6-DOZ-008,873,7.41,33.29,328.5,77.9,90.3,198.3,0.17,24.95,0.0,True,False
2026-09-23 07:46:40,CAT-980-WLD-005,895,7.26,33.29,479.3,78.1,87.9,235.2,0.36,25.17,0.03,True,False
2026-09-23 07:46:45,CAT-320-EXC-014,1750,31.24,33.25,4231.7,78.9,87.5,385.7,1.89,26.01,5.71,True,False
2026-09-23 07:46:45,CAT-745-ART-002,1764,30.99,33.25,4300.9,79.9,87.8,314.2,1.9,23.89,6.05,True,False
2026-09-23 07:46:45,CAT-D6-DOZ-008,1740,31.71,33.25,4455.9,79.1,90.5,407.7,1.68,24.01,5.87,True,False
2026-09-23 07:46:45,CAT-980-WLD-005,1755,33.2,33.25,4217.0,77.3,89.0,362.6,1.97,23.07,5.94,True,False
2026-09-23 07:46:50,CAT-320-EXC-014,1743,30.61,33.2,4424.9,79.5,87.9,388.8,1.89,24.49,7.57,True,False
2026-09-23 07:46:50,CAT-745-ART-002,1774,33.37,33.2,3868.1,79.0,91.1,384.9,1.73,25.16,6.9,True,False
2026-09-23 07:46:50,CAT-D6-DOZ-008,1776,31.94,33.2,4423.0,77.7,90.9,364.5,2.23,23.91,7.1,True,False
2026-09-23 07:46:50,CAT-980-WLD-005,1778,31.99,33.2,4118.6,77.3,91.3,349.9,2.01,24.08,6.93,True,False
2026-09-23 07:46:55,CAT-320-EXC-014,1745,32.37,33.15,4221.7,79.5,88.8,390.7,1.79,21.88,8.1,True,False
2026-09-23 07:46:55,CAT-745-ART-002,1764,33.44,33.15,4011.7,77.1,88.6,401.8,2.1,24.62,7.82,True,False
2026-09-23 07:46:55,CAT-D6-DOZ-008,1765,29.14,33.15,4077.3,78.8,89.7,378.4,1.7,24.13,8.48,True,False
2026-09-23 07:46:55,CAT-980-WLD-005,1769,35.66,33.15,4404.3,78.7,88.6,391.3,1.65,24.23,8.17,True,False
2026-09-23 07:47:00,CAT-320-EXC-014,1743,31.8,33.11,4043.8,78.5,90.2,403.7,2.23,24.15,8.67,True,False
2026-09-23 07:47:00,CAT-745-ART-002,1761,32.84,33.11,4156.1,79.4,89.3,396.1,1.91,26.82,9.19,True,False
2026-09-23 07:47:00,CAT-D6-DOZ-008,1736,31.6,33.11,4196.0,77.9,89.9,383.3,2.04,26.28,8.76,True,False
2026-09-23 07:47:00,CAT-980-WLD-005,1802,33.25,33.11,4090.7,75.9,89.4,391.5,1.62,26.53,8.64,True,False
2026-09-23 07:47:05,CAT-320-EXC-014,1736,32.37,33.06,4185.6,78.4,89.6,386.2,1.73,23.67,9.19,True,False
2026-09-23 07:47:05,CAT-745-ART-002,1797,31.81,33.06,4193.8,79.1,88.6,386.8,1.81,22.4,8.99,True,False
2026-09-23 07:47:05,CAT-D6-DOZ-008,1729,33.09,33.06,4325.4,78.7,90.3,350.7,2.24,24.92,9.1,True,False
2026-09-23 07:47:05,CAT-980-WLD-005,1804,32.56,33.06,4089.3,77.2,89.5,378.9,1.84,23.89,9.44,True,False
2026-09-23 07:47:10,CAT-320-EXC-014,1776,33.68,33.02,4523.3,79.5,89.3,386.9,1.94,22.62,9.17,True,False
2026-09-23 07:47:10,CAT-745-ART-002,1763,32.48,33.02,3840.2,79.4,89.1,362.4,1.66,26.15,9.18,True,False
2026-09-23 07:47:10,CAT-D6-DOZ-008,1740,31.58,33.02,4296.8,78.9,88.8,387.0,1.86,21.89,9.29,True,False
2026-09-23 07:47:10,CAT-980-WLD-005,1773,29.98,33.02,4085.5,79.0,89.1,378.3,1.77,24.62,9.77,True,False
2026-09-23 07:47:15,CAT-320-EXC-014,1768,32.53,32.97,4112.8,76.3,90.4,405.6,1.73,26.39,9.21,True,False
2026-09-23 07:47:15,CAT-745-ART-002,1783,31.06,32.97,4137.4,78.0,90.9,368.2,1.73,23.45,9.41,True,False
2026-09-23 07:47:15,CAT-D6-DOZ-008,1732,30.59,32.97,4189.8,78.9,88.8,384.4,1.82,25.09,9.66,True,False
2026-09-23 07:47:15,CAT-980-WLD-005,1756,32.58,32.97,4159.8,78.6,87.8,401.9,1.9,22.92,9.66,True,False
2026-09-23 07:47:20,CAT-320-EXC-014,1772,32.58,32.93,4567.8,77.4,88.5,371.3,1.61,24.63,9.23,True,False
2026-09-23 07:47:20,CAT-745-ART-002,1781,32.98,32.93,4203.7,77.4,89.7,382.6,1.82,23.34,9.04,True,False
2026-09-23 07:47:20,CAT-D6-DOZ-008,1751,29.4,32.93,4332.8,78.5,89.1,383.2,1.7,23.37,8.78,True,False
2026-09-23 07:47:20,CAT-980-WLD-005,1765,31.02,32.93,3697.9,78.7,89.8,355.7,1.83,22.2,9.23,True,False
2026-09-23 07:47:25,CAT-320-EXC-014,1743,32.31,32.88,4221.8,77.1,88.5,386.7,1.94,23.85,8.37,True,False
2026-09-23 07:47:25,CAT-745-ART-002,1760,29.63,32.88,3819.9,75.7,89.1,356.3,2.41,23.57,8.55,True,False
2026-09-23 07:47:25,CAT-D6-DOZ-008,1733,31.87,32.88,4402.6,77.8,90.5,358.8,1.65,22.14,7.99,True,False
2026-09-23 07:47:25,CAT-980-WLD-005,1733,32.95,32.88,4138.3,77.7,89.6,373.6,2.72,23.55,8.09,True,False
2026-09-23 07:47:30,CAT-320-EXC-014,1768,31.08,32.83,4332.8,76.8,88.7,359.6,1.89,24.04,7.5,True,False
2026-09-23 07:47:30,CAT-745-ART-002,1750,31.28,32.83,4294.2,78.8,89.0,370.2,2.09,23.94,7.28,True,False
2026-09-23 07:47:30,CAT-D6-DOZ-008,1746,31.81,32.83,4232.5,78.6,90.6,422.0,1.84,25.37,6.85,True,False
2026-09-23 07:47:30,CAT-980-WLD-005,1758,32.75,32.83,4199.8,76.4,88.3,358.8,2.02,23.81,7.32,True,False
2026-09-23 07:47:35,CAT-320-EXC-014,1743,32.06,32.79,4035.8,75.6,88.1,389.3,2.11,24.31,6.24,True,False
2026-09-23 07:47:35,CAT-745-ART-002,1762,32.5,32.79,4119.4,77.0,90.6,377.4,2.13,25.12,5.94,True,False
2026-09-23 07:47:35,CAT-D6-DOZ-008,1764,33.28,32.79,3920.5,76.6,89.1,371.8,2.12,25.11,6.44,True,False
2026-09-23 07:47:35,CAT-980-WLD-005,1775,31.92,32.79,3930.8,76.6,88.2,369.4,1.8,26.55,6.16,True,False
2026-09-23 07:47:40,CAT-320-EXC-014,1768,31.22,32.74,4152.4,79.7,90.1,378.8,1.96,24.12,8.53,True,False
2026-09-23 07:47:40,CAT-745-ART-002,1738,32.3,32.74,4108.5,77.7,89.4,381.3,2.4,26.14,8.34,True,False
2026-09-23 07:47:40,CAT-D6-DOZ-008,1738,34.68,32.74,4274.0,75.2,89.5,391.5,1.79,24.24,8.25,True,False
2026-09-23 07:47:40,CAT-980-WLD-005,1765,31.51,32.74,4224.9,78.1,88.9,379.7,2.02,22.1,9.02,True,False
2026-09-23 07:47:45,CAT-320-EXC-014,1778,32.36,32.7,4046.8,77.7,89.0,379.6,2.35,24.37,9.24,True,False
2026-09-23 07:47:45,CAT-745-ART-002,1783,31.94,32.7,4320.7,77.1,87.5,362.4,1.8,23.41,9.17,True,False
2026-09-23 07:47:45,CAT-D6-DOZ-008,1794,31.84,32.7,4168.6,77.7,89.1,399.6,2.16,24.35,8.6,True,False
2026-09-23 07:47:45,CAT-980-WLD-005,1765,31.24,32.7,4498.7,80.0,89.7,356.1,1.6,22.18,8.51,True,False
2026-09-23 07:47:50,CAT-320-EXC-014,1730,31.82,32.65,4151.4,79.1,90.2,397.4,2.08,24.26,8.89,True,False
2026-09-23 07:47:50,CAT-745-ART-002,1780,32.42,32.65,4283.0,77.7,88.7,384.4,2.39,23.09,8.8,True,False
2026-09-23 07:47:50,CAT-D6-DOZ-008,1755,33.54,32.65,4094.8,80.6,89.4,359.7,1.81,25.02,9.31,True,False
2026-09-23 07:47:50,CAT-980-WLD-005,1743,30.55,32.65,4198.0,79.6,89.6,377.5,1.98,22.76,9.11,True,False
2026-09-23 07:47:55,CAT-320-EXC-014,1762,30.18,32.6,4030.7,79.4,88.2,387.3,1.78,22.23,8.76,True,False
2026-09-23 07:47:55,CAT-745-ART-002,1754,31.77,32.6,4229.0,76.4,89.6,371.4,1.83,24.35,8.54,True,False
2026-09-23 07:47:55,CAT-D6-DOZ-008,1765,33.91,32.6,4109.1,78.8,88.0,331.7,1.9,22.9,9.28,True,False
2026-09-23 07:47:55,CAT-980-WLD-005,1770,30.29,32.6,4250.3,77.5,89.7,404.0,2.17,24.17,9.68,True,False
2026-09-23 07:48:00,CAT-320-EXC-014,1774,32.03,32.56,4067.0,77.0,89.2,391.6,1.76,24.44,8.79,True,False
2026-09-23 07:48:00,CAT-745-ART-002,1735,34.39,32.56,4014.1,76.0,88.9,368.3,2.05,23.85,9.21,True,False
2026-09-23 07:48:00,CAT-D6-DOZ-008,1729,31.52,32.56,4295.5,78.8,89.9,362.2,1.79,24.65,8.81,True,False
2026-09-23 07:48:00,CAT-980-WLD-005,1740,31.72,32.56,4330.2,79.8,89.3,404.1,1.84,24.12,9.36,True,False
2026-09-23 07:48:05,CAT-320-EXC-014,1763,31.85,32.51,4279.1,78.1,90.3,403.3,1.8,23.58,9.06,True,False
2026-09-23 07:48:05,CAT-745-ART-002,1765,32.61,32.51,4158.0,76.9,89.1,377.5,1.87,25.19,9.2,True,False
2026-09-23 07:48:05,CAT-D6-DOZ-008,1789,32.07,32.51,4071.1,79.5,89.3,383.5,2.2,24.03,9.06,True,False
2026-09-23 07:48:05,CAT-980-WLD-005,1742,33.41,32.51,4423.5,77.3,89.2,372.7,2.02,23.99,9.06,True,False
2026-09-23 07:48:10,CAT-320-EXC-014,1752,30.92,32.47,4232.4,79.1,90.1,401.9,2.11,24.91,8.39,True,False
2026-09-23 07:48:10,CAT-745-ART-002,1757,30.67,32.47,4004.6,77.8,90.4,354.4,2.13,24.76,8.81,True,False
2026-09-23 07:48:10,CAT-D6-DOZ-008,1741,32.69,32.47,4590.1,77.7,88.9,379.6,1.75,24.44,8.62,True,False
2026-09-23 07:48:10,CAT-980-WLD-005,1782,31.21,32.47,4121.2,79.4,89.0,395.5,1.93,24.82,8.82,True,False
2026-09-23 07:48:15,CAT-320-EXC-014,1769,33.61,32.42,4222.4,77.6,88.4,391.0,1.66,25.28,8.71,True,False
2026-09-23 07:48:15,CAT-745-ART-002,1757,31.63,32.42,4319.6,81.1,88.6,385.3,1.81,23.92,8.59,True,False
2026-09-23 07:48:15,CAT-D6-DOZ-008,1794,31.31,32.42,4709.4,77.6,91.5,389.9,2.45,24.98,8.94,True,False
2026-09-23 07:48:15,CAT-980-WLD-005,1756,31.93,32.42,4481.2,79.0,87.7,412.5,1.85,26.39,8.41,True,False
2026-09-23 07:48:20,CAT-320-EXC-014,1790,31.39,32.38,4236.4,76.8,89.6,379.6,1.86,23.63,8.85,True,False
2026-09-23 07:48:20,CAT-745-ART-002,1746,35.15,32.38,4016.7,79.0,90.8,382.6,2.42,22.91,9.41,True,False
2026-09-23 07:48:20,CAT-D6-DOZ-008,1801,31.68,32.38,4288.0,78.6,89.7,383.8,2.43,23.3,8.86,True,False
2026-09-23 07:48:20,CAT-980-WLD-005,1789,30.46,32.38,4248.9,77.4,90.2,363.7,2.07,22.13,8.69,True,False
2026-09-23 07:48:25,CAT-320-EXC-014,1820,34.4,32.33,3991.2,78.8,88.4,387.6,1.87,24.26,9.33,True,False
2026-09-23 07:48:25,CAT-745-ART-002,1724,31.62,32.33,3899.1,80.3,91.5,379.6,1.96,23.38,8.88,True,False
2026-09-23 07:48:25,CAT-D6-DOZ-008,1799,32.0,32.33,4644.1,77.3,90.3,373.9,1.91,27.15,8.74,True,False
2026-09-23 07:48:25,CAT-980-WLD-005,1771,29.78,32.33,4170.8,76.7,89.2,375.3,1.91,22.89,9.15,True,False
2026-09-23 07:48:30,CAT-320-EXC-014,876,7.61,32.28,457.4,77.6,90.6,274.4,0.38,22.03,0.0,True,False
2026-09-23 07:48:30,CAT-745-ART-002,884,5.98,32.28,765.5,76.5,89.8,227.1,0.59,25.27,0.4,True,False
2026-09-23 07:48:30,CAT-D6-DOZ-008,885,4.79,32.28,427.4,77.6,90.5,212.2,0.33,22.25,0.0,True,False
2026-09-23 07:48:30,CAT-980-WLD-005,875,5.74,32.28,629.4,79.6,89.9,241.8,0.28,24.46,0.37,True,False
2026-09-23 07:48:35,CAT-320-EXC-014,858,6.43,32.24,887.9,76.8,90.0,210.4,0.01,23.58,0.07,True,False
2026-09-23 07:48:35,CAT-745-ART-002,914,7.77,32.24,599.1,79.9,89.3,232.4,0.47,25.24,0.4,True,False
2026-09-23 07:48:35,CAT-D6-DOZ-008,868,6.1,32.24,728.4,77.4,89.2,198.2,0.37,24.51,0.0,True,False
2026-09-23 07:48:35,CAT-980-WLD-005,896,5.17,32.24,453.0,78.9,88.5,194.8,0.14,22.16,0.0,True,False
2026-09-23 07:48:40,CAT-320-EXC-014,883,7.92,32.19,621.4,75.9,87.8,183.3,0.38,24.28,0.4,True,False
2026-09-23 07:48:40,CAT-745-ART-002,928,6.66,32.19,577.4,78.8,89.1,229.5,0.22,24.21,0.16,True,False
2026-09-23 07:48:40,CAT-D6-DOZ-008,869,6.12,32.19,533.3,76.2,88.5,239.9,0.35,24.31,0.35,True,False
2026-09-23 07:48:40,CAT-980-WLD-005,868,7.44,32.19,345.3,78.7,88.5,229.1,0.39,22.14,0.0,True,False
2026-09-23 07:48:45,CAT-320-EXC-014,883,6.17,32.15,627.1,77.7,89.0,244.1,0.2,26.68,0.0,True,False
2026-09-23 07:48:45,CAT-745-ART-002,917,5.61,32.15,477.8,79.1,90.2,233.6,0.7,23.16,0.0,True,False
2026-09-23 07:48:45,CAT-D6-DOZ-008,864,8.13,32.15,405.5,80.2,89.6,209.1,0.59,24.35,0.0,True,False
2026-09-23 07:48:45,CAT-980-WLD-005,900,5.07,32.15,684.3,79.2,89.6,191.1,0.54,23.37,0.12,True,False
2026-09-23 07:48:50,CAT-320-EXC-014,915,5.56,32.1,806.9,78.8,91.2,225.7,0.15,24.41,0.0,True,False
2026-09-23 07:48:50,CAT-745-ART-002,861,6.36,32.1,752.6,78.0,87.6,225.2,0.0,22.97,0.0,True,False
2026-09-23 07:48:50,CAT-D6-DOZ-008,926,7.01,32.1,750.4,78.6,89.8,249.5,0.17,22.02,0.0,True,False
2026-09-23 07:48:50,CAT-980-WLD-005,853,6.55,32.1,757.3,79.3,88.5,223.9,0.09,24.55,0.18,True,False
2026-09-23 07:48:55,CAT-320-EXC-014,856,7.11,32.05,870.3,78.6,89.2,233.0,0.75,24.08,0.01,True,False
2026-09-23 07:48:55,CAT-745-ART-002,926,5.94,32.05,619.2,77.3,90.1,210.7,0.15,22.72,0.29,True,False
2026-09-23 07:48:55,CAT-D6-DOZ-008,869,5.8,32.05,599.9,80.5,90.6,210.9,0.59,23.6,0.0,True,False
2026-09-23 07:48:55,CAT-980-WLD-005,889,6.14,32.05,534.7,77.0,89.1,219.5,0.15,23.32,0.35,True,False
2026-09-23 07:49:00,CAT-320-EXC-014,1243,5.81,32.01,843.9,77.5,89.3,385.3,7.76,22.62,0.0,True,False
2026-09-23 07:49:00,CAT-745-ART-002,1233,6.98,32.01,300.5,77.5,89.2,388.0,8.04,23.33,0.0,True,False
2026-09-23 07:49:00,CAT-D6-DOZ-008,1264,5.49,32.01,946.9,78.0,88.5,382.9,7.68,23.18,0.0,True,False
2026-09-23 07:49:00,CAT-980-WLD-005,1279,4.3,32.01,867.2,77.0,90.2,378.6,7.66,26.07,0.1,True,False
2026-09-23 07:49:05,CAT-320-EXC-014,1275,5.55,31.96,580.3,77.6,89.7,370.5,7.71,25.68,0.03,True,False
2026-09-23 07:49:05,CAT-745-ART-002,1258,5.16,31.96,673.6,79.3,90.1,386.7,7.69,25.5,0.0,True,False
2026-09-23 07:49:05,CAT-D6-DOZ-008,1250,6.7,31.96,457.5,79.7,90.4,384.6,7.64,24.25,0.19,True,False
2026-09-23 07:49:05,CAT-980-WLD-005,1236,6.63,31.96,573.7,76.8,88.8,389.8,7.87,23.64,0.19,True,False
2026-09-23 07:49:10,CAT-320-EXC-014,1275,7.12,31.92,1027.9,78.7,89.2,395.7,8.03,22.8,0.0,True,False
2026-09-23 07:49:10,CAT-745-ART-002,1252,6.75,31.92,740.4,79.4,87.4,390.5,7.9,23.34,0.12,True,False
2026-09-23 07:49:10,CAT-D6-DOZ-008,1238,5.61,31.92,426.4,80.2,89.0,414.2,8.47,22.61,0.01,True,False
2026-09-23 07:49:10,CAT-980-WLD-005,1287,7.64,31.92,592.3,78.5,90.5,394.5,7.58,23.95,0.0,True,False
2026-09-23 07:49:15,CAT-320-EXC-014,917,6.03,31.87,591.6,77.7,90.3,250.8,0.0,25.43,0.1,True,False
2026-09-23 07:49:15,CAT-745-ART-002,890,6.22,31.87,487.8,76.7,87.7,215.6,0.07,24.01,0.29,True,False
2026-09-23 07:49:15,CAT-D6-DOZ-008,914,9.37,31.87,241.3,77.9,89.2,208.3,0.29,22.08,0.07,True,False
2026-09-23 07:49:15,CAT-980-WLD-005,893,5.99,31.87,600.3,78.1,88.9,215.5,0.06,24.39,0.0,True,False
2026-09-23 07:49:20,CAT-320-EXC-014,853,5.69,31.82,627.4,79.9,88.6,271.8,0.35,25.78,0.0,True,False
2026-09-23 07:49:20,CAT-745-ART-002,860,7.29,31.82,893.4,78.5,88.7,246.1,0.52,24.24,0.06,True,False
2026-09-23 07:49:20,CAT-D6-DOZ-008,884,6.1,31.82,724.2,77.3,91.1,211.5,0.29,25.0,0.0,True,False
2026-09-23 07:49:20,CAT-980-WLD-005,875,7.14,31.82,869.2,78.4,89.2,244.1,0.51,23.77,0.33,True,False
2026-09-23 07:49:25,CAT-320-EXC-014,887,5.31,31.78,675.3,78.2,88.5,218.3,0.74,22.5,0.06,True,False
2026-09-23 07:49:25,CAT-745-ART-002,863,5.36,31.78,616.0,79.5,90.4,228.6,0.14,24.26,0.4,True,False
2026-09-23 07:49:25,CAT-D6-DOZ-008,841,7.16,31.78,573.8,79.1,91.1,209.9,0.18,24.26,0.25,True,False
2026-09-23 07:49:25,CAT-980-WLD-005,869,6.86,31.78,778.7,78.4,90.4,192.9,0.07,22.06,0.3,True,False
2026-09-23 07:49:30,CAT-320-EXC-014,1762,31.94,31.73,4571.9,77.9,89.2,359.6,2.06,23.82,5.84,True,False
2026-09-23 07:49:30,CAT-745-ART-002,1760,31.83,31.73,4630.5,77.5,88.3,364.0,1.65,24.42,5.84,True,False
2026-09-23 07:49:30,CAT-D6-DOZ-008,1765,32.73,31.73,3805.1,78.7,89.2,352.4,1.89,22.1,5.55,True,False
2026-09-23 07:49:30,CAT-980-WLD-005,1751,31.73,31.73,4211.7,78.6,88.7,354.9,2.09,23.04,5.54,True,False
2026-09-23 07:49:35,CAT-320-EXC-014,1747,30.35,31.69,4250.3,77.8,88.3,385.1,1.84,22.44,6.69,True,False
2026-09-23 07:49:35,CAT-745-ART-002,1732,32.51,31.69,4284.1,79.2,89.7,358.2,2.17,24.33,6.94,True,False
2026-09-23 07:49:35,CAT-D6-DOZ-008,1766,30.81,31.69,4541.1,78.0,87.6,362.2,1.89,23.11,6.22,True,False
2026-09-23 07:49:35,CAT-980-WLD-005,1739,33.31,31.69,4149.6,78.2,92.5,388.4,1.92,25.62,6.53,True,False
2026-09-23 07:49:40,CAT-320-EXC-014,1738,32.92,31.64,4074.4,77.3,88.8,402.4,1.81,23.92,7.4,True,False
2026-09-23 07:49:40,CAT-745-ART-002,1777,32.3,31.64,4094.2,78.6,88.1,383.4,1.81,26.26,7.67,True,False
2026-09-23 07:49:40,CAT-D6-DOZ-008,1759,30.84,31.64,4093.8,79.8,88.4,378.6,2.01,25.04,7.59,True,False
2026-09-23 07:49:40,CAT-980-WLD-005,1771,29.9,31.64,4217.7,78.7,90.5,376.3,2.29,23.31,7.73,True,False
2026-09-23 07:49:45,CAT-320-EXC-014,1757,32.42,31.6,4196.1,80.3,89.0,391.9,2.01,27.14,8.75,True,False
2026-09-23 07:49:45,CAT-745-ART-002,1749,33.21,31.6,4063.3,78.4,90.9,348.4,2.33,24.01,8.09,True,False
2026-09-23 07:49:45,CAT-D6-DOZ-008,1758,31.31,31.6,4084.0,76.7,90.1,381.6,2.24,23.13,8.79,True,False
2026-09-23 07:49:45,CAT-980-WLD-005,1758,31.43,31.6,4143.8,78.5,90.0,377.2,1.75,24.63,8.31,True,False
2026-09-23 07:49:50,CAT-320-EXC-014,1770,31.23,31.55,4083.2,78.7,90.1,385.3,2.37,23.59,8.6,True,False
2026-09-23 07:49:50,CAT-745-ART-002,1755,33.38,31.55,4117.9,77.8,91.6,405.0,2.59,24.13,8.73,True,False
2026-09-23 07:49:50,CAT-D6-DOZ-008,1733,31.31,31.55,4239.9,80.2,89.1,376.0,1.7,25.76,8.9,True,False
2026-09-23 07:49:50,CAT-980-WLD-005,1736,30.6,31.55,4484.8,78.0,89.5,391.2,1.99,25.89,9.4,True,False
2026-09-23 07:49:55,CAT-320-EXC-014,1802,32.25,31.5,4134.0,77.3,89.3,378.5,1.92,24.06,9.31,True,False
2026-09-23 07:49:55,CAT-745-ART-002,1767,32.95,31.5,4349.9,78.4,88.9,359.7,2.19,22.45,9.02,True,False
2026-09-23 07:49:55,CAT-D6-DOZ-008,1726,32.83,31.5,4275.1,78.5,90.2,377.7,1.65,21.6,9.28,True,False
2026-09-23 07:49:55,CAT-980-WLD-005,1817,32.83,31.5,4329.0,79.0,89.6,373.6,1.8,23.27,9.59,True,False
2026-09-23 07:50:00,CAT-320-EXC-014,1761,31.32,31.46,4337.5,80.1,88.6,362.8,2.0,24.52,9.23,True,False
2026-09-23 07:50:00,CAT-745-ART-002,1723,32.51,31.46,4165.6,77.6,89.9,403.3,1.94,27.84,9.41,True,False
2026-09-23 07:50:00,CAT-D6-DOZ-008,1765,31.63,31.46,4170.7,77.1,87.9,406.2,2.13,25.54,9.78,True,False
2026-09-23 07:50:00,CAT-980-WLD-005,1778,32.11,31.46,4253.1,78.0,88.4,402.8,1.8,24.24,9.39,True,False
2026-09-23 07:50:05,CAT-320-EXC-014,1778,29.72,31.41,3983.0,79.6,91.1,415.8,2.18,24.36,8.98,True,False
2026-09-23 07:50:05,CAT-745-ART-002,1737,31.79,31.41,3967.2,77.8,90.3,364.1,1.69,23.93,8.88,True,False
2026-09-23 07:50:05,CAT-D6-DOZ-008,1755,32.57,31.41,4037.0,78.9,88.9,373.8,1.74,23.22,9.07,True,False
2026-09-23 07:50:05,CAT-980-WLD-005,1776,32.33,31.41,4405.3,78.2,90.3,387.3,2.22,23.39,9.12,True,False
2026-09-23 07:50:10,CAT-320-EXC-014,1776,31.64,31.37,3967.6,79.8,89.9,409.7,2.18,25.92,8.55,True,False
2026-09-23 07:50:10,CAT-745-ART-002,1770,31.26,31.37,4093.4,77.0,89.2,384.4,1.7,24.23,8.43,True,False
2026-09-23 07:50:10,CAT-D6-DOZ-008,1743,29.73,31.37,4213.1,79.0,90.3,377.8,1.83,21.77,8.19,True,False
2026-09-23 07:50:10,CAT-980-WLD-005,1787,30.48,31.37,4324.7,81.1,89.9,383.2,1.76,21.79,8.54,True,False
2026-09-23 07:50:15,CAT-320-EXC-014,1743,31.78,31.32,4428.0,78.3,89.0,377.9,1.63,25.36,7.95,True,False
2026-09-23 07:50:15,CAT-745-ART-002,1765,32.5,31.32,4330.7,78.0,87.3,357.0,1.74,22.76,7.84,True,False
2026-09-23 07:50:15,CAT-D6-DOZ-008,1760,31.66,31.32,4126.8,79.1,90.4,357.2,2.04,22.78,7.83,True,False
2026-09-23 07:50:15,CAT-980-WLD-005,1758,33.85,31.32,4389.5,78.1,90.1,346.9,2.34,23.09,7.98,True,False
2026-09-23 07:50:20,CAT-320-EXC-014,1744,31.59,31.27,4274.3,78.8,90.1,375.8,2.03,20.66,6.44,True,False
2026-09-23 07:50:20,CAT-745-ART-002,1768,31.03,31.27,4242.5,80.3,89.5,393.9,1.8,24.52,7.06,True,False
2026-09-23 07:50:20,CAT-D6-DOZ-008,1749,31.9,31.27,4405.2,76.9,88.5,383.8,1.71,24.6,7.24,True,False
2026-09-23 07:50:20,CAT-980-WLD-005,1748,30.64,31.27,4017.0,79.0,90.3,393.1,2.07,22.48,6.73,True,False
2026-09-23 07:50:25,CAT-320-EXC-014,1749,31.97,31.23,3938.2,79.0,90.5,381.4,1.76,23.36,5.76,True,False
2026-09-23 07:50:25,CAT-745-ART-002,1741,32.6,31.23,4187.1,78.9,87.7,386.1,1.76,23.11,6.09,True,False
2026-09-23 07:50:25,CAT-D6-DOZ-008,1774,32.59,31.23,4225.9,80.8,88.0,377.7,1.76,26.39,5.39,True,False
2026-09-23 07:50:25,CAT-980-WLD-005,1758,32.43,31.23,4430.0,78.7,90.9,360.8,1.98,21.61,5.93,True,False
2026-09-23 07:50:30,CAT-320-EXC-014,1771,32.45,31.18,4423.4,78.6,89.4,339.5,1.73,24.53,9.0,True,False
2026-09-23 07:50:30,CAT-745-ART-002,1782,32.29,31.18,4363.3,78.3,90.6,390.1,2.06,22.87,8.51,True,False
2026-09-23 07:50:30,CAT-D6-DOZ-008,1776,32.22,31.18,4614.2,78.0,87.8,372.4,2.07,25.24,8.56,True,False
2026-09-23 07:50:30,CAT-980-WLD-005,1764,32.8,31.18,4166.8,78.9,89.3,404.0,1.67,23.97,8.78,True,False
2026-09-23 07:50:35,CAT-320-EXC-014,1807,32.84,31.14,4451.8,78.6,90.7,350.9,2.13,25.71,8.16,True,False
2026-09-23 07:50:35,CAT-745-ART-002,1744,33.07,31.14,4310.9,76.4,88.9,354.1,1.72,22.32,9.58,True,False
2026-09-23 07:50:35,CAT-D6-DOZ-008,1785,32.45,31.14,4300.5,77.5,91.4,382.9,1.83,25.12,8.83,True,False
2026-09-23 07:50:35,CAT-980-WLD-005,1759,32.71,31.14,4037.6,78.0,88.7,369.5,1.74,23.55,9.02,True,False
2026-09-23 07:50:40,CAT-320-EXC-014,1750,32.39,31.09,4381.9,79.9,91.4,339.4,2.27,23.5,8.45,True,False
2026-09-23 07:50:40,CAT-745-ART-002,1810,32.93,31.09,4307.2,77.9,91.1,400.5,2.36,23.21,9.05,True,False
2026-09-23 07:50:40,CAT-D6-DOZ-008,1743,31.5,31.09,4011.9,78.4,89.8,391.7,1.67,25.25,8.33,True,False
2026-09-23 07:50:40,CAT-980-WLD-005,1755,31.18,31.09,4271.0,78.0,89.7,390.4,2.15,24.04,8.9,True,False
2026-09-23 07:50:45,CAT-320-EXC-014,1760,32.66,31.05,4168.2,77.7,89.4,385.3,1.76,23.04,9.63,True,False
2026-09-23 07:50:45,CAT-745-ART-002,1797,33.15,31.05,3986.2,78.6,88.6,378.4,1.75,25.03,8.09,True,False
2026-09-23 07:50:45,CAT-D6-DOZ-008,1750,31.9,31.05,4358.5,77.7,91.0,342.6,1.6,22.14,8.73,True,False
2026-09-23 07:50:45,CAT-980-WLD-005,1764,31.43,31.05,4218.1,78.6,88.8,374.9,2.17,26.88,8.8,True,False
2026-09-23 07:50:50,CAT-320-EXC-014,1787,32.28,31.0,4125.4,79.1,89.7,394.1,2.17,25.18,8.7,True,False
2026-09-23 07:50:50,CAT-745-ART-002,1762,32.91,31.0,4109.3,79.2,90.4,380.3,2.13,23.42,9.23,True,False
2026-09-23 07:50:50,CAT-D6-DOZ-008,1772,34.7,31.0,4606.3,81.8,90.0,371.9,1.71,22.89,9.04,True,False
2026-09-23 07:50:50,CAT-980-WLD-005,1789,31.41,31.0,4170.0,76.6,89.4,386.6,1.72,25.39,9.03,True,False
2026-09-23 07:50:55,CAT-320-EXC-014,1734,32.84,30.95,4437.4,79.8,88.7,387.4,1.73,23.91,8.47,True,False
2026-09-23 07:50:55,CAT-745-ART-002,1744,34.1,30.95,4083.8,78.4,89.7,381.3,2.03,23.18,8.72,True,False
2026-09-23 07:50:55,CAT-D6-DOZ-008,1713,31.42,30.95,4040.1,79.7,87.1,352.6,1.81,24.7,9.28,True,False
2026-09-23 07:50:55,CAT-980-WLD-005,1741,31.73,30.95,4227.2,78.8,88.3,390.5,1.66,22.32,8.46,True,False
2026-09-23 07:51:00,CAT-320-EXC-014,1737,30.42,30.91,4459.1,79.6,89.3,337.7,1.6,24.06,8.23,True,False
2026-09-23 07:51:00,CAT-745-ART-002,1793,33.28,30.91,4217.8,78.1,89.6,394.0,1.74,24.82,9.35,True,False
2026-09-23 07:51:00,CAT-D6-DOZ-008,1759,32.8,30.91,4168.6,79.7,89.6,384.6,1.75,23.76,9.24,True,False
2026-09-23 07:51:00,CAT-980-WLD-005,1782,33.72,30.91,4488.3,79.3,90.2,339.6,2.07,26.37,8.52,True,False
2026-09-23 07:51:05,CAT-320-EXC-014,1755,31.52,30.86,4291.4,82.3,90.5,364.8,1.7,24.55,9.17,True,False
2026-09-23 07:51:05,CAT-745-ART-002,1758,32.26,30.86,4275.8,78.4,88.4,342.4,1.81,23.01,9.03,True,False
2026-09-23 07:51:05,CAT-D6-DOZ-008,1767,30.71,30.86,4321.8,76.1,90.0,392.9,1.67,21.88,8.97,True,False
2026-09-23 07:51:05,CAT-980-WLD-005,1742,32.96,30.86,4344.5,78.2,88.8,382.5,2.1,23.28,8.54,True,False
2026-09-23 07:51:10,CAT-320-EXC-014,1748,33.19,30.82,4194.9,77.0,89.4,388.7,1.72,22.58,8.4,True,False
2026-09-23 07:51:10,CAT-745-ART-002,1771,32.13,30.82,4570.4,78.6,88.8,363.5,1.82,23.86,8.98,True,False
2026-09-23 07:51:10,CAT-D6-DOZ-008,1747,32.8,30.82,4238.9,80.5,88.9,377.4,2.51,24.52,8.98,True,False
2026-09-23 07:51:10,CAT-980-WLD-005,1787,31.02,30.82,4331.8,79.3,90.2,398.6,1.62,25.41,9.67,True,False
2026-09-23 07:51:15,CAT-320-EXC-014,1762,31.5,30.77,4046.2,79.8,89.5,395.1,1.71,25.36,8.93,True,False
2026-09-23 07:51:15,CAT-745-ART-002,1816,32.06,30.77,4560.0,79.6,89.1,431.0,1.75,25.98,8.64,True,False
2026-09-23 07:51:15,CAT-D6-DOZ-008,1743,34.24,30.77,3915.7,78.9,88.6,392.6,2.05,24.34,9.34,True,False
2026-09-23 07:51:15,CAT-980-WLD-005,1740,32.42,30.77,4339.9,79.9,89.3,375.4,1.72,21.91,9.01,True,False
2026-09-23 07:51:20,CAT-320-EXC-014,885,6.45,30.72,591.8,77.7,89.5,195.2,0.13,26.33,0.0,True,False
2026-09-23 07:51:20,CAT-745-ART-002,871,5.63,30.72,678.8,77.2,90.8,212.1,0.34,23.67,0.19,True,False
2026-09-23 07:51:20,CAT-D6-DOZ-008,861,5.92,30.72,558.7,80.2,90.6,232.8,0.41,22.97,0.16,True,False
2026-09-23 07:51:20,CAT-980-WLD-005,872,7.17,30.72,673.4,77.7,90.9,218.9,0.18,24.02,0.0,True,False
2026-09-23 07:51:25,CAT-320-EXC-014,863,5.77,30.68,734.1,78.3,87.7,242.9,0.53,24.66,0.0,True,False
2026-09-23 07:51:25,CAT-745-ART-002,926,6.0,30.68,564.7,78.0,90.0,213.2,0.21,22.74,0.27,True,False
2026-09-23 07:51:25,CAT-D6-DOZ-008,877,7.71,30.68,325.8,77.9,90.4,196.3,0.21,26.1,0.0,True,False
2026-09-23 07:51:25,CAT-980-WLD-005,871,6.32,30.68,624.7,78.7,87.1,232.4,0.17,23.4,0.0,True,False
2026-09-23 07:51:30,CAT-320-EXC-014,892,5.88,30.63,851.8,78.0,88.5,247.4,0.53,24.66,0.0,True,False
2026-09-23 07:51:30,CAT-745-ART-002,904,5.17,30.63,571.8,80.2,89.2,237.2,0.52,23.61,0.0,True,False
2026-09-23 07:51:30,CAT-D6-DOZ-008,872,7.67,30.63,858.4,79.7,89.9,253.0,0.49,25.03,0.0,True,False
2026-09-23 07:51:30,CAT-980-WLD-005,878,7.14,30.63,685.9,77.5,88.7,205.7,0.32,25.67,0.03,True,False
2026-09-23 07:51:35,CAT-320-EXC-014,891,8.05,30.59,785.3,78.6,88.7,203.7,0.34,23.24,0.0,True,False
2026-09-23 07:51:35,CAT-745-ART-002,874,3.16,30.59,744.6,80.0,89.1,231.2,0.18,22.34,0.0,True,False
2026-09-23 07:51:35,CAT-D6-DOZ-008,881,5.8,30.59,545.4,77.8,88.6,186.9,0.24,23.56,0.0,True,False
2026-09-23 07:51:35,CAT-980-WLD-005,871,6.88,30.59,740.7,77.8,90.1,253.3,0.77,23.46,0.0,True,False
2026-09-23 07:51:40,CAT-320-EXC-014,899,6.33,30.54,518.4,78.2,89.2,225.0,0.14,24.93,0.0,True,False
2026-09-23 07:51:40,CAT-745-ART-002,853,6.57,30.54,654.4,79.7,88.8,202.7,0.43,23.54,0.0,True,False
2026-09-23 07:51:40,CAT-D6-DOZ-008,873,5.28,30.54,574.3,78.5,90.9,181.7,0.03,26.93,0.0,True,False
2026-09-23 07:51:40,CAT-980-WLD-005,904,5.95,30.54,903.6,77.9,89.7,217.6,0.4,26.48,0.0,True,False
2026-09-23 07:51:45,CAT-320-EXC-014,1239,7.78,30.49,200.0,79.4,88.1,408.5,7.55,24.37,0.0,True,False
2026-09-23 07:51:45,CAT-745-ART-002,1269,5.82,30.49,483.1,79.1,88.9,401.9,7.58,23.77,0.0,True,False
2026-09-23 07:51:45,CAT-D6-DOZ-008,1270,4.95,30.49,772.7,77.6,90.2,419.0,7.54,23.2,0.08,True,False
2026-09-23 07:51:45,CAT-980-WLD-005,1205,4.22,30.49,658.4,79.6,89.3,408.1,8.36,23.37,0.4,True,False
2026-09-23 07:51:50,CAT-320-EXC-014,1290,7.38,30.45,840.0,81.0,89.0,378.1,8.08,25.53,0.22,True,False
2026-09-23 07:51:50,CAT-745-ART-002,1254,6.34,30.45,492.3,81.1,90.5,382.9,7.65,23.25,0.13,True,False
2026-09-23 07:51:50,CAT-D6-DOZ-008,1233,6.14,30.45,656.0,78.7,89.4,385.7,7.59,22.51,0.33,True,False
2026-09-23 07:51:50,CAT-980-WLD-005,1243,4.17,30.45,649.1,79.7,89.3,387.5,7.58,24.25,0.0,True,False
2026-09-23 07:51:55,CAT-320-EXC-014,1251,4.0,30.4,746.2,79.8,89.9,357.0,8.2,22.71,0.4,True,False
2026-09-23 07:51:55,CAT-745-ART-002,1243,5.28,30.4,860.0,79.2,89.3,389.6,7.65,23.28,0.1,True,False
2026-09-23 07:51:55,CAT-D6-DOZ-008,1267,5.49,30.4,688.1,80.1,89.0,412.4,8.2,24.71,0.4,True,False
2026-09-23 07:51:55,CAT-980-WLD-005,1258,7.74,30.4,759.3,79.5,90.2,426.1,7.75,23.72,0.01,True,False
2026-09-23 07:52:00,CAT-320-EXC-014,899,6.32,30.36,739.9,78.2,89.7,224.9,0.15,24.45,0.4,True,False
2026-09-23 07:52:00,CAT-745-ART-002,902,5.31,30.36,542.2,79.4,89.9,236.2,0.49,21.96,0.1,True,False
2026-09-23 07:52:00,CAT-D6-DOZ-008,864,6.92,30.36,511.9,79.1,89.5,246.0,0.18,24.21,0.22,True,False
2026-09-23 07:52:00,CAT-980-WLD-005,915,4.08,30.36,425.0,78.0,87.8,230.2,0.35,24.12,0.0,True,False
2026-09-23 07:52:05,CAT-320-EXC-014,898,6.73,30.31,975.0,76.9,90.0,234.9,0.14,21.92,0.0,True,False
2026-09-23 07:52:05,CAT-745-ART-002,899,5.79,30.31,562.1,79.8,87.7,236.2,0.24,21.34,0.11,True,False
2026-09-23 07:52:05,CAT-D6-DOZ-008,864,6.38,30.31,200.0,79.4,88.4,247.3,0.51,25.12,0.0,True,False
2026-09-23 07:52:05,CAT-980-WLD-005,855,3.43,30.31,633.0,78.8,89.7,225.9,0.02,25.56,0.0,True,False
2026-09-23 07:52:10,CAT-320-EXC-014,842,6.58,30.27,773.9,78.5,89.1,262.8,0.52,25.42,0.4,True,False
2026-09-23 07:52:10,CAT-745-ART-002,880,7.18,30.27,488.7,79.4,88.8,201.2,0.25,23.59,0.0,True,False
2026-09-23 07:52:10,CAT-D6-DOZ-008,867,6.63,30.27,586.5,78.8,90.5,242.0,0.63,22.19,0.35,True,False
2026-09-23 07:52:10,CAT-980-WLD-005,875,6.9,30.27,606.5,79.4,90.3,222.7,0.0,24.27,0.0,True,False
2026-09-23 07:52:15,CAT-320-EXC-014,877,7.52,30.22,657.4,78.8,90.1,225.4,0.24,23.82,0.4,True,False
2026-09-23 07:52:15,CAT-745-ART-002,856,7.83,30.22,641.0,78.9,90.2,245.7,0.18,21.46,0.17,True,False
2026-09-23 07:52:15,CAT-D6-DOZ-008,871,6.67,30.22,897.2,80.2,88.9,212.0,0.57,23.43,0.0,True,False
2026-09-23 07:52:15,CAT-980-WLD-005,892,7.83,30.22,919.7,77.6,87.9,199.9,0.41,24.71,0.4,True,False
2026-09-23 07:52:20,CAT-320-EXC-014,1761,33.33,30.17,3903.2,79.5,91.5,364.9,1.7,23.14,6.09,True,False
2026-09-23 07:52:20,CAT-745-ART-002,1751,31.74,30.17,4242.4,82.0,90.6,397.7,2.5,25.57,6.2,True,False
2026-09-23 07:52:20,CAT-D6-DOZ-008,1754,33.17,30.17,4488.1,79.5,88.9,411.7,1.73,24.15,5.84,True,False
2026-09-23 07:52:20,CAT-980-WLD-005,1772,31.75,30.17,4435.5,78.6,89.0,384.9,1.63,24.54,5.73,True,False
2026-09-23 07:52:25,CAT-320-EXC-014,1749,33.19,30.13,4229.8,76.5,88.9,361.4,2.1,23.61,6.95,True,False
2026-09-23 07:52:25,CAT-745-ART-002,1734,30.89,30.13,4199.5,78.4,89.8,407.5,1.83,26.35,6.56,True,False
2026-09-23 07:52:25,CAT-D6-DOZ-008,1755,31.19,30.13,4380.9,80.0,91.3,378.7,2.32,24.61,6.97,True,False
2026-09-23 07:52:25,CAT-980-WLD-005,1729,33.93,30.13,4188.8,78.4,89.5,378.3,1.85,25.65,6.98,True,False
2026-09-23 07:52:30,CAT-320-EXC-014,1784,31.21,30.08,4399.1,78.4,88.7,407.0,2.15,24.85,7.95,True,False
2026-09-23 07:52:30,CAT-745-ART-002,1748,32.81,30.08,4184.7,78.1,90.2,350.2,1.62,23.91,8.07,True,False
2026-09-23 07:52:30,CAT-D6-DOZ-008,1756,32.4,30.08,4206.0,77.6,90.4,399.8,1.74,24.86,7.74,True,False
2026-09-23 07:52:30,CAT-980-WLD-005,1746,30.55,30.08,4128.9,78.6,89.1,413.7,2.02,24.39,7.93,True,False
2026-09-23 07:52:35,CAT-320-EXC-014,1750,31.07,30.04,4335.2,80.0,90.0,409.9,2.48,26.48,8.91,True,False
2026-09-23 07:52:35,CAT-745-ART-002,1808,33.01,30.04,4629.5,78.4,89.2,376.9,2.03,21.91,8.89,True,False
2026-09-23 07:52:35,CAT-D6-DOZ-008,1761,32.76,30.04,4414.3,80.6,90.1,364.6,2.0,24.14,8.84,True,False
2026-09-23 07:52:35,CAT-980-WLD-005,1776,31.94,30.04,4142.5,79.5,90.7,370.5,1.99,25.35,8.99,True,False
2026-09-23 07:52:40,CAT-320-EXC-014,1744,32.6,29.99,4317.1,79.3,91.4,396.0,1.64,25.15,9.23,True,False
2026-09-23 07:52:40,CAT-745-ART-002,1769,30.36,29.99,4141.1,78.5,89.9,380.2,1.64,25.13,9.5,True,False
2026-09-23 07:52:40,CAT-D6-DOZ-008,1765,33.32,29.99,4085.3,78.8,89.9,372.4,1.94,24.18,9.35,True,False
2026-09-23 07:52:40,CAT-980-WLD-005,1748,33.54,29.99,4136.5,79.5,89.8,385.2,1.96,24.95,8.77,True,False
2026-09-23 07:52:45,CAT-320-EXC-014,1741,31.97,29.94,4350.2,79.2,90.7,378.0,2.05,24.28,9.33,True,False
2026-09-23 07:52:45,CAT-745-ART-002,1782,31.42,29.94,4178.6,79.8,91.5,397.5,1.91,26.47,8.99,True,False
2026-09-23 07:52:45,CAT-D6-DOZ-008,1719,31.01,29.94,4406.8,78.9,88.6,370.5,2.01,22.87,9.29,True,False
2026-09-23 07:52:45,CAT-980-WLD-005,1760,33.14,29.94,4308.4,79.0,89.2,384.4,1.68,25.91,9.28,True,False
2026-09-23 07:52:50,CAT-320-EXC-014,1761,31.27,29.9,4304.1,78.7,90.9,405.8,1.89,25.79,9.47,True,False
2026-09-23 07:52:50,CAT-745-ART-002,1785,31.81,29.9,4692.7,77.2,89.7,372.7,2.19,22.96,9.14,True,False
2026-09-23 07:52:50,CAT-D6-DOZ-008,1719,28.51,29.9,4483.3,78.6,90.3,358.5,2.08,25.16,9.22,True,False
2026-09-23 07:52:50,CAT-980-WLD-005,1796,32.72,29.9,4395.9,78.6,88.8,389.1,1.62,23.7,9.11,True,False
2026-09-23 07:52:55,CAT-320-EXC-014,1758,32.82,29.85,4114.3,79.2,89.0,346.3,1.71,22.62,8.66,True,False
2026-09-23 07:52:55,CAT-745-ART-002,1777,32.39,29.85,3999.6,80.1,91.6,374.5,1.89,23.83,9.07,True,False
2026-09-23 07:52:55,CAT-D6-DOZ-008,1763,31.7,29.85,4158.3,79.4,89.2,379.0,1.71,25.29,8.82,True,False
2026-09-23 07:52:55,CAT-980-WLD-005,1750,31.9,29.85,4212.8,79.3,89.7,381.8,2.4,23.67,8.78,True,False
2026-09-23 07:53:00,CAT-320-EXC-014,1747,32.11,29.81,4235.5,80.9,89.2,372.6,1.76,24.48,7.94,True,False
2026-09-23 07:53:00,CAT-745-ART-002,1741,29.81,29.81,4221.9,75.5,89.8,366.1,1.89,24.26,8.07,True,False
2026-09-23 07:53:00,CAT-D6-DOZ-008,1787,30.57,29.81,4021.0,78.1,89.7,380.7,1.88,23.37,8.52,True,False
2026-09-23 07:53:00,CAT-980-WLD-005,1760,31.94,29.81,3929.2,80.9,90.2,376.1,1.74,25.03,8.58,True,False
2026-09-23 07:53:05,CAT-320-EXC-014,1747,32.37,29.76,4439.7,79.8,89.6,384.1,2.04,22.67,7.08,True,False
2026-09-23 07:53:05,CAT-745-ART-002,1798,32.38,29.76,4063.5,78.7,91.8,409.3,2.33,25.49,7.07,True,False
2026-09-23 07:53:05,CAT-D6-DOZ-008,1737,32.04,29.76,4302.5,78.9,87.5,358.4,1.82,23.79,7.04,True,False
2026-09-23 07:53:05,CAT-980-WLD-005,1773,29.74,29.76,4148.8,79.8,91.1,394.0,2.24,25.05,7.62,True,False
2026-09-23 07:53:10,CAT-320-EXC-014,1771,33.61,29.72,4416.9,77.6,88.3,381.2,2.06,23.76,6.74,True,False
2026-09-23 07:53:10,CAT-745-ART-002,1739,31.15,29.72,4599.4,78.5,88.8,383.5,1.61,24.42,6.16,True,False
2026-09-23 07:53:10,CAT-D6-DOZ-008,1799,32.91,29.72,4324.6,79.8,88.5,393.1,1.65,23.77,6.45,True,False
2026-09-23 07:53:10,CAT-980-WLD-005,1778,31.77,29.72,4230.7,79.3,89.9,373.9,2.03,21.88,6.46,True,False
2026-09-23 07:53:15,CAT-320-EXC-014,1735,30.55,29.67,4392.8,79.6,89.8,381.6,2.0,25.49,5.54,True,False
2026-09-23 07:53:15,CAT-745-ART-002,1760,33.58,29.67,4302.9,76.4,87.9,383.8,1.75,25.86,5.28,True,False
2026-09-23 07:53:15,CAT-D6-DOZ-008,1788,31.62,29.67,4111.9,76.6,87.5,361.6,2.34,23.71,5.43,True,False
2026-09-23 07:53:15,CAT-980-WLD-005,1757,33.03,29.67,4058.1,79.5,87.7,382.6,2.03,25.52,5.45,True,False
2026-09-23 07:53:20,CAT-320-EXC-014,1742,31.82,29.62,4051.2,79.5,90.2,360.8,1.84,23.4,8.78,True,False
2026-09-23 07:53:20,CAT-745-ART-002,1785,31.52,29.62,4202.6,79.4,89.8,383.1,1.8,24.7,8.58,True,False
2026-09-23 07:53:20,CAT-D6-DOZ-008,1767,30.96,29.62,4358.2,79.5,90.3,359.8,2.11,21.86,8.73,True,False
2026-09-23 07:53:20,CAT-980-WLD-005,1693,33.27,29.62,4559.9,78.5,91.1,393.5,2.29,26.52,9.41,True,False
2026-09-23 07:53:25,CAT-320-EXC-014,1789,32.66,29.58,4277.9,77.9,88.8,386.4,1.79,24.29,8.9,True,False
2026-09-23 07:53:25,CAT-745-ART-002,1756,33.43,29.58,4156.4,78.7,89.0,365.7,1.73,24.37,8.94,True,False
2026-09-23 07:53:25,CAT-D6-DOZ-008,1729,30.75,29.58,4232.7,79.3,90.1,343.9,2.07,24.71,9.24,True,False
2026-09-23 07:53:25,CAT-980-WLD-005,1693,30.69,29.58,4233.7,78.4,90.9,416.2,2.01,24.56,8.35,True,False
2026-09-23 07:53:30,CAT-320-EXC-014,1740,31.32,29.53,4221.4,77.7,90.2,360.0,1.83,25.21,9.02,True,False
2026-09-23 07:53:30,CAT-745-ART-002,1775,31.96,29.53,4291.1,78.6,90.6,369.9,2.05,22.67,9.34,True,False
2026-09-23 07:53:30,CAT-D6-DOZ-008,1759,30.19,29.53,4349.1,77.5,91.8,365.6,1.76,23.46,9.28,True,False
2026-09-23 07:53:30,CAT-980-WLD-005,1722,32.74,29.53,4270.0,80.4,90.2,338.9,2.02,22.68,9.52,True,False
2026-09-23 07:53:35,CAT-320-EXC-014,1742,34.08,29.49,4414.8,78.3,89.0,310.4,1.63,23.22,9.15,True,False
2026-09-23 07:53:35,CAT-745-ART-002,1763,30.97,29.49,4115.9,79.9,89.9,392.2,1.76,22.94,9.33,True,False
2026-09-23 07:53:35,CAT-D6-DOZ-008,1781,31.26,29.49,3951.7,79.9,88.0,356.3,2.97,21.65,8.47,True,False
2026-09-23 07:53:35,CAT-980-WLD-005,1806,32.5,29.49,4325.4,77.3,88.6,387.3,1.88,22.71,8.66,True,False
2026-09-23 07:53:40,CAT-320-EXC-014,1777,31.26,29.44,4070.1,79.4,91.1,361.1,2.0,24.35,8.87,True,False
2026-09-23 07:53:40,CAT-745-ART-002,1775,32.8,29.44,4192.4,79.8,87.7,371.7,1.87,22.68,8.77,True,False
2026-09-23 07:53:40,CAT-D6-DOZ-008,1772,31.28,29.44,4247.6,77.4,87.7,379.6,2.0,24.03,9.07,True,False
2026-09-23 07:53:40,CAT-980-WLD-005,1776,32.98,29.44,4223.5,78.9,90.0,387.0,1.81,25.64,8.6,True,False
2026-09-23 07:53:45,CAT-320-EXC-014,1767,33.18,29.39,4226.2,78.3,90.1,383.0,1.86,22.89,8.97,True,False
2026-09-23 07:53:45,CAT-745-ART-002,1742,32.78,29.39,4504.2,80.7,90.0,369.9,1.65,25.54,8.33,True,False
2026-09-23 07:53:45,CAT-D6-DOZ-008,1778,32.33,29.39,3891.2,80.1,89.2,411.1,1.73,24.34,9.33,True,False
2026-09-23 07:53:45,CAT-980-WLD-005,1713,30.75,29.39,4115.8,79.5,91.0,383.6,2.04,23.71,8.92,True,False
2026-09-23 07:53:50,CAT-320-EXC-014,1791,29.87,29.35,4418.0,78.6,89.5,403.4,1.66,25.98,8.69,True,False
2026-09-23 07:53:50,CAT-745-ART-002,1767,31.41,29.35,4381.7,78.3,90.0,368.4,2.06,25.21,9.25,True,False
2026-09-23 07:53:50,CAT-D6-DOZ-008,1765,33.35,29.35,4023.1,80.2,89.6,354.9,2.19,24.52,8.26,True,False
2026-09-23 07:53:50,CAT-980-WLD-005,1770,32.6,29.35,4529.8,81.0,89.2,428.0,1.93,24.06,8.77,True,False
2026-09-23 07:53:55,CAT-320-EXC-014,1741,31.71,29.3,4399.8,78.8,91.0,411.0,1.86,22.89,9.19,True,False
2026-09-23 07:53:55,CAT-745-ART-002,1757,32.92,29.3,4284.6,78.4,89.1,358.2,1.78,25.24,8.56,True,False
2026-09-23 07:53:55,CAT-D6-DOZ-008,1750,32.47,29.3,4343.5,79.5,88.0,418.6,1.78,22.69,8.9,True,False
2026-09-23 07:53:55,CAT-980-WLD-005,1739,33.27,29.3,4357.1,79.6,89.0,384.3,1.83,22.19,9.4,True,False
2026-09-23 07:54:00,CAT-320-EXC-014,1740,31.86,13.0,4070.2,78.3,89.2,400.8,1.93,23.61,8.77,True,False
2026-09-23 07:54:00,CAT-745-ART-002,1765,31.96,13.0,4127.3,79.0,91.1,358.5,2.1,25.83,8.83,True,False
2026-09-23 07:54:00,CAT-D6-DOZ-008,1749,30.67,13.0,4072.4,79.8,89.8,370.2,1.84,22.61,8.87,True,False
2026-09-23 07:54:00,CAT-980-WLD-005,1792,29.31,13.0,4186.5,80.5,89.4,394.3,2.07,25.16,8.89,True,False
2026-09-23 07:54:05,CAT-320-EXC-014,1766,30.39,12.9,4148.5,76.0,89.6,368.1,1.9,25.02,9.47,True,False
2026-09-23 07:54:05,CAT-745-ART-002,1801,29.81,12.9,4420.2,79.1,88.6,361.1,2.56,23.38,8.85,True,False
2026-09-23 07:54:05,CAT-D6-DOZ-008,1772,31.38,12.9,3871.8,76.3,89.4,363.3,1.75,24.2,9.59,True,False
2026-09-23 07:54:05,CAT-980-WLD-005,1792,32.9,12.9,3858.3,80.1,88.4,367.2,1.69,23.37,9.19,True,False
2026-09-23 07:54:10,CAT-320-EXC-014,865,7.34,12.8,659.6,80.8,88.9,208.5,0.35,22.62,0.0,True,False
2026-09-23 07:54:10,CAT-745-ART-002,829,6.05,12.8,517.7,78.2,87.7,217.6,0.56,23.79,0.08,True,False
2026-09-23 07:54:10,CAT-D6-DOZ-008,856,5.37,12.8,695.5,79.8,89.2,235.0,0.13,22.13,0.0,True,False
2026-09-23 07:54:10,CAT-980-WLD-005,862,5.74,12.8,738.4,79.4,88.6,192.3,0.17,24.3,0.0,True,False
2026-09-23 07:54:15,CAT-320-EXC-014,885,6.73,12.7,772.2,80.5,90.8,197.7,0.24,23.67,0.02,True,False
2026-09-23 07:54:15,CAT-745-ART-002,875,5.32,12.7,564.3,78.8,90.6,198.5,0.86,25.78,0.05,True,False
2026-09-23 07:54:15,CAT-D6-DOZ-008,892,5.39,12.7,1087.3,80.1,88.8,186.3,0.31,24.17,0.08,True,False
2026-09-23 07:54:15,CAT-980-WLD-005,872,9.23,12.7,646.0,77.9,88.1,230.5,0.55,22.32,0.0,True,False
2026-09-23 07:54:20,CAT-320-EXC-014,902,4.79,12.61,959.3,77.2,90.3,221.1,0.01,24.54,0.0,True,False
2026-09-23 07:54:20,CAT-745-ART-002,894,6.03,12.61,599.5,77.5,89.8,241.2,0.28,22.23,0.03,True,False
2026-09-23 07:54:20,CAT-D6-DOZ-008,909,6.66,12.61,622.3,80.7,88.7,224.1,0.19,23.57,0.07,True,False
2026-09-23 07:54:20,CAT-980-WLD-005,833,6.69,12.61,711.3,79.7,90.2,227.7,0.25,24.35,0.14,True,False
2026-09-23 07:54:25,CAT-320-EXC-014,851,6.82,12.51,645.2,79.0,89.9,229.3,0.22,23.38,0.0,True,False
2026-09-23 07:54:25,CAT-745-ART-002,894,5.43,12.51,674.1,77.7,90.2,235.6,0.12,22.62,0.0,True,False
2026-09-23 07:54:25,CAT-D6-DOZ-008,809,6.72,12.51,582.2,78.1,92.4,231.6,0.46,26.44,0.0,True,False
2026-09-23 07:54:25,CAT-980-WLD-005,861,5.53,12.51,570.8,79.1,90.8,211.4,0.62,22.87,0.0,True,False
2026-09-23 07:54:30,CAT-320-EXC-014,831,7.22,12.41,873.0,79.6,89.9,251.6,0.08,24.09,0.18,True,False
2026-09-23 07:54:30,CAT-745-ART-002,861,6.54,12.41,410.6,79.3,89.4,205.6,0.45,25.39,0.2,True,False
2026-09-23 07:54:30,CAT-D6-DOZ-008,894,5.01,12.41,580.7,79.4,88.8,180.6,0.72,23.6,0.0,True,False
2026-09-23 07:54:30,CAT-980-WLD-005,880,7.05,12.41,502.9,77.9,88.5,217.8,0.06,22.6,0.27,True,False
2026-09-23 07:54:35,CAT-320-EXC-014,1244,8.92,12.31,591.2,80.2,90.5,375.3,7.8,24.4,0.13,True,False
2026-09-23 07:54:35,CAT-745-ART-002,1228,7.92,12.31,776.0,79.5,87.8,373.5,7.61,23.33,0.0,True,False
2026-09-23 07:54:35,CAT-D6-DOZ-008,1284,6.85,12.31,382.0,78.0,88.2,389.8,8.05,23.91,0.33,True,False
2026-09-23 07:54:35,CAT-980-WLD-005,1281,6.96,12.31,835.5,80.0,89.9,381.7,7.95,22.53,0.0,True,False
2026-09-23 07:54:40,CAT-320-EXC-014,1262,5.43,12.21,522.8,79.1,89.5,378.7,7.57,26.74,0.19,True,False
2026-09-23 07:54:40,CAT-745-ART-002,1234,6.89,12.21,856.9,79.0,91.0,388.8,7.63,25.83,0.21,True,False
2026-09-23 07:54:40,CAT-D6-DOZ-008,1240,7.2,12.21,803.3,79.1,90.4,372.8,7.81,25.3,0.33,True,False
2026-09-23 07:54:40,CAT-980-WLD-005,1276,6.01,12.21,769.0,79.1,89.0,418.4,8.53,24.32,0.0,True,False
2026-09-23 07:54:45,CAT-320-EXC-014,1241,6.87,12.11,761.3,78.2,89.5,396.0,7.56,24.68,0.09,True,False
2026-09-23 07:54:45,CAT-745-ART-002,1218,6.25,12.11,558.4,77.8,89.3,363.7,7.57,25.35,0.0,True,False
2026-09-23 07:54:45,CAT-D6-DOZ-008,1251,6.32,12.11,753.0,78.3,88.9,394.9,8.03,24.85,0.28,True,False
2026-09-23 07:54:45,CAT-980-WLD-005,1219,7.43,12.11,539.1,79.0,91.2,373.2,8.08,25.07,0.0,True,False
2026-09-23 07:54:50,CAT-320-EXC-014,885,5.08,12.01,693.5,81.4,89.5,221.3,0.32,24.11,0.0,True,False
2026-09-23 07:54:50,CAT-745-ART-002,911,7.67,12.01,822.5,79.2,91.0,242.4,0.02,24.02,0.2,True,False
2026-09-23 07:54:50,CAT-D6-DOZ-008,918,5.16,12.01,665.4,79.9,89.5,240.1,0.49,23.46,0.0,True,False
2026-09-23 07:54:50,CAT-980-WLD-005,856,7.33,12.01,802.7,79.4,90.5,202.1,0.07,23.55,0.09,True,False
2026-09-23 07:54:55,CAT-320-EXC-014,891,4.55,11.92,366.3,78.4,90.6,227.3,0.04,23.55,0.0,True,False
2026-09-23 07:54:55,CAT-745-ART-002,866,5.08,11.92,591.5,78.5,89.1,203.3,0.8,21.73,0.0,True,False
2026-09-23 07:54:55,CAT-D6-DOZ-008,884,7.36,11.92,665.5,81.3,90.3,210.0,0.21,23.44,0.0,True,False
2026-09-23 07:54:55,CAT-980-WLD-005,909,6.64,11.92,848.2,78.5,91.3,230.2,0.24,22.96,0.0,True,False
2026-09-23 07:55:00,CAT-320-EXC-014,882,5.94,11.82,406.0,79.1,89.3,204.5,0.74,22.1,0.0,True,False
2026-09-23 07:55:00,CAT-745-ART-002,888,6.83,11.82,526.0,80.3,89.9,219.3,0.21,22.32,0.28,True,False
2026-09-23 07:55:00,CAT-D6-DOZ-008,867,5.92,11.82,842.8,77.4,90.3,205.9,0.34,24.61,0.0,True,False
2026-09-23 07:55:00,CAT-980-WLD-005,884,6.14,11.82,657.3,79.5,90.9,199.4,0.18,25.99,0.04,True,False
2026-09-23 07:55:05,CAT-320-EXC-014,1759,31.14,11.72,4118.5,80.1,87.6,373.0,1.87,23.95,5.62,True,False
2026-09-23 07:55:05,CAT-745-ART-002,1743,31.26,11.72,4233.1,80.1,87.6,393.9,1.9,21.58,5.22,True,False
2026-09-23 07:55:05,CAT-D6-DOZ-008,1790,31.78,11.72,4126.7,80.5,88.2,381.7,1.78,24.36,5.08,True,False
2026-09-23 07:55:05,CAT-980-WLD-005,1740,32.0,11.72,4251.6,77.5,89.4,391.1,1.71,23.59,5.41,True,False
2026-09-23 07:55:10,CAT-320-EXC-014,1738,30.65,11.62,4196.9,78.8,88.8,376.6,2.29,23.42,6.65,True,False
2026-09-23 07:55:10,CAT-745-ART-002,1753,32.13,11.62,4130.2,77.2,88.9,370.8,2.26,24.22,6.14,True,False
2026-09-23 07:55:10,CAT-D6-DOZ-008,1788,33.44,11.62,4013.1,78.9,90.0,363.4,1.78,21.73,6.42,True,False
2026-09-23 07:55:10,CAT-980-WLD-005,1763,32.43,11.62,4084.5,78.7,90.1,387.9,3.2,23.82,6.05,True,False
2026-09-23 07:55:15,CAT-320-EXC-014,1715,30.88,11.52,3864.7,78.4,90.0,383.7,1.7,23.84,7.21,True,False
2026-09-23 07:55:15,CAT-745-ART-002,1724,31.93,11.52,4361.1,78.1,89.9,360.9,2.17,24.19,7.34,True,False
2026-09-23 07:55:15,CAT-D6-DOZ-008,1755,31.78,11.52,4063.8,80.2,89.1,384.5,1.77,23.46,7.44,True,False
2026-09-23 07:55:15,CAT-980-WLD-005,1725,31.28,11.52,4509.6,78.3,90.4,386.7,1.84,22.37,7.58,True,False
2026-09-23 07:55:20,CAT-320-EXC-014,1731,32.47,11.42,4261.5,78.7,89.9,386.3,1.92,24.88,8.62,True,False
2026-09-23 07:55:20,CAT-745-ART-002,1756,32.74,11.42,3981.8,78.6,90.0,386.6,2.23,25.28,8.06,True,False
2026-09-23 07:55:20,CAT-D6-DOZ-008,1755,31.07,11.42,4543.9,79.3,89.4,400.9,1.76,24.8,7.84,True,False
2026-09-23 07:55:20,CAT-980-WLD-005,1754,33.46,11.42,4155.3,79.7,89.0,376.0,1.68,24.84,8.26,True,False
2026-09-23 07:55:25,CAT-320-EXC-014,1735,31.43,11.32,4396.4,79.6,92.1,424.6,1.64,24.98,8.81,True,False
2026-09-23 07:55:25,CAT-745-ART-002,1769,31.99,11.32,4197.2,79.2,89.7,397.6,1.73,22.29,8.7,True,False
2026-09-23 07:55:25,CAT-D6-DOZ-008,1785,31.44,11.32,4217.0,80.2,91.1,386.0,1.91,24.91,9.02,True,False
2026-09-23 07:55:25,CAT-980-WLD-005,1784,33.81,11.32,4100.6,80.7,88.6,362.8,1.98,22.9,9.16,True,False
2026-09-23 07:55:30,CAT-320-EXC-014,1756,31.33,11.23,4561.2,79.9,89.6,372.3,1.72,23.41,9.53,True,False
2026-09-23 07:55:30,CAT-745-ART-002,1763,31.11,11.23,4472.5,77.9,90.0,387.5,2.08,24.51,9.21,True,False
2026-09-23 07:55:30,CAT-D6-DOZ-008,1760,32.05,11.23,4347.4,79.3,89.4,424.5,2.01,22.32,9.02,True,False
2026-09-23 07:55:30,CAT-980-WLD-005,1758,31.63,11.23,4256.5,80.0,88.0,385.8,1.72,23.38,9.09,True,False
2026-09-23 07:55:35,CAT-320-EXC-014,1763,33.61,11.13,4200.4,79.2,90.2,354.5,1.74,24.14,9.52,True,False
2026-09-23 07:55:35,CAT-745-ART-002,1766,30.88,11.13,4200.6,79.5,88.8,353.4,2.55,24.3,9.29,True,False
2026-09-23 07:55:35,CAT-D6-DOZ-008,1787,32.21,11.13,4073.0,79.3,88.5,382.8,1.87,22.2,9.25,True,False
2026-09-23 07:55:35,CAT-980-WLD-005,1756,31.89,11.13,4590.3,81.4,89.6,372.9,1.61,21.84,9.57,True,False
2026-09-23 07:55:40,CAT-320-EXC-014,1795,30.54,11.03,4197.1,78.1,88.7,393.1,2.43,26.23,9.28,True,False
2026-09-23 07:55:40,CAT-745-ART-002,1749,31.15,11.03,4290.0,77.7,89.6,399.1,1.95,26.45,8.95,True,False
2026-09-23 07:55:40,CAT-D6-DOZ-008,1755,31.82,11.03,4040.7,79.7,90.8,389.2,2.12,25.4,9.31,True,False
2026-09-23 07:55:40,CAT-980-WLD-005,1724,33.06,11.03,4152.0,78.9,91.2,358.8,2.22,23.82,9.54,True,False
2026-09-23 07:55:45,CAT-320-EXC-014,1736,30.71,10.93,4534.5,78.6,88.9,392.0,1.78,22.78,9.02,True,False
2026-09-23 07:55:45,CAT-745-ART-002,1801,32.23,10.93,4332.4,80.4,88.9,343.8,2.34,24.16,8.93,True,False
2026-09-23 07:55:45,CAT-D6-DOZ-008,1786,32.52,10.93,4447.5,78.9,90.0,346.0,1.98,25.37,8.39,True,False
2026-09-23 07:55:45,CAT-980-WLD-005,1755,31.91,10.93,4446.8,79.9,90.2,380.6,1.71,24.57,9.02,True,False
2026-09-23 07:55:50,CAT-320-EXC-014,1791,32.45,10.83,4093.2,79.5,90.5,363.7,1.88,22.78,8.21,True,False
2026-09-23 07:55:50,CAT-745-ART-002,1758,34.17,10.83,4038.1,77.9,90.6,363.6,2.34,24.1,7.92,True,False
2026-09-23 07:55:50,CAT-D6-DOZ-008,1759,33.0,10.83,4340.0,81.0,90.4,367.4,1.61,23.24,7.88,True,False
2026-09-23 07:55:50,CAT-980-WLD-005,1729,31.7,10.83,4270.6,81.2,88.6,368.1,2.02,24.94,7.91,True,False
2026-09-23 07:55:55,CAT-320-EXC-014,1767,31.77,10.73,4261.6,82.2,89.8,371.6,1.89,24.44,7.29,True,False
2026-09-23 07:55:55,CAT-745-ART-002,1758,31.08,10.73,3832.5,78.3,88.2,394.9,2.09,22.57,7.15,True,False
2026-09-23 07:55:55,CAT-D6-DOZ-008,1766,33.58,10.73,4392.0,78.7,90.6,401.0,1.65,23.46,7.3,True,False
2026-09-23 07:55:55,CAT-980-WLD-005,1741,33.18,10.73,4149.8,79.6,89.2,390.3,2.2,23.65,7.18,True,False
2026-09-23 07:56:00,CAT-320-EXC-014,1741,31.36,10.63,4054.9,79.8,89.3,359.3,2.03,23.11,6.01,True,False
2026-09-23 07:56:00,CAT-745-ART-002,1774,31.27,10.63,4432.8,78.9,88.9,391.4,1.64,24.83,5.72,True,False
2026-09-23 07:56:00,CAT-D6-DOZ-008,1777,31.06,10.63,4281.9,78.5,89.7,362.4,2.17,24.58,5.59,True,False
2026-09-23 07:56:00,CAT-980-WLD-005,1812,32.42,10.63,4174.5,81.2,90.7,396.7,2.24,25.25,6.38,True,False
2026-09-23 07:56:05,CAT-320-EXC-014,1735,32.34,10.54,4265.8,78.7,90.7,377.4,1.7,25.08,8.99,True,False
2026-09-23 07:56:05,CAT-745-ART-002,1799,31.98,10.54,4588.5,80.6,89.3,417.3,2.28,23.16,9.47,True,False
2026-09-23 07:56:05,CAT-D6-DOZ-008,1760,30.18,10.54,4323.6,77.6,90.0,373.1,2.35,24.22,8.82,True,False
2026-09-23 07:56:05,CAT-980-WLD-005,1718,31.06,10.54,4331.7,78.7,89.2,385.7,2.27,24.59,9.16,True,False
2026-09-23 07:56:10,CAT-320-EXC-014,1772,31.31,10.44,4388.0,81.3,90.4,414.8,1.75,24.99,9.17,True,False
2026-09-23 07:56:10,CAT-745-ART-002,1763,33.03,10.44,3866.2,80.1,89.3,382.8,2.02,24.34,9.34,True,False
2026-09-23 07:56:10,CAT-D6-DOZ-008,1768,30.75,10.44,4249.6,80.4,89.5,371.6,2.22,24.82,8.53,True,False
2026-09-23 07:56:10,CAT-980-WLD-005,1748,32.1,10.44,4198.2,78.7,91.1,400.0,1.75,26.44,9.58,True,False
2026-09-23 07:56:15,CAT-320-EXC-014,1750,31.56,10.34,4327.4,79.4,90.5,363.3,2.03,23.47,8.61,True,False
2026-09-23 07:56:15,CAT-745-ART-002,1727,31.31,10.34,4048.3,78.9,89.0,354.8,2.04,24.47,8.85,True,False
2026-09-23 07:56:15,CAT-D6-DOZ-008,1769,31.44,10.34,4355.7,79.2,89.0,362.8,1.61,23.96,8.35,True,False
2026-09-23 07:56:15,CAT-980-WLD-005,1788,33.04,10.34,4417.9,80.4,89.7,416.4,1.92,24.01,9.06,True,False
2026-09-23 07:56:20,CAT-320-EXC-014,1731,31.9,10.24,4182.9,81.0,90.2,397.8,1.81,22.9,8.77,True,False
2026-09-23 07:56:20,CAT-745-ART-002,1778,32.84,10.24,4299.1,78.6,87.3,362.5,1.61,25.19,9.25,True,False
2026-09-23 07:56:20,CAT-D6-DOZ-008,1738,31.31,10.24,4001.7,78.9,90.8,375.3,1.73,23.27,9.0,True,False
2026-09-23 07:56:20,CAT-980-WLD-005,1737,31.99,10.24,4520.4,79.1,90.4,416.0,1.83,20.65,9.06,True,False
2026-09-23 07:56:25,CAT-320-EXC-014,1774,33.37,10.14,4188.0,79.6,89.7,392.0,1.86,23.04,9.05,True,False
2026-09-23 07:56:25,CAT-745-ART-002,1743,33.91,10.14,4195.8,81.4,88.5,367.7,1.9,22.91,8.49,True,False
2026-09-23 07:56:25,CAT-D6-DOZ-008,1761,30.32,10.14,4381.7,78.5,89.8,387.9,1.92,24.63,8.29,True,False
2026-09-23 07:56:25,CAT-980-WLD-005,1786,32.25,10.14,4295.0,76.8,89.5,374.3,1.89,22.21,9.22,True,False
2026-09-23 07:56:30,CAT-320-EXC-014,1740,31.46,10.04,3955.5,79.9,92.2,363.4,2.17,22.34,9.45,True,False
2026-09-23 07:56:30,CAT-745-ART-002,1753,31.74,10.04,4393.0,80.5,88.0,387.7,2.15,23.31,8.8,True,False
2026-09-23 07:56:30,CAT-D6-DOZ-008,1758,32.31,10.04,4264.5,78.9,88.9,389.0,2.15,24.73,9.07,True,False
2026-09-23 07:56:30,CAT-980-WLD-005,1743,31.75,10.04,4195.7,77.9,90.3,376.3,1.74,23.61,9.26,True,False
2026-09-23 07:56:35,CAT-320-EXC-014,1750,33.74,9.94,4096.3,82.5,89.8,360.2,1.91,25.89,9.03,True,False
2026-09-23 07:56:35,CAT-745-ART-002,1733,31.12,9.94,3999.5,80.1,90.0,379.3,1.88,23.97,9.58,True,False
2026-09-23 07:56:35,CAT-D6-DOZ-008,1774,30.92,9.94,4493.4,78.2,88.4,386.7,2.02,23.97,9.55,True,False
2026-09-23 07:56:35,CAT-980-WLD-005,1774,30.21,9.94,4202.5,77.8,88.5,366.2,1.79,23.68,8.91,True,False
2026-09-23 07:56:40,CAT-320-EXC-014,1741,32.42,9.85,4237.6,79.0,89.5,398.1,1.72,25.47,8.58,True,False
2026-09-23 07:56:40,CAT-745-ART-002,1762,32.06,9.85,4221.5,80.6,88.8,370.9,2.24,25.34,9.04,True,False
2026-09-23 07:56:40,CAT-D6-DOZ-008,1750,32.08,9.85,4292.2,78.5,91.0,365.4,1.72,24.03,9.04,True,False
2026-09-23 07:56:40,CAT-980-WLD-005,1736,33.97,9.85,4337.2,80.3,90.2,373.0,1.68,24.44,8.72,True,False
2026-09-23 07:56:45,CAT-320-EXC-014,1732,31.64,9.75,4230.2,80.8,90.4,392.8,2.26,25.1,8.36,True,False
2026-09-23 07:56:45,CAT-745-ART-002,1770,32.4,9.75,4190.9,78.5,90.6,367.4,1.69,25.05,8.84,True,False
2026-09-23 07:56:45,CAT-D6-DOZ-008,1783,33.11,9.75,4692.6,80.1,89.6,372.2,2.06,24.45,8.86,True,False
2026-09-23 07:56:45,CAT-980-WLD-005,1753,31.6,9.75,4089.7,78.2,89.6,384.5,1.63,24.09,9.07,True,False
2026-09-23 07:56:50,CAT-320-EXC-014,1774,30.05,9.65,4606.0,80.1,89.4,363.8,1.78,23.82,8.74,True,False
2026-09-23 07:56:50,CAT-745-ART-002,1768,30.85,9.65,4147.6,81.2,91.1,382.5,1.78,25.06,8.53,True,False
2026-09-23 07:56:50,CAT-D6-DOZ-008,1781,32.54,9.65,4594.3,80.5,87.3,376.7,1.72,22.86,8.99,True,False
2026-09-23 07:56:50,CAT-980-WLD-005,1735,31.85,9.65,4365.1,80.7,89.4,413.3,2.5,23.02,9.55,True,False
2026-09-23 07:56:55,CAT-320-EXC-014,948,6.47,9.55,603.2,79.1,91.3,184.5,0.23,23.97,0.0,True,False
2026-09-23 07:56:55,CAT-745-ART-002,869,5.52,9.55,774.1,79.1,88.1,214.1,0.54,25.27,0.0,True,False
2026-09-23 07:56:55,CAT-D6-DOZ-008,879,6.06,9.55,605.5,77.5,90.3,245.9,0.46,22.67,0.3,True,False
2026-09-23 07:56:55,CAT-980-WLD-005,906,7.65,9.55,417.3,79.9,88.8,205.7,0.15,23.36,0.0,True,False
2026-09-23 07:57:00,CAT-320-EXC-014,875,6.27,9.45,613.7,79.5,89.3,212.3,0.37,24.21,0.02,True,False
2026-09-23 07:57:00,CAT-745-ART-002,900,6.7,9.45,708.2,80.5,89.1,217.5,0.27,26.67,0.07,True,False
2026-09-23 07:57:00,CAT-D6-DOZ-008,904,5.7,9.45,676.7,81.3,89.3,221.0,0.11,24.84,0.16,True,False
2026-09-23 07:57:00,CAT-980-WLD-005,866,8.19,9.45,682.6,79.4,89.3,206.6,0.1,22.82,0.26,True,False
2026-09-23 07:57:05,CAT-320-EXC-014,883,7.33,9.35,700.8,80.4,90.9,233.1,0.03,24.76,0.13,True,False
2026-09-23 07:57:05,CAT-745-ART-002,907,5.93,9.35,549.9,78.5,89.1,203.6,0.89,25.21,0.01,True,False
2026-09-23 07:57:05,CAT-D6-DOZ-008,899,6.75,9.35,910.5,81.4,90.7,223.1,0.13,24.2,0.03,True,False
2026-09-23 07:57:05,CAT-980-WLD-005,885,5.45,9.35,614.5,78.9,89.7,224.6,0.32,22.14,0.4,True,False
2026-09-23 07:57:10,CAT-320-EXC-014,884,7.03,9.25,544.4,79.1,90.2,211.3,0.25,23.91,0.25,True,False
2026-09-23 07:57:10,CAT-745-ART-002,847,6.26,9.25,682.1,78.1,90.3,244.1,0.05,23.73,0.0,True,False
2026-09-23 07:57:10,CAT-D6-DOZ-008,860,7.5,9.25,438.2,80.0,89.6,201.2,0.01,22.74,0.17,True,False
2026-09-23 07:57:10,CAT-980-WLD-005,856,6.18,9.25,533.5,81.5,89.8,189.2,0.22,23.1,0.0,True,False
2026-09-23 07:57:15,CAT-320-EXC-014,925,6.08,9.15,409.5,78.5,88.6,226.0,0.56,25.87,0.0,True,False
2026-09-23 07:57:15,CAT-745-ART-002,853,7.03,9.15,825.5,78.5,91.1,233.0,1.05,25.04,0.33,True,False
2026-09-23 07:57:15,CAT-D6-DOZ-008,830,4.33,9.15,726.0,82.8,90.4,213.1,0.67,23.88,0.14,True,False
2026-09-23 07:57:15,CAT-980-WLD-005,879,7.14,9.15,700.9,80.5,91.3,243.6,0.36,22.11,0.05,True,False
2026-09-23 07:57:20,CAT-320-EXC-014,1228,5.6,9.06,501.0,79.1,91.6,391.6,7.91,24.93,0.0,True,False
2026-09-23 07:57:20,CAT-745-ART-002,1266,6.02,9.06,562.4,79.7,90.5,379.3,7.68,22.87,0.4,True,False
2026-09-23 07:57:20,CAT-D6-DOZ-008,1289,7.56,9.06,406.0,80.4,90.3,399.4,7.6,24.72,0.0,True,False
2026-09-23 07:57:20,CAT-980-WLD-005,1275,4.46,9.06,558.6,79.3,89.8,382.2,7.88,22.76,0.0,True,False
2026-09-23 07:57:25,CAT-320-EXC-014,1249,6.51,8.96,559.1,77.4,89.3,388.9,7.67,24.44,0.0,True,False
2026-09-23 07:57:25,CAT-745-ART-002,1252,5.13,8.96,200.0,79.2,90.3,398.5,7.75,25.2,0.33,True,False
2026-09-23 07:57:25,CAT-D6-DOZ-008,1249,5.46,8.96,346.1,80.2,90.9,404.7,7.73,25.31,0.0,True,False
2026-09-23 07:57:25,CAT-980-WLD-005,1215,6.97,8.96,542.8,81.7,89.4,389.0,7.81,23.67,0.0,True,False
2026-09-23 07:57:30,CAT-320-EXC-014,1211,5.64,8.86,604.9,79.1,90.9,396.7,7.78,24.35,0.01,True,False
2026-09-23 07:57:30,CAT-745-ART-002,1223,6.78,8.86,625.1,80.5,92.3,410.3,7.67,24.07,0.0,True,False
2026-09-23 07:57:30,CAT-D6-DOZ-008,1236,7.11,8.86,542.2,78.4,91.3,390.3,8.07,24.9,0.06,True,False
2026-09-23 07:57:30,CAT-980-WLD-005,1270,7.01,8.86,778.7,79.4,89.8,358.8,7.93,22.55,0.0,True,False
2026-09-23 07:57:35,CAT-320-EXC-014,1246,5.03,8.76,540.9,80.4,89.6,362.8,7.66,24.45,0.0,True,False
2026-09-23 07:57:35,CAT-745-ART-002,1267,6.11,8.76,661.4,79.2,91.1,391.7,7.6,25.44,0.0,True,False
2026-09-23 07:57:35,CAT-D6-DOZ-008,1245,7.97,8.76,551.3,77.8,89.7,381.5,8.09,22.79,0.34,True,False
2026-09-23 07:57:35,CAT-980-WLD-005,1257,5.0,8.76,594.0,80.4,90.2,399.3,7.8,23.16,0.0,True,False
2026-09-23 07:57:40,CAT-320-EXC-014,880,5.45,8.66,395.0,80.8,88.8,233.2,0.36,23.68,0.0,True,False
2026-09-23 07:57:40,CAT-745-ART-002,869,6.47,8.66,783.6,80.8,91.7,231.9,0.8,25.65,0.4,True,False
2026-09-23 07:57:40,CAT-D6-DOZ-008,869,5.9,8.66,454.8,80.6,88.8,263.7,0.53,24.56,0.32,True,False
2026-09-23 07:57:40,CAT-980-WLD-005,863,5.62,8.66,346.9,78.8,91.3,204.3,0.2,25.11,0.0,True,False
2026-09-23 07:57:45,CAT-320-EXC-014,898,5.6,8.56,556.7,77.0,89.2,216.3,0.28,24.69,0.38,True,False
2026-09-23 07:57:45,CAT-745-ART-002,881,5.88,8.56,686.2,80.5,90.6,208.9,0.2,23.53,0.08,True,False
2026-09-23 07:57:45,CAT-D6-DOZ-008,890,7.14,8.56,617.6,78.1,88.4,197.6,0.04,22.21,0.16,True,False
2026-09-23 07:57:45,CAT-980-WLD-005,836,6.79,8.56,605.6,81.5,89.6,184.4,0.02,23.72,0.0,True,False
2026-09-23 07:57:50,CAT-320-EXC-014,869,6.48,8.46,658.1,80.0,90.5,226.4,0.01,22.21,0.0,True,False
2026-09-23 07:57:50,CAT-745-ART-002,867,6.51,8.46,612.2,78.5,90.1,243.5,0.25,25.19,0.0,True,False
2026-09-23 07:57:50,CAT-D6-DOZ-008,855,5.68,8.46,938.5,81.1,89.5,240.8,0.44,25.39,0.05,True,False
2026-09-23 07:57:50,CAT-980-WLD-005,881,7.7,8.46,292.9,80.0,88.3,238.0,0.33,25.25,0.0,True,False
2026-09-23 07:57:55,CAT-320-EXC-014,1747,31.57,8.37,4166.5,78.7,90.7,362.3,1.63,25.06,5.79,True,False
2026-09-23 07:57:55,CAT-745-ART-002,1774,33.39,8.37,4556.3,81.3,88.4,379.3,2.05,22.94,5.57,True,False
2026-09-23 07:57:55,CAT-D6-DOZ-008,1801,31.0,8.37,4366.2,77.7,88.0,386.0,1.9,23.22,5.27,True,False
2026-09-23 07:57:55,CAT-980-WLD-005,1754,32.21,8.37,4278.5,80.7,91.3,379.8,1.74,23.54,5.27,True,False
2026-09-23 07:58:00,CAT-320-EXC-014,1746,33.67,8.27,4567.6,80.5,90.9,341.0,1.77,21.53,6.74,True,False
2026-09-23 07:58:00,CAT-745-ART-002,1785,32.31,8.27,4502.6,80.0,90.2,384.2,2.02,24.15,6.77,True,False
2026-09-23 07:58:00,CAT-D6-DOZ-008,1769,32.36,8.27,4133.7,79.5,91.1,376.5,1.82,24.69,7.0,True,False
2026-09-23 07:58:00,CAT-980-WLD-005,1725,33.18,8.27,4271.8,80.6,91.3,362.3,1.96,23.02,7.16,True,False
2026-09-23 07:58:05,CAT-320-EXC-014,1778,30.09,8.17,4143.4,78.7,87.8,383.8,1.78,23.41,7.98,True,False
2026-09-23 07:58:05,CAT-745-ART-002,1746,32.02,8.17,4369.8,79.5,89.7,381.1,1.94,23.71,7.78,True,False
2026-09-23 07:58:05,CAT-D6-DOZ-008,1763,34.2,8.17,4370.3,80.5,88.9,389.2,1.84,24.91,7.92,True,False
2026-09-23 07:58:05,CAT-980-WLD-005,1715,33.32,8.17,4171.4,79.0,88.7,373.2,2.17,22.86,7.41,True,False
2026-09-23 07:58:10,CAT-320-EXC-014,1735,32.47,8.07,4098.1,80.1,90.0,372.1,1.92,24.68,8.83,True,False
2026-09-23 07:58:10,CAT-745-ART-002,1753,31.44,8.07,4695.2,79.8,90.6,373.1,1.73,25.76,8.16,True,False
2026-09-23 07:58:10,CAT-D6-DOZ-008,1734,33.33,8.07,4292.0,80.1,90.5,404.7,2.23,22.78,8.57,True,False
2026-09-23 07:58:10,CAT-980-WLD-005,1722,31.07,8.07,4148.7,80.0,90.1,403.1,2.29,22.96,8.93,True,False
2026-09-23 07:58:15,CAT-320-EXC-014,1772,31.45,7.97,4065.7,78.8,88.6,359.9,1.62,26.73,9.42,True,False
2026-09-23 07:58:15,CAT-745-ART-002,1768,31.73,7.97,4224.8,79.2,88.9,390.0,1.71,23.11,8.75,True,False
2026-09-23 07:58:15,CAT-D6-DOZ-008,1741,32.52,7.97,4028.5,80.4,88.9,403.9,1.65,26.71,9.49,True,False
2026-09-23 07:58:15,CAT-980-WLD-005,1764,32.97,7.97,3991.1,80.3,92.4,394.4,1.69,25.48,9.49,True,False
2026-09-23 07:58:20,CAT-320-EXC-014,1800,31.57,7.87,4422.3,78.5,90.5,376.7,1.73,26.22,9.4,True,False
2026-09-23 07:58:20,CAT-745-ART-002,1744,31.7,7.87,4521.4,79.8,89.3,377.6,2.29,24.77,9.71,True,False
2026-09-23 07:58:20,CAT-D6-DOZ-008,1810,32.69,7.87,4067.1,79.6,89.4,349.2,2.12,23.59,9.31,True,False
2026-09-23 07:58:20,CAT-980-WLD-005,1772,32.84,7.87,4367.7,80.5,88.9,385.1,1.63,25.06,9.52,True,False
2026-09-23 07:58:25,CAT-320-EXC-014,1792,31.48,7.77,4460.5,79.3,89.9,386.5,1.76,23.8,9.11,True,False
2026-09-23 07:58:25,CAT-745-ART-002,1742,31.11,7.77,3906.6,77.8,89.1,389.3,1.98,24.87,9.3,True,False
2026-09-23 07:58:25,CAT-D6-DOZ-008,1754,31.97,7.77,4281.0,81.5,88.6,355.7,1.7,24.45,9.49,True,False
2026-09-23 07:58:25,CAT-980-WLD-005,1754,32.97,7.77,4218.4,80.5,90.6,373.0,1.86,24.55,9.71,True,False
2026-09-23 07:58:30,CAT-320-EXC-014,1727,32.0,7.68,4400.1,79.3,92.1,387.2,1.75,24.1,8.79,True,False
2026-09-23 07:58:30,CAT-745-ART-002,1760,30.58,7.68,4730.6,81.0,90.2,386.5,1.9,25.14,9.38,True,False
2026-09-23 07:58:30,CAT-D6-DOZ-008,1795,31.47,7.68,4275.4,82.8,88.4,376.3,1.99,22.63,9.03,True,False
2026-09-23 07:58:30,CAT-980-WLD-005,1737,31.0,7.68,4515.6,78.9,90.0,380.6,1.79,24.16,8.9,True,False
2026-09-23 07:58:35,CAT-320-EXC-014,1723,31.36,7.58,4263.1,79.4,89.0,392.4,1.73,25.57,8.18,True,False
2026-09-23 07:58:35,CAT-745-ART-002,1771,34.21,7.58,4275.4,80.1,90.6,390.6,1.92,24.04,8.11,True,False
2026-09-23 07:58:35,CAT-D6-DOZ-008,1745,31.09,7.58,4180.4,81.5,90.1,404.2,2.19,21.92,8.57,True,False
2026-09-23 07:58:35,CAT-980-WLD-005,1773,32.27,7.58,4024.2,78.3,89.7,355.3,1.84,25.23,8.21,True,False
2026-09-23 07:58:40,CAT-320-EXC-014,1737,29.83,7.48,4253.4,81.8,89.2,355.6,2.13,22.96,7.63,True,False
2026-09-23 07:58:40,CAT-745-ART-002,1743,31.55,7.48,4121.8,79.9,91.2,385.6,1.97,23.05,7.47,True,False
2026-09-23 07:58:40,CAT-D6-DOZ-008,1771,31.91,7.48,4522.1,78.9,91.3,360.1,1.75,24.83,7.7,True,False
2026-09-23 07:58:40,CAT-980-WLD-005,1742,31.36,7.48,3985.5,79.1,90.1,384.2,1.76,26.33,7.75,True,False
2026-09-23 07:58:45,CAT-320-EXC-014,1787,31.42,7.38,4394.9,79.3,91.1,371.4,1.79,22.52,6.32,True,False
2026-09-23 07:58:45,CAT-745-ART-002,1714,30.67,7.38,4148.6,79.1,89.3,356.8,1.82,23.35,6.8,True,False
2026-09-23 07:58:45,CAT-D6-DOZ-008,1789,33.16,7.38,4220.5,78.7,90.0,396.9,1.73,24.37,6.65,True,False
2026-09-23 07:58:45,CAT-980-WLD-005,1776,30.92,7.38,4101.4,79.9,90.3,320.3,1.71,24.0,6.63,True,False
2026-09-23 07:58:50,CAT-320-EXC-014,1729,30.12,7.28,4130.4,78.7,89.3,364.5,1.89,25.77,5.13,True,False
2026-09-23 07:58:50,CAT-745-ART-002,1757,31.67,7.28,4229.0,78.6,88.5,405.5,1.6,21.48,5.9,True,False
2026-09-23 07:58:50,CAT-D6-DOZ-008,1787,29.8,7.28,4292.5,79.3,88.7,359.8,2.03,23.52,5.18,True,False
2026-09-23 07:58:50,CAT-980-WLD-005,1787,33.69,7.28,4268.5,81.3,89.5,380.7,2.0,22.77,5.57,True,False
2026-09-23 07:58:55,CAT-320-EXC-014,1789,32.28,7.18,4187.6,79.1,88.5,390.5,2.21,24.82,8.96,True,False
2026-09-23 07:58:55,CAT-745-ART-002,1760,32.34,7.18,4004.6,79.4,91.2,384.9,2.09,24.71,9.27,True,False
2026-09-23 07:58:55,CAT-D6-DOZ-008,1768,33.31,7.18,4124.5,79.6,89.2,385.9,2.54,22.98,8.29,True,False
2026-09-23 07:58:55,CAT-980-WLD-005,1749,30.68,7.18,4048.9,80.6,89.3,413.7,2.46,23.79,8.81,True,False
2026-09-23 07:59:00,CAT-320-EXC-014,1779,34.18,7.08,4219.4,79.2,91.0,388.7,1.74,20.97,8.63,True,False
2026-09-23 07:59:00,CAT-745-ART-002,1739,32.9,7.08,4552.1,78.7,89.4,386.5,1.68,24.12,9.72,True,False
2026-09-23 07:59:00,CAT-D6-DOZ-008,1792,30.89,7.08,4239.2,80.0,90.4,360.0,1.87,24.11,8.9,True,False
2026-09-23 07:59:00,CAT-980-WLD-005,1764,30.99,7.08,4037.4,80.5,88.9,398.8,2.15,21.47,9.14,True,False
2026-09-23 07:59:05,CAT-320-EXC-014,1750,32.5,6.99,4255.8,80.7,90.8,351.3,2.07,24.19,8.29,True,False
2026-09-23 07:59:05,CAT-745-ART-002,1760,30.08,6.99,4378.9,79.1,89.1,410.8,1.71,24.2,8.45,True,False
2026-09-23 07:59:05,CAT-D6-DOZ-008,1765,32.43,6.99,4375.1,80.8,90.4,390.8,1.64,25.2,9.07,True,False
2026-09-23 07:59:05,CAT-980-WLD-005,1785,33.09,6.99,4154.5,79.3,88.9,359.9,1.96,23.8,8.41,True,False
2026-09-23 07:59:10,CAT-320-EXC-014,1787,33.4,6.89,4652.1,80.4,91.5,396.5,2.06,22.64,9.74,True,False
2026-09-23 07:59:10,CAT-745-ART-002,1779,32.06,6.89,4426.8,79.7,92.2,382.6,1.96,24.67,8.85,True,False
2026-09-23 07:59:10,CAT-D6-DOZ-008,1802,31.71,6.89,4215.6,79.8,91.5,389.1,1.85,22.72,8.28,True,False
2026-09-23 07:59:10,CAT-980-WLD-005,1748,32.19,6.89,4253.7,81.4,89.3,342.4,1.8,24.91,8.17,True,False
2026-09-23 07:59:15,CAT-320-EXC-014,1810,31.07,6.79,3894.7,78.2,91.0,385.4,1.8,24.51,8.91,True,False
2026-09-23 07:59:15,CAT-745-ART-002,1765,31.96,6.79,4300.3,78.7,89.5,336.2,1.98,24.78,9.4,True,False
2026-09-23 07:59:15,CAT-D6-DOZ-008,1718,32.89,6.79,4383.1,78.2,91.9,383.9,1.93,22.59,8.19,True,False
2026-09-23 07:59:15,CAT-980-WLD-005,1771,31.47,6.79,4378.7,79.6,91.8,355.9,2.26,24.34,8.81,True,False
2026-09-23 07:59:20,CAT-320-EXC-014,1799,31.99,6.69,4073.2,81.4,90.1,375.1,1.62,23.0,9.35,True,False
2026-09-23 07:59:20,CAT-745-ART-002,1767,31.06,6.69,4043.6,80.6,88.3,364.3,1.76,23.33,9.47,True,False
2026-09-23 07:59:20,CAT-D6-DOZ-008,1760,32.54,6.69,4054.0,80.7,90.1,378.1,1.84,22.63,9.66,True,False
2026-09-23 07:59:20,CAT-980-WLD-005,1727,30.16,6.69,4453.7,79.5,89.2,370.2,1.81,24.1,9.01,True,False
2026-09-23 07:59:25,CAT-320-EXC-014,1758,31.93,6.59,4443.8,80.1,91.3,366.1,1.8,22.98,8.58,True,False
2026-09-23 07:59:25,CAT-745-ART-002,1760,32.47,6.59,3889.7,79.3,88.9,367.8,1.64,23.45,9.04,True,False
2026-09-23 07:59:25,CAT-D6-DOZ-008,1727,30.66,6.59,4061.0,79.6,90.5,381.2,1.8,24.03,8.99,True,False
2026-09-23 07:59:25,CAT-980-WLD-005,1788,32.62,6.59,4159.9,81.3,89.7,369.7,1.93,23.64,8.89,True,False
2026-09-23 07:59:30,CAT-320-EXC-014,1752,31.93,6.49,4236.7,79.6,89.3,393.8,1.95,23.65,9.64,True,False
2026-09-23 07:59:30,CAT-745-ART-002,1766,31.88,6.49,4255.2,80.1,89.0,367.8,2.0,21.78,8.47,True,False
2026-09-23 07:59:30,CAT-D6-DOZ-008,1772,30.41,6.49,3643.3,80.3,89.6,389.9,1.62,24.85,8.92,True,False
2026-09-23 07:59:30,CAT-980-WLD-005,1767,34.25,6.49,4395.6,79.8,89.8,348.0,1.64,22.04,8.43,True,False
2026-09-23 07:59:35,CAT-320-EXC-014,1766,32.79,6.39,4226.6,78.6,88.1,381.2,1.71,25.72,8.41,True,False
2026-09-23 07:59:35,CAT-745-ART-002,1748,31.33,6.39,4229.7,78.5,92.0,387.1,1.71,23.85,9.11,True,False
2026-09-23 07:59:35,CAT-D6-DOZ-008,1784,32.54,6.39,3567.5,78.8,89.6,403.6,2.0,24.36,9.01,True,False
2026-09-23 07:59:35,CAT-980-WLD-005,1753,30.98,6.39,4430.0,79.5,89.5,353.9,2.43,21.93,9.22,True,False
2026-09-23 07:59:40,CAT-320-EXC-014,1764,32.04,6.3,4369.6,81.3,89.6,352.4,2.56,23.99,8.83,True,False
2026-09-23 07:59:40,CAT-745-ART-002,1783,30.63,6.3,4396.8,80.4,90.2,355.3,2.38,24.87,9.01,True,False
2026-09-23 07:59:40,CAT-D6-DOZ-008,1783,31.79,6.3,4007.9,80.6,90.7,356.2,2.13,22.07,9.59,True,False
2026-09-23 07:59:40,CAT-980-WLD-005,1767,33.42,6.3,4369.6,80.5,89.6,414.0,2.45,24.64,8.83,True,False
2026-09-23 07:59:45,CAT-320-EXC-014,903,7.42,6.2,462.4,77.9,90.0,209.3,0.64,24.26,0.4,True,False
2026-09-23 07:59:45,CAT-745-ART-002,893,8.07,6.2,831.3,81.2,90.1,226.4,0.76,23.62,0.0,True,False
2026-09-23 07:59:45,CAT-D6-DOZ-008,897,7.66,6.2,745.5,78.7,88.2,219.7,0.08,25.22,0.32,True,False
2026-09-23 07:59:45,CAT-980-WLD-005,851,7.2,6.2,716.3,79.7,90.7,196.3,0.52,25.79,0.11,True,False
2026-09-23 07:59:50,CAT-320-EXC-014,914,7.43,6.1,695.9,80.4,91.1,210.8,0.02,24.99,0.0,True,False
2026-09-23 07:59:50,CAT-745-ART-002,894,6.83,6.1,606.6,80.4,89.8,197.9,0.17,24.06,0.0,True,False
2026-09-23 07:59:50,CAT-D6-DOZ-008,884,7.21,6.1,812.7,81.7,89.3,219.6,0.09,23.91,0.0,True,False
2026-09-23 07:59:50,CAT-980-WLD-005,903,9.22,6.1,720.6,78.6,89.3,221.5,0.11,23.19,0.0,True,False
2026-09-23 07:59:55,CAT-320-EXC-014,917,5.46,6.0,562.1,79.2,88.4,222.5,0.29,24.48,0.0,True,False
2026-09-23 07:59:55,CAT-745-ART-002,904,7.14,6.0,673.0,81.0,90.5,223.5,0.24,25.82,0.0,True,False
2026-09-23 07:59:55,CAT-D6-DOZ-008,905,8.12,6.0,662.6,81.3,91.7,226.8,0.19,24.79,0.0,True,False
2026-09-23 07:59:55,CAT-980-WLD-005,869,6.3,6.0,671.6,80.7,91.5,223.5,0.72,25.51,0.0,True,False
